date,protocol,symbol,avg_supply_apy,avg_borrow_apy,avg_utilization,close_supply_usd,close_borrows_usd,close_liquidity_usd,close_price
2026-06-01,bucket,BKT-AF-AFSUI-SUI,0,0,0,1.399583025688299,0,1.399583025688299,1
2026-06-01,bucket,BKT-KRIYA-FOUNTAIN-1,0,0,0,1.899796280703096,0,1.899796280703096,1
2026-06-01,bucket,BKT-PSM-BLUEFIN_STABLE_LP,0,0,0,140987.1415920014,0,140987.1415920014,1
2026-06-01,bucket,BKT-PSM-BUCKETUS,0,0,0,968549.7630827982,0,968549.7630827982,1
2026-06-01,bucket,BKT-PSM-CETABLE,0,0,0,0.2378354749719485,0,0.2378354749719485,1
2026-06-01,bucket,BKT-PSM-FDUSD,0,0,0,0.07019748078503663,0,0.07019748078503663,1
2026-06-01,bucket,BKT-PSM-STAPEARL,0,0,0,0.05955154644917122,0,0.05955154644917122,1
2026-06-01,bucket,BKT-PSM-USDC_CIRCLE,0,0,0,59502.18035804981,0,59502.18035804981,1
2026-06-01,bucket,BKT-PSM-USDC_WORMHOLE,0,0,0,1.591340941822087,0,1.591340941822087,1
2026-06-01,bucket,BKT-PSM-USDT_WORMHOLE,0,0,0,0.1210956663681381,0,0.1210956663681381,1
2026-06-01,bucket,BKT-SAVE-AFSUI_S,0,0,0,1699599.958912235,0,1699599.958912235,1
2026-06-01,bucket,BKT-SAVE-HASUI_NAVI_POND,0,0,0,1.093981284986283,0,1.093981284986283,1
2026-06-01,bucket,BKT-SAVE-HASUI_S,0,0,0,2918589.060680535,0,2918589.060680535,1
2026-06-01,bucket,BKT-SAVE-NAVI_STSUI,0,0,0,810033.137666029,0,810033.137666029,1
2026-06-01,bucket,BKT-SAVE-NAVI_VSUI,0,0,0,0.8306973941537132,0,0.8306973941537132,1
2026-06-01,bucket,BKT-SAVE-SUI_NAVI_POND,0,0,0,1183352.189561295,0,1183352.189561295,1
2026-06-01,bucket,BKT-SAVE-VSUI_S,0,0,0,1796922.733590432,0,1796922.733590432,1
2026-06-01,bucket,BKT-SCOIN-NAVI_CIRCLE_USDC,0,0,0,0.706141460877476,0,0.706141460877476,1
2026-06-01,bucket,BKT-SCOIN-NAVI_SUI_BRIDGE_USDT,0,0,0,19209.37573453508,0,19209.37573453508,1
2026-06-01,bucket,BKT-SCOIN-SCALLOP_CIRCLE_USDC,0,0,0,0.9647026400229937,0,0.9647026400229937,1
2026-06-01,bucket,BKT-SCOIN-SCALLOP_SUI_BRIDGE_USDT,0,0,0,0.3023298897162802,0,0.3023298897162802,1
2026-06-01,bucket,BKT-SCOIN-SCALLOP_USDC,0,0,0,0.5510341964353419,0,0.5510341964353419,1
2026-06-01,bucket,BKT-SCOIN-SCALLOP_USDT,0,0,0,0.1964843010542181,0,0.1964843010542181,1
2026-06-01,bucket,PSM-BUCK,0,0,0,3091114.759456979,3092617.566223,3091114.759456979,0.9995140664069058
2026-06-01,bucket,PSM-USDC,0,0,0,603898.7077842294,604141.193064,603898.7077842294,0.9995986281310486
2026-06-01,bucket,PSM-USDSUI,0,0,0,666.9699584597975,666.376081,666.9699584597975,1.000891204646641
2026-06-01,bucket,PSM-USDT,0,0,0,0,0,0,0.9978378128167407
2026-06-01,bucket,SAVING-USDB,0,0,0,10585288.807443,0,10585288.807443,1
2026-06-01,bucket,SUI,0,8,95.76459062333332,46295.95129724289,28729.377187,1270.622813000002,0.8908389759389194
2026-06-01,bucket,V1-AF_LP,0,0,0,0,0,0,0
2026-06-01,bucket,V1-BTC,0,0,1.076207006989069e-9,836.2703403297403,9e-9,836.2703403207403,73773.67451711863
2026-06-01,bucket,V1-CETUS,0,0,41.42472721967687,23.70116007507794,9.818140909,13.88301916607794,0.02370116007507794
2026-06-01,bucket,V1-COIN,0,0,0.06801840161039938,87.21233260638583,3e-9,87.21233260338583,0.9988424755694524
2026-06-01,bucket,V1-ETH,0,0,43.87963253994344,141.9692870292216,62.295601468,79.67368556122156,2008.664409437693
2026-06-01,bucket,V1-HAEDAL,0,0,100,42.98516919544982,50.493491719,0,0.02813618239292826
2026-06-01,bucket,V1-LBTC,0,0,33.02083965849781,1294.949133363293,427.603076987,867.346056376293,74050.07087146307
2026-06-01,bucket,V1-LP_TOKEN,0,0,0,0,1487.982953506,0,0
2026-06-01,bucket,V1-MSUI,0,0,52.75330657448587,90.6025477028893,47.795839754,42.8067079488893,0.9184826211739743
2026-06-01,bucket,V1-MUSD,0,0,69.67431141089705,72.45192554009924,50.480380224,21.97154531609924,0.9985445724633253
2026-06-01,bucket,V1-NAVX,0,0,82.54395902532552,64.05165230659532,52.870769635,11.18088267159531,0.009013309732388924
2026-06-01,bucket,V1-SCA,0,0,82.90714598579652,2249.549417739593,1865.037219788,384.5121979515932,0.019386955103722
2026-06-01,bucket,V1-SCALLOP_DEEP,0,0,9.562109732054164,14193.32686455634,1357.181489418,12836.14537513834,0.03589209656156592
2026-06-01,bucket,V1-SCALLOP_SB_ETH,0,0,30.46398962104002,162.5390287909032,49.515872861,113.0231559299032,2144.542681402931
2026-06-01,bucket,V1-SCALLOP_SB_USDT,0,0,66.37021541561252,529.9849364226351,351.752143974,178.2327924486351,1.12722990234969
2026-06-01,bucket,V1-SCALLOP_SCA,0,0,68.8221533662574,234.6209712716824,161.471204678,73.14976659368244,0.02596254579474891
2026-06-01,bucket,V1-SCALLOP_SUI,0,0,48.03583098345769,95917.28438172734,46074.664609529,49842.61977219834,0.9824241245750872
2026-06-01,bucket,V1-SCALLOP_USDC,0,0,52.1890724011534,13291.70151977772,6936.815729502,6354.885790275718,1.125647457846215
2026-06-01,bucket,V1-SCALLOP_WAL,0,0,47.0228693702343,5227.943902143357,2458.329231854,2769.614670289357,0.08221565405786639
2026-06-01,bucket,V1-SCALLOP_WORMHOLE_USDC,0,0,67.46258166708664,643.1849231463577,433.909154048,209.2757690983577,1.158476920574042
2026-06-01,bucket,V1-SCALLOP_WORMHOLE_USDT,0,0,52.67765197423267,2094.412109159068,1103.287121769,991.1249873900683,1.172032396914112
2026-06-01,bucket,V1-STSUI,0,0,76.94284177396587,47.18937156319764,36.308843496,10.88052806719764,0.9273960393884199
2026-06-01,bucket,V1-SUI,0,0,13.6124784356961,0,3017.794346294,0,0
2026-06-01,bucket,V1-TBTC,0,0,79.40966913218178,362.6218682521897,287.95682578,74.66504247218973,73784.76500627513
2026-06-01,bucket,V1-TLP,0,0,0,0,12494.869472018,0,0
2026-06-01,bucket,V1-USDY,0,0,73.40235209612271,860.1939781727406,631.402612568,228.7913656047406,1.132325044713121
2026-06-01,bucket,V1-WAL,0,0,75.85044230398206,66689.16010421523,50584.022907858,16105.13719635723,0.0573826074903497
2026-06-01,bucket,V1-WETH,0,0,17.67827997311965,1771.712729395861,313.208336622,1458.504392773861,2004.848207303075
2026-06-01,bucket,V1-XBTC,0,0,57.05922504042483,89.21350685351157,50.904535642,38.30897121151158,73758.82107389778
2026-06-01,bucket,V1-afSUI,0,0,51.24522878650838,7205.448721907417,3692.448682636,3513.000039271417,0.9534769309413376
2026-06-01,bucket,V1-haSUI,0,0,23.69002951840431,3823.99918684871,905.906536148,2918.09265070071,0.9681250163965996
2026-06-01,bucket,V1-sSUI,0,0,54.75922522273737,95.19496035593134,52.128022742,43.06693761393134,0.9218077671707413
2026-06-01,bucket,V1-vSUI,0,0,69.23216341098272,15577.51750106102,10784.652371709,4792.865129352022,0.9559233534565169
2026-06-01,bucket,V1PSM-AUSD,0,0,0,7.307956001,7.307956001,7.307956001,0.9999103658822942
2026-06-01,bucket,V1PSM-BLUEFIN_STABLE_LP,0,0,0,282087.505173162,282087.505173162,282087.505173162,1
2026-06-01,bucket,V1PSM-BUCKETUS,0,0,0,1937877.33561359,1937877.33561359,1937877.33561359,1
2026-06-01,bucket,V1PSM-CETABLE,0,0,0,0.238021,0.238021,0.238021,1
2026-06-01,bucket,V1PSM-COIN,0,0,0,1019.758977,1019.758977,1019.758977,0.9995986281310486
2026-06-01,bucket,V1PSM-FDUSD,0,0,0,0.070352,0.070352,0.070352,0.9978036272605842
2026-06-01,bucket,V1PSM-SCABLE,0,0,0,854.607426626,854.607426626,854.607426626,1
2026-06-01,bucket,V1PSM-STAPEARL,0,0,0,0.059598,0.059598,0.059598,1
2026-06-01,bucket,V1PSM-USDC,0,0,0,59526.072350565,59526.072350565,59526.072350565,0.9995986281310486
2026-06-01,bucket,V1PSM-USDT,0,0,0,0.057134295,0.057134295,0.057134295,0.9978378128167407
2026-06-01,bucket,WBTC,0,9,86.37248522166668,366391.1928288959,155470.473399,24529.52660099999,73507.57337379662
2026-06-01,bucket,afSUI,0,9,77.03123232,28564.6952067189,15406.246464,4593.753536,0.9534769309413376
2026-06-01,bucket,haSUI,0,9,87.80938466105556,5576158.979644073,1580568.923899,219431.076101,0.9681250163965996
2026-06-01,bucket,vSUI,0,9,90.525115747,451371.7897403261,181050.231494,18949.76850599999,0.9559233534565169
2026-06-01,navi,AUSD,1.8583,5.6704,46.81725865728887,2518.586815304533,1179.133919488168,1339.452895816365,0.999616
2026-06-01,navi,BLUE,0.9853,9.1899,15.31691784331335,31788.16828035042,4868.974179810242,26919.19410054018,0.01543787
2026-06-01,navi,BUCK,0.1492,2.6975,7.901148550033729,20410258.42477367,1612645.531244603,18797612.89352906,0.99970799
2026-06-01,navi,CETUS,0.4225,4.9136,12.28417003090473,236835.0025903451,29093.23612078157,207741.7664695636,0.02361912
2026-06-01,navi,DEEP,4.3891,12.8736,48.70507790437113,7975271.045893138,3884360.737036821,4090910.308856317,0.028611
2026-06-01,navi,FDUSD,0.527,4.8614,14.4562516684129,25732.76340983666,3719.995718194085,22012.76769164258,0.998275
2026-06-01,navi,HAEDAL,0.0212,30.0807,0.100853059333392,199248.9946904341,200.949752319224,199048.0449381149,0.0280703
2026-06-01,navi,IKA,1.1678,28.8743,13.48175625754562,246013.8874604109,33167.10090765484,212846.786552756,0.00265658
2026-06-01,navi,LBTC,0.0051,0.2861,3.575802965579827,3337983.660648169,119359.7244253321,3218623.936222837,74078.03907464
2026-06-01,navi,MBTC,0,0,0,22118364.32940139,0,22118364.32940139,73730.33161651
2026-06-01,navi,NAVX,0.0094,0.9705,1.213099844990309,2234467.300853439,27106.32415893681,2207360.976694502,0.00901537
2026-06-01,navi,NS,0.3267,11.8397,4.599296203335435,514893.3815177436,23681.51193619978,491211.8695815438,0.015357
2026-06-01,navi,SOL,0.2259,7.0823,4.557078028850321,33307.63982781647,1517.856912888908,31789.78291492756,82.64955233
2026-06-01,navi,SUI,2.7242,4.388,77.60262702536248,25778587.67484552,20004878.87117157,5773708.803673951,0.89588483
2026-06-01,navi,USDC,4.5629,6.8359,83.43701875850479,27001417.54530647,22529182.23874154,4472235.306564929,0.999684
2026-06-01,navi,USDSUI,1.3401,3.648,45.91891666203864,4459592.388041037,2047797.211604262,2411795.176436774,0.999684
2026-06-01,navi,USDY,0.0779,2.5999,3.99416707910316,2432595.73724992,97161.98009325487,2335433.757156665,1.134547
2026-06-01,navi,WAL,4.5771,12.9736,50.40038505930152,6882839.074720503,3468979.14110369,3413859.933616813,0.05733663
2026-06-01,navi,WBTC,0.05115,0.40825,34.99972716671778,36107.7443075693,2246.199143815682,33861.54516375362,73730.33161651
2026-06-01,navi,WETH,0.0009000000000000001,0.4965,9.314894378668443,196506.974614057,18304.41855851321,178202.5560555438,2009.98852542
2026-06-01,navi,XAUm,0.0131,8.0466,0.2330698205762518,1556912.317038204,3628.697787410818,1553283.619250793,4558.516
2026-06-01,navi,YBTC.B,0,0,0,543427.0240032591,0,543427.0240032591,73730.33161651
2026-06-01,navi,enzoBTC,0,0,0,32072694.25318185,0,32072694.25318185,73730.33161651
2026-06-01,navi,haSUI,0.0153,0.2804,8.419724011271176,20216532.66819123,1702177.114784769,18514355.55340646,0.89588483
2026-06-01,navi,stBTC,0.0002,0.2533,3.16572682064203,37257.145361487,1179.459494998191,36077.68586648881,73730.33161651
2026-06-01,navi,stSUI,0.0235,0.6256,4.69341673635474,14343.81938576727,673.2152891836793,13670.60409658359,0.89588483
2026-06-01,navi,suiETH,0.0549,0.8552,10.69028250662968,2886895.445020922,308617.3195552936,2578278.125465629,2009.98852542
2026-06-01,navi,suiUSDT,3.5151,6.4524,68.0966807119352,5906794.117778068,4022332.164276476,1884461.953501592,0.998568
2026-06-01,navi,suiUSDe,1.1776,3.5396,41.58601295033638,681600.7649110379,283450.683836709,398150.0810743289,0.999684
2026-06-01,navi,vSUI,0.0094,0.4401,3.301381512354711,12729651.44919449,420253.1132878093,12309398.33590668,0.89588483
2026-06-01,navi,wBTC,0.5111,1.2383,82.55163446051067,9305455.799655009,7681806.143723707,1623649.655931303,73730.33161651
2026-06-01,navi,wUSDC,1.446,19.4041,93.1523759375903,2149191.893583959,2002023.772896563,147168.1206873954,0.999684
2026-06-01,navi,wUSDT,1.4318,29.71226666666666,96.37485643451474,1238500.521339347,1193603.288819389,44897.23251995754,0.998568
2026-06-01,navi,xBTC,4.2669,7.4574,81.73967385576195,11378512.1338634,9300760.900662394,2077751.233201005,73730.33161651
2026-06-01,scallop,CETUS,0.8057319108039529,23.11852211801602,6.429254786248623,99604.37283599195,6403.818907870936,93200.55392812101,0.02360305
2026-06-01,scallop,DEEP,7.430018959931273,28.51922773318065,40.79569855187422,213355.4120489859,87039.83074361343,126315.5813053725,0.02863762
2026-06-01,scallop,SBETH,3.505918487614523,8.609190215093033,52.15230567905809,738941.2741688952,385374.9120932889,353566.3620756062,2010.82032418
2026-06-01,scallop,SCA,5.822905801776157,25.96980419812007,24.75607175266213,460481.1905035356,113997.0539285681,346484.1365749676,0.01932512
2026-06-01,scallop,SUI,3.376886676099478,8.51667224785022,50.78846959425125,4984176.482173491,2531386.957172505,2452789.525000986,0.89632434
2026-06-01,scallop,USDC,5.897433590889811,9.773017867086221,76.81145428305089,4064364.668935949,3121897.609576209,942467.0593597397,0.99968322
2026-06-01,scallop,USDSUI,6.667940709265685,10.28252341395461,82.43592921791529,513055.3245009983,422941.9241543886,90113.40034660973,0.99968322
2026-06-01,scallop,USDT,4.510975705134079,8.766749899169678,65.6262847310714,1364867.95558872,895712.1307378064,469155.8248509135,0.99857107
2026-06-01,scallop,USDY,2.788497611699792,7.280560272112191,48.91634264316157,593686.2621164271,290409.6062022498,303276.6559141772,1.13472294
2026-06-01,scallop,WAL,10.92689108954277,30.83694930876519,55.10457493232885,252683.1385671913,139239.9694331183,113443.169134073,0.05745004
2026-06-01,scallop,WBTC,0,5.126749587580526,0,143.9658914471177,0,143.9658914471177,73754.9073732
2026-06-01,scallop,WETH,0.3926673319204488,5.708053100338262,8.82418507541526,14188.9938270902,1252.063075641686,12936.93075144852,2010.82032418
2026-06-01,scallop,afSUI,0.1398106490985818,5.34721330905914,3.352353481959183,135637.9639276355,4547.064006586629,131090.8999210488,0.89632434
2026-06-01,scallop,haSUI,0.3162335187173015,5.603355699140233,7.238457363016845,68190.33865489298,4935.928589231224,63254.41006566177,0.89632434
2026-06-01,scallop,vSUI,0.9429736954986501,6.380199727815539,18.96723754740795,29271.14659522301,5551.927907565962,23719.21868765704,0.89632434
2026-06-01,scallop,wUSDC,3.387403572679082,8.024867443174077,53.94221482776608,168614.2133056895,90954.24117150274,77659.97213418671,0.99968322
2026-06-01,scallop,wUSDT,1.999348512227139,6.596961203695106,38.73190243568889,73706.43255700704,28547.9035468068,45158.52901020025,0.99857107
2026-06-01,suilend,AUSD,0.07025388242652585,4.158386005270763,2.111813403610166,1684600.045514152,35575.60955839083,1649024.435955762,0.99954559
2026-06-01,suilend,BTC,0.127498327497507,0.7984307343079516,19.96076835769879,2608105.467937207,520597.890979422,2087507.576957785,73861.78
2026-06-01,suilend,COIN,1.2915209140549,8.120574074658556,21.20574074658557,655120.4870373738,138923.1520589142,516197.3349784596,82.84262783
2026-06-01,suilend,DEEP,0.2788631067576107,27.19715550776707,1.464770338511382,9748844.775302121,142798.186616142,9606046.58868598,0.02876504000000001
2026-06-01,suilend,ETH,0.04153041257002395,1.116264991120967,4.650599644838658,5081901.514273016,236338.8937738313,4845562.620499184,2013.78518281
2026-06-01,suilend,LBTC,0,3,0,3689206.097304667,0,3689206.097304667,73861.78
2026-06-01,suilend,SEND,0.001174971666877778,50.00125327169754,0.00313317924384335,556843.5730256308,17.44690725071475,556826.1261183801,0.05649535
2026-06-01,suilend,SUI,1.958433375884008,5.244705110321537,46.67644163705761,49296105.67548716,23009667.99496101,26286437.68052615,0.89831116
2026-06-01,suilend,USDC,3.77620351945951,6.384817794914037,73.92935164233516,34222452.39403444,25300437.17101647,8922015.223017976,0.9996834
2026-06-01,suilend,USDSUI,0.2931611114060413,4.217234419979962,8.689376799198484,10571751.33852431,918619.3080786868,9653132.030445624,0.99954559
2026-06-01,suilend,USDT,3.758283539686938,6.91994161369704,67.8886425184562,2653416.70951565,1801368.584448063,852048.1250675872,0.9985727400000002
2026-06-01,suilend,WAL,2.017332721025439,24.67229210066266,11.68073025165666,3031182.111660552,354064.2058995392,2677117.905761013,0.05748622
2026-06-01,suilend,WBTC,0.06921578907968409,0.5882847485685996,14.70711871421499,4222872.697633008,621062.9007910596,3601809.796841949,73861.78
2026-06-01,suilend,WETH,13.88433844658979,279.6807683430117,99.28704450326356,1052.733077401372,1045.227559060076,7.505518341295667,2013.78518281
2026-06-01,suilend,XBTC,0.3051477546849013,1.275717324352384,31.89293310880961,4370668.109983189,1393934.256725012,2976733.853258177,73861.78
2026-06-01,suilend,sSUI,0,0,0,51965769.39786275,0,51965769.39786275,0.9175988528578923
2026-06-01,suilend,wUSDC,223.8922384556722,283.2333030118299,98.81087255403048,42958.76697761592,42447.932489035,510.834488580918,0.9996834
2026-06-01,suilend,wUSDT,0.512053193068927,9.88505551758078,51.80074023441039,20853.93849442535,10802.49450814099,10051.44398628436,0.9985727400000002
2026-06-02,alphalend,ALPHA,1.360254574372891e-13,0.000001374497167842405,0.00001099597734273924,7741780.615248707,0.8512844423773266,7741779.763964265,0.8512844423773266
2026-06-02,alphalend,BLUE,0.9906051654401509,1.880924132137626,65.83234462481691,749695.1111382295,493541.8691999234,256153.2419383061,0.01458901796244145
2026-06-02,alphalend,BTC,0.7516156514084201,1.582840960012955,59.35653600048582,254331.1802706656,150962.1785778181,103369.0016928475,71017.2589949442
2026-06-02,alphalend,BTCVC,0,20,0,3902232.258475907,0,3902232.258475907,71143.70858165
2026-06-02,alphalend,DEEP,4.942854161010217,11.82642726617788,55.72665409720333,5002529.624870105,2787742.380161487,2214787.244708618,0.0277487370727155
2026-06-02,alphalend,EBTC,3.971191873027326e-7,0.007045558772222511,0.007045558772222511,816333.139450798,57.51523111713512,816275.6242196809,73853.93776999
2026-06-02,alphalend,EEARN,0,0,0,1193362.864997827,0,1193362.864997827,1.018484520866448
2026-06-02,alphalend,EGUSDC,0.0008892393493952522,0.1380403162688805,0.805235178235136,1545718.631072812,12446.67017393286,1533271.960898879,1.058681396
2026-06-02,alphalend,ESUI,8.59720653820615e-14,0.000003278186720239969,0.00000327818672023997,4716514.310172422,0.1546161457742901,4716514.155556276,0.89810970654077
2026-06-02,alphalend,ETHIRD,0,0,0,7035114.109607191,0,7035114.109607191,1.039784739925586
2026-06-02,alphalend,IKA,0.006849892209984556,1.689414618783747,0.6757658475134987,372115.9178551284,2514.632286026343,369601.285569102,0.002514878551268662
2026-06-02,alphalend,STSUI,0.552088758190848,3.015497737604245,21.53926955431604,6471353.532294034,1393882.281133564,5077471.251160469,0.9022425626929703
2026-06-02,alphalend,SUI,4.143639490623389,7.499907134361636,64.99907134361635,13425026.4602876,8726142.526821708,4698883.933465891,0.8731807014161038
2026-06-02,alphalend,TBTC,0.3981066495089249,0.9107078857370202,54.64247314422121,3279041.944578134,1791749.613953856,1487292.330624278,71090.0015576939
2026-06-02,alphalend,USDC,9.082091411541446,12.45839178557915,85.76398630929857,33728799.9743537,28927163.39229541,4801636.582058292,0.9996479817609654
2026-06-02,alphalend,USDSUI,0.5787370225923658,3.928484093022365,19.64242046511183,9078580.916485159,1783253.035881418,7295327.88060374,1.000938670189581
2026-06-02,alphalend,USDT,5.352420910854681,9.718769812180007,64.79179874786672,6326363.01198066,4098964.390781989,2227398.621198671,0.9991384507740241
2026-06-02,alphalend,WAL,1.252261382164808,5.778722770450943,28.89361385225471,5239739.583744948,1513950.122191004,3725789.461553944,0.0567072983766067
2026-06-02,alphalend,WBTC,0.2362061655637472,1.291254289159773,21.52090481932954,5743894.325954815,1236138.030811606,4507756.29514321,71005.44478351888
2026-06-02,alphalend,XAUM,0.9017674126940868,3.210282431178357,40.12853038972946,1578710.656022226,633513.3853677763,945197.2706544497,4497.809447479722
2026-06-02,alphalend,XBTC,4.689040416861842,6.159231995713558,95.16284701008833,7587201.06341992,7220196.540330093,367004.5230898271,71208.87926640549
2026-06-02,bucket,BKT-AF-AFSUI-SUI,0,0,0,1.363919313392655,0,1.363919313392655,1
2026-06-02,bucket,BKT-KRIYA-FOUNTAIN-1,0,0,0,1.889912286427884,0,1.889912286427884,1
2026-06-02,bucket,BKT-PSM-BLUEFIN_STABLE_LP,0,0,0,140999.6909777821,0,140999.6909777821,1
2026-06-02,bucket,BKT-PSM-BUCKETUS,0,0,0,968635.9745236965,0,968635.9745236965,1
2026-06-02,bucket,BKT-PSM-CETABLE,0,0,0,0.237866257673406,0,0.237866257673406,1
2026-06-02,bucket,BKT-PSM-FDUSD,0,0,0,0.07018117502615301,0,0.07018117502615301,1
2026-06-02,bucket,BKT-PSM-STAPEARL,0,0,0,0.05955925411967704,0,0.05955925411967704,1
2026-06-02,bucket,BKT-PSM-USDC_CIRCLE,0,0,0,59507.47669789808,0,59507.47669789808,1
2026-06-02,bucket,BKT-PSM-USDC_WORMHOLE,0,0,0,1.591484276007105,0,1.591484276007105,1
2026-06-02,bucket,BKT-PSM-USDT_WORMHOLE,0,0,0,0.1211162377185756,0,0.1211162377185756,1
2026-06-02,bucket,BKT-SAVE-AFSUI_S,0,0,0,1648573.286815546,0,1648573.286815546,1
2026-06-02,bucket,BKT-SAVE-HASUI_NAVI_POND,0,0,0,1.059878071651924,0,1.059878071651924,1
2026-06-02,bucket,BKT-SAVE-HASUI_S,0,0,0,2827606.45728713,0,2827606.45728713,1
2026-06-02,bucket,BKT-SAVE-NAVI_STSUI,0,0,0,788062.8587501724,0,788062.8587501724,1
2026-06-02,bucket,BKT-SAVE-NAVI_VSUI,0,0,0,0.8053822563478263,0,0.8053822563478263,1
2026-06-02,bucket,BKT-SAVE-SUI_NAVI_POND,0,0,0,1158593.166262307,0,1158593.166262307,1
2026-06-02,bucket,BKT-SAVE-VSUI_S,0,0,0,1742162.303441598,0,1742162.303441598,1
2026-06-02,bucket,BKT-SCOIN-NAVI_CIRCLE_USDC,0,0,0,0.7062043151314757,0,0.7062043151314757,1
2026-06-02,bucket,BKT-SCOIN-NAVI_SUI_BRIDGE_USDT,0,0,0,19234.08962973608,0,19234.08962973608,1
2026-06-02,bucket,BKT-SCOIN-SCALLOP_CIRCLE_USDC,0,0,0,0.9647885090281856,0,0.9647885090281856,1
2026-06-02,bucket,BKT-SCOIN-SCALLOP_SUI_BRIDGE_USDT,0,0,0,0.3027188533824522,0,0.3027188533824522,1
2026-06-02,bucket,BKT-SCOIN-SCALLOP_USDC,0,0,0,0.5510838288147945,0,0.5510838288147945,1
2026-06-02,bucket,BKT-SCOIN-SCALLOP_USDT,0,0,0,0.1965176791884956,0,0.1965176791884956,1
2026-06-02,bucket,PSM-BUCK,0,0,0,2108246.319383516,2110372.621113,2108246.319383516,0.9989924519925002
2026-06-02,bucket,PSM-USDC,0,0,0,404219.699971819,404346.01635,404219.699971819,0.9996876032579195
2026-06-02,bucket,PSM-USDSUI,0,0,0,50694.89250088599,50647.351342,50694.89250088599,1.000938670189581
2026-06-02,bucket,PSM-USDT,0,0,0,0,0,0,0.9991215848390256
2026-06-02,bucket,SAVING-USDB,0,0,0,9426138.482511,0,9426138.482511,1
2026-06-02,bucket,SUI,0,8,90.88793703666667,43110.00756926708,27266.381111,2733.618889000001,0.872200143682991
2026-06-02,bucket,V1-AF_LP,0,0,0,0,0,0,0
2026-06-02,bucket,V1-BTC,0,0,1.117978172774962e-9,805.0246614082694,9e-9,805.0246613992693,71017.2589949442
2026-06-02,bucket,V1-CETUS,0,0,42.49236590949669,23.10565839028918,9.818140909,13.28751748128918,0.02310565839028918
2026-06-02,bucket,V1-COIN,0,0,0.06801227565456916,87.22714796279226,3e-9,87.22714795979226,0.9990121557835597
2026-06-02,bucket,V1-ETH,0,0,44.11838842559552,141.2009905417553,62.295601468,78.90538907375532,1997.794101904545
2026-06-02,bucket,V1-HAEDAL,0,0,100,41.6219074337619,50.493491719,0,0.02724385179858419
2026-06-02,bucket,V1-LBTC,0,0,34.25456252978783,1248.309846652269,427.603076987,820.7067696652688,71383.06071842648
2026-06-02,bucket,V1-LP_TOKEN,0,0,0,0,1487.982953506,0,0
2026-06-02,bucket,V1-MSUI,0,0,53.60614506487806,89.16112079343515,47.795839754,41.36528103943515,0.9038701671139884
2026-06-02,bucket,V1-MUSD,0,0,69.73437276203832,72.38952359442499,50.480380224,21.90914337042499,0.9976845383966021
2026-06-02,bucket,V1-NAVX,0,0,81.3611303027496,64.98283570823651,52.870769635,12.11206607323651,0.009144345296881105
2026-06-02,bucket,V1-SCA,0,0,82.58061024363685,2258.444463277272,1865.037219788,393.4072434892717,0.01946361394354327
2026-06-02,bucket,V1-SCALLOP_DEEP,0,0,9.762891630409184,13901.42942067173,1357.181489418,12544.24793125373,0.0351539460671851
2026-06-02,bucket,V1-SCALLOP_SB_ETH,0,0,30.56898235599508,161.9807695406947,49.515872861,112.4648966796947,2137.176999460163
2026-06-02,bucket,V1-SCALLOP_SB_USDT,0,0,66.35656941480468,530.093926006249,351.752143974,178.3417820322491,1.127461713311193
2026-06-02,bucket,V1-SCALLOP_SCA,0,0,68.90198521725503,234.3491325668842,161.471204678,72.87792788888424,0.0259324648314665
2026-06-02,bucket,V1-SCALLOP_SUI,0,0,48.93150080940325,94161.56023702986,46074.664609529,48086.89562750086,0.9644412785534544
2026-06-02,bucket,V1-SCALLOP_USDC,0,0,52.18538198560324,13292.64147461009,6936.815729502,6355.825745108091,1.125727060729711
2026-06-02,bucket,V1-SCALLOP_WAL,0,0,46.54101751241272,5282.070232345804,2458.329231854,2823.741000491804,0.0830668551653461
2026-06-02,bucket,V1-SCALLOP_WORMHOLE_USDC,0,0,67.46233248217531,643.1872988717757,433.909154048,209.2781448237757,1.158481199628117
2026-06-02,bucket,V1-SCALLOP_WORMHOLE_USDT,0,0,52.67095662964712,2094.678343373752,1103.287121769,991.3912216047524,1.172181381501917
2026-06-02,bucket,V1-STSUI,0,0,79.08791900426908,45.909468795152,36.308843496,9.600625299152,0.9022425626929703
2026-06-02,bucket,V1-SUI,0,0,13.90337577616087,0,3017.794346294,0,0
2026-06-02,bucket,V1-TBTC,0,0,82.5865762810908,348.6726762953741,287.95682578,60.71585051537414,70946.44238794572
2026-06-02,bucket,V1-TLP,0,0,0,0,12494.869472018,0,0
2026-06-02,bucket,V1-USDY,0,0,73.76229449111923,855.9964368299567,631.402612568,224.5938242619567,1.126799568705082
2026-06-02,bucket,V1-WAL,0,0,76.27008273429739,66322.2342161053,50584.022907858,15738.21130824729,0.05706688655185598
2026-06-02,bucket,V1-WETH,0,0,17.79131062087507,1760.456794310046,313.208336622,1447.248457688046,1992.111130403475
2026-06-02,bucket,V1-XBTC,0,0,59.10247729958981,86.12927573909543,50.904535642,35.22474009709543,71208.87926640549
2026-06-02,bucket,V1-afSUI,0,0,52.83137209401034,6989.12130479122,3692.448682636,3296.67262215522,0.9248509272445384
2026-06-02,bucket,V1-haSUI,0,0,24.45229279393769,3704.791791028268,905.906536148,2798.885254880268,0.9379451820414656
2026-06-02,bucket,V1-sSUI,0,0,56.05009151122849,93.00256491384536,52.128022742,40.87454217184536,0.900577996816636
2026-06-02,bucket,V1-vSUI,0,0,71.40829995178055,15102.79950508763,10784.652371709,4318.147133378625,0.9267920096062444
2026-06-02,bucket,V1PSM-AUSD,0,0,0,7.307956001,7.307956001,7.307956001,0.9991576533120528
2026-06-02,bucket,V1PSM-BLUEFIN_STABLE_LP,0,0,0,282087.505173162,282087.505173162,282087.505173162,1
2026-06-02,bucket,V1PSM-BUCKETUS,0,0,0,1937877.33561359,1937877.33561359,1937877.33561359,1
2026-06-02,bucket,V1PSM-CETABLE,0,0,0,0.238021,0.238021,0.238021,1
2026-06-02,bucket,V1PSM-COIN,0,0,0,1019.758977,1019.758977,1019.758977,0.9996876032579195
2026-06-02,bucket,V1PSM-FDUSD,0,0,0,0.070352,0.070352,0.070352,0.9975718533396777
2026-06-02,bucket,V1PSM-SCABLE,0,0,0,854.607426626,854.607426626,854.607426626,1
2026-06-02,bucket,V1PSM-STAPEARL,0,0,0,0.059598,0.059598,0.059598,1
2026-06-02,bucket,V1PSM-USDC,0,0,0,59526.072350565,59526.072350565,59526.072350565,0.9996876032579195
2026-06-02,bucket,V1PSM-USDT,0,0,0,0.057134295,0.057134295,0.057134295,0.9991215848390256
2026-06-02,bucket,WBTC,0,9,85.62119572555555,354407.3214155409,154118.152306,25881.847694,70972.59778285283
2026-06-02,bucket,afSUI,0,9,77.03123232,27707.10437882316,15406.246464,4593.753536,0.9248509272445384
2026-06-02,bucket,haSUI,0,9,87.83187613116667,5453950.19800163,1580973.770361,219026.229639,0.9379451820414656
2026-06-02,bucket,vSUI,0,9,90.6176530055,437616.4329288279,181235.306011,18764.69398899999,0.9267920096062444
2026-06-02,navi,AUSD,1.8556,5.669,46.76137464740071,2519.114832736333,1177.974027232463,1341.14080550387,0.999752
2026-06-02,navi,BLUE,1.0346,9.4171,15.69579904095492,29372.26668363651,4610.225361278545,24762.04132235796,0.01461367
2026-06-02,navi,BUCK,0.1509,2.6997,7.986355401109694,20400910.29858743,1629290.684229982,18771619.61435745,0.9992442
2026-06-02,navi,CETUS,0.4167,4.88,12.20016728542037,234441.4300864019,28602.29155352626,205839.1385328756,0.02312326
2026-06-02,navi,DEEP,4.202233333333333,12.773,46.99930307498713,7217199.793562338,3392041.944840911,3825157.848721426,0.027748
2026-06-02,navi,FDUSD,0.527,4.8614,14.45790809935412,25727.92913600289,3719.726017455872,22008.20311854702,0.998068
2026-06-02,navi,HAEDAL,0.0212,30.0807,0.1009218805220168,193454.5957853474,195.2401654166343,193259.3556199308,0.02725
2026-06-02,navi,IKA,1.192366666666667,29.11286666666667,13.65209195482149,232248.7358887485,31707.1014289255,200541.634459823,0.00251738
2026-06-02,navi,LBTC,0.0051,0.2858,3.572465220285865,3222441.389330229,115120.6094998342,3107320.779830395,71473.92164338
2026-06-02,navi,MBTC,0,0,0,21349780.04073719,0,21349780.04073719,71168.29883531
2026-06-02,navi,NAVX,0.0094,0.9715000000000001,1.214367071568514,2263763.77884524,27490.4115736677,2236273.367271572,0.009136
2026-06-02,navi,NS,0.3355,11.8822,4.705480864622246,483834.4229086552,22766.83062861556,461067.5922800397,0.014759
2026-06-02,navi,SOL,0.2271,7.0874,4.578628934137266,32445.52767277355,1485.563998490436,30959.96367428312,80.87526042
2026-06-02,navi,SUI,2.7175,4.387133333333334,77.42793250167732,25197437.24667541,19515051.04834105,5682386.198334362,0.87266985
2026-06-02,navi,USDC,4.864566666666667,6.940333333333334,87.61399563647012,25730331.18287832,22540128.01731231,3190203.165566016,0.99979
2026-06-02,navi,USDSUI,1.3317,3.6425,45.69929383449618,4485920.656750143,2050035.547585243,2435885.109164899,0.99979
2026-06-02,navi,USDY,0.0778,2.5998,3.9917916894283,2432739.151506631,97109.96807503115,2335629.1834316,1.134285
2026-06-02,navi,WAL,4.6136,12.9929,50.72700869926681,6869834.655873193,3484869.796888673,3384964.858984521,0.05667798
2026-06-02,navi,WBTC,0.05229999999999999,0.41005,35.35226510609344,34852.96066567347,2168.176593259324,32684.78407241415,71168.29883531
2026-06-02,navi,WETH,0.0009000000000000001,0.4965,9.31515411771752,195141.2919128,18177.71508735281,176963.5768254472,1996.04785815
2026-06-02,navi,XAUm,0.0131,8.0464,0.2318022286388997,1544419.646408185,3580.009688617964,1540839.636719567,4502.0090225
2026-06-02,navi,YBTC.B,0,0,0,4554.768990410875,0,4554.768990410875,71168.29883531
2026-06-02,navi,enzoBTC,0,0,0,30958209.99335985,0,30958209.99335985,71168.29883531
2026-06-02,navi,haSUI,0.0154,0.2808,8.431962043659405,19682802.57057225,1659646.59820557,18023155.97236668,0.87266985
2026-06-02,navi,stBTC,0.0002,0.2533,3.16574863018436,35962.51149210239,1138.482816740582,34824.02867536181,71168.29883531
2026-06-02,navi,stSUI,0.0221,0.6065,4.549975691813508,13972.14312173694,635.7292504948709,13336.41387124206,0.87266985
2026-06-02,navi,suiETH,0.056,0.8644,10.80530309589465,2834992.376828422,306329.6055895581,2528662.771238863,1996.04785815
2026-06-02,navi,suiUSDT,3.5843,6.4788,69.15389425672585,5824900.303458421,4028148.34563574,1796751.957822682,0.998727
2026-06-02,navi,suiUSDe,1.1706,3.5349,41.39528050524856,681701.018009025,282192.2627794089,399508.7552296161,0.99979
2026-06-02,navi,vSUI,0.0092,0.4334,3.251519631537798,12509596.59200085,406750.9190946864,12102845.67290617,0.87266985
2026-06-02,navi,wBTC,28.61343333333333,57.58786666666666,99.37307305112154,7473344.029892703,7425966.339847813,47377.69004488953,71168.29883531
2026-06-02,navi,wUSDC,1.4465,19.41,93.15574243139463,2150483.024331253,2003299.402174047,147183.6221572064,0.99979
2026-06-02,navi,wUSDT,1.3789,28.7979,95.76592253177643,1239619.809468798,1187133.876726755,52485.93274204333,0.998727
2026-06-02,navi,xBTC,6.639766666666667,11.464,82.74104836335847,10857250.62686275,8983343.746609075,1873906.880253679,71168.29883531
2026-06-02,scallop,CETUS,0.9153143079619896,23.24686781420211,7.263297202397307,85210.96703554211,6189.125784828221,79021.8412507139,0.02311991
2026-06-02,scallop,DEEP,7.420339178936364,28.51235884260777,40.75308679789234,206765.1827130952,84263.19437888837,122501.9883342068,0.02771801
2026-06-02,scallop,SBETH,3.449194049078819,8.568689155055619,51.55546988011064,733842.7976518408,378336.102510756,355506.6951410848,1995.23781662
2026-06-02,scallop,SCA,5.780125623486132,25.94522883834822,24.59998956262975,466303.7513338319,114710.6741582736,351593.0771755583,0.01949499
2026-06-02,scallop,SUI,3.33374422115118,8.485415675279429,50.32750325984448,4889253.043912943,2460638.985057333,2428614.058855611,0.87148924
2026-06-02,scallop,USDC,5.97213245635666,9.823781834840272,77.37307495204303,4020360.237185152,3110676.339659402,909683.8975257495,0.99978009
2026-06-02,scallop,USDSUI,6.63875572204673,10.26376445882475,82.22937373737128,511244.881033664,420393.4639383507,90851.41709531324,0.99978009
2026-06-02,scallop,USDT,5.073987548183823,9.191197232154046,70.35682577489646,1272664.484808517,895406.3342757123,377258.1505328051,0.99873049
2026-06-02,scallop,USDY,2.789187758488043,7.28122796833397,48.92395160295019,593788.1525951512,290504.6283997038,303283.5241954474,1.13483139
2026-06-02,scallop,WBTC,0,5.126749587580526,0,138.7143593118143,0,138.7143593118143,71064.50437348
2026-06-02,scallop,WETH,0.392727210002719,5.708133188557074,8.82540759244693,14079.19207405171,1242.546086258546,12836.64598779317,1995.23781662
2026-06-02,scallop,afSUI,0.1396514723376097,5.34697169714804,3.348686872509901,132043.1447634272,4421.71145474213,127621.433308685,0.87148924
2026-06-02,scallop,haSUI,0.316282183940797,5.603422916094547,7.239485013061721,66301.51871974618,4799.888511148337,61501.63020859785,0.87148924
2026-06-02,scallop,vSUI,0.9431371813363176,6.380380912842654,18.96998817070486,28460.84829729517,5399.01955527915,23061.82874201602,0.87148924
2026-06-02,scallop,wUSDC,3.38774330504068,8.025176162391201,53.94553852630265,168646.0868637923,90977.03976220892,77669.0471015834,0.99978009
2026-06-02,scallop,wUSDT,1.999723998456204,6.597397557947748,38.7366228013147,73722.23398635774,28557.50369999802,45164.73028635971,0.99873049
2026-06-02,suilend,AUSD,0.0699913597907411,4.15781579335174,2.104210578023196,1683958.775097572,35434.03867515296,1648524.736422419,0.99975592
2026-06-02,suilend,BTC,0.1713776571393428,0.9256826052685196,23.14206513171299,2483141.920250172,574650.3204971636,1908491.599753009,71090.65139348
2026-06-02,suilend,COIN,1.316478043892822,8.152964252276318,21.52964252276318,630250.9726917482,135690.7814167711,494560.191274977,80.9
2026-06-02,suilend,DEEP,0.280307428115376,27.20768089990039,1.471787266600262,9384417.635771386,138118.6638078727,9246298.971963514,0.02780215
2026-06-02,suilend,ETH,0.04156661449301839,1.116356771919221,4.654270876768836,5035735.520409301,234376.7717575137,4801358.748651788,1997.00614847
2026-06-02,suilend,LBTC,0,3,0,3592697.366204477,0,3592697.366204477,71090.65139348
2026-06-02,suilend,SEND,0.00117656298285294,50.0012549690161,0.003137422540246272,546070.7568620134,17.13254701148222,546053.6243150019,0.05540245
2026-06-02,suilend,SUI,1.96823882812458,5.249737850003997,46.86516937514988,48039156.31555483,22513631.97367778,25525524.34187704,0.87304493
2026-06-02,suilend,USDC,3.708377516386756,6.353519857163946,72.95911557208234,34298398.8730517,25023808.47316358,9274590.399888124,0.9997847
2026-06-02,suilend,USDSUI,0.2942343315176253,4.217990596461711,8.719623858468465,10538210.72433003,918892.3365743639,9619318.387755668,0.99975592
2026-06-02,suilend,USDT,3.469858664152754,6.759743071673947,64.16402641641926,2696352.132261747,1730088.094424112,966264.0378376356,0.99873344
2026-06-02,suilend,WAL,1.831712100601997,24.30626656020161,10.76566640050402,2919775.509176767,314333.2909615883,2605442.218215179,0.0564975
2026-06-02,suilend,WBTC,0.06313969265237666,0.5618705039970361,14.0467625999259,3867462.630076054,543253.2942876338,3324209.335788421,71090.65139348
2026-06-02,suilend,WETH,13.89262912426018,279.8327434431106,99.29237696291618,1051.828631307865,1044.385649602087,7.442981705778083,1997.00614847
2026-06-02,suilend,XBTC,0.3414997826621646,1.349567402613968,33.73918506534919,4038658.397781929,1362610.430984912,2676047.966797018,71090.65139348
2026-06-02,suilend,sSUI,0,0,0,51319733.69774521,0,51319733.69774521,0.9045687530248147
2026-06-02,suilend,wUSDC,222.478552682698,281.7457493786599,98.70537229635887,43298.92809207931,42738.36817361959,560.559918459715,0.9997847
2026-06-02,suilend,wUSDT,0.5105177070840905,9.876687286136166,51.68916381514889,20851.45479313062,10777.942625863,10073.51216726762,0.99873344
2026-06-03,alphalend,ALPHA,1.360254574372891e-13,0.000001374497167842405,0.00001099597734273924,7288606.953512107,0.8014535692095083,7288606.152058538,0.8014535692095083
2026-06-03,alphalend,BLUE,0.9926998531227231,1.882911739380112,65.90191087830392,672077.3764356918,442911.8336518928,229165.542783799,0.01309165695480966
2026-06-03,alphalend,BTCVC,0,20,0,3657959.767493523,0,3657959.767493523,66690.24457391
2026-06-03,alphalend,DEEP,5.91062569282302,13.78702516450634,57.16123792524854,4136712.68411397,2364596.179650321,1772116.504463649,0.02352922464493123
2026-06-03,alphalend,EBTC,3.971191873027326e-7,0.007045558772222511,0.007045558772222511,766418.0332797461,53.99843297563639,766364.0348467705,69338.101076873
2026-06-03,alphalend,EEARN,0,0,0,1203850.482904982,0,1203850.482904982,1.026744038811935
2026-06-03,alphalend,EGUSDC,0.001018530930977606,0.1477351102705886,0.8617881432451004,1445508.24606268,12457.21867419839,1433051.027388482,1.059578624
2026-06-03,alphalend,ESUI,8.520458660598747e-14,0.000003263521614107747,0.000003263521614107747,4425080.934444637,0.1444134727373618,4425080.790031164,0.8388460401155085
2026-06-03,alphalend,ETHIRD,0,0,0,6857149.158459365,0,6857149.158459365,1.044140532265111
2026-06-03,alphalend,IKA,0.006832557651736464,1.687275621099547,0.6749102484398185,357406.2036766256,2412.171097173237,354994.0325794523,0.002412173652438758
2026-06-03,alphalend,STSUI,0.5490409989661517,3.007162818715679,21.4797344193977,6056181.91681219,1300851.791686848,4755330.125125342,0.8431382580264501
2026-06-03,alphalend,SUI,4.202437099467351,7.549144378172558,65.49144378172558,12309944.22093743,8061960.199017016,4247984.021920417,0.8145328288566706
2026-06-03,alphalend,TBTC,0.3981812004593835,0.9107931530395448,54.64758918237268,3089775.861583256,1688488.019494134,1401287.842089122,66991.26294400635
2026-06-03,alphalend,USDC,8.566836022650914,11.88419724786673,84.80699541311122,34179430.95563854,28986548.4427759,5192882.512862642,0.9997631055767116
2026-06-03,alphalend,USDSUI,0.5827175453067195,3.941970895568931,19.70985447784465,9031998.59676658,1780193.779863664,7251804.816902916,0.9991143321912281
2026-06-03,alphalend,USDT,4.893885974423233,9.29315305298973,61.9543536865982,6378351.725431466,3951666.587349049,2426685.138082417,0.9976365274405179
2026-06-03,alphalend,WAL,1.465640691493577,6.251699910677259,31.2584995533863,4215743.137594117,1317778.04983677,2897965.087757346,0.04935117154056145
2026-06-03,alphalend,WBTC,0.2366058442732276,1.292346277416465,21.53910462360775,5393956.381568105,1161809.908377721,4232146.473190384,66733.69325135912
2026-06-03,alphalend,XAUM,0.8857811320621798,3.18169969322271,39.77124616528387,1568932.054209777,623983.8294458153,944948.2247639616,4486.956313768616
2026-06-03,alphalend,XBTC,33.37617353333803,42.98349976432344,97.0610051424909,6984268.900832309,6779001.59700224,205267.3038300695,66921.28312847324
2026-06-03,bucket,BKT-AF-AFSUI-SUI,0,0,0,1.276320191954916,0,1.276320191954916,1
2026-06-03,bucket,BKT-KRIYA-FOUNTAIN-1,0,0,0,1.844266935107543,0,1.844266935107543,1
2026-06-03,bucket,BKT-PSM-BLUEFIN_STABLE_LP,0,0,0,141010.6874295922,0,141010.6874295922,1
2026-06-03,bucket,BKT-PSM-BUCKETUS,0,0,0,968711.517659582,0,968711.517659582,1
2026-06-03,bucket,BKT-PSM-CETABLE,0,0,0,0.2378704199029976,0,0.2378704199029976,1
2026-06-03,bucket,BKT-PSM-FDUSD,0,0,0,0.07018130880601825,0,0.07018130880601825,1
2026-06-03,bucket,BKT-PSM-STAPEARL,0,0,0,0.05956029629897719,0,0.05956029629897719,1
2026-06-03,bucket,BKT-PSM-USDC_CIRCLE,0,0,0,59512.11763785553,0,59512.11763785553,1
2026-06-03,bucket,BKT-PSM-USDC_WORMHOLE,0,0,0,1.59149186454354,0,1.59149186454354,1
2026-06-03,bucket,BKT-PSM-USDT_WORMHOLE,0,0,0,0.1211110256381875,0,0.1211110256381875,1
2026-06-03,bucket,BKT-SAVE-AFSUI_S,0,0,0,1546102.74430541,0,1546102.74430541,1
2026-06-03,bucket,BKT-SAVE-HASUI_NAVI_POND,0,0,0,0.9954745833251629,0,0.9954745833251629,1
2026-06-03,bucket,BKT-SAVE-HASUI_S,0,0,0,2655786.958105745,0,2655786.958105745,1
2026-06-03,bucket,BKT-SAVE-NAVI_STSUI,0,0,0,736438.2632966887,0,736438.2632966887,1
2026-06-03,bucket,BKT-SAVE-NAVI_VSUI,0,0,0,0.7534235391716425,0,0.7534235391716425,1
2026-06-03,bucket,BKT-SAVE-SUI_NAVI_POND,0,0,0,1081796.917873699,0,1081796.917873699,1
2026-06-03,bucket,BKT-SAVE-VSUI_S,0,0,0,1629767.825308922,0,1629767.825308922,1
2026-06-03,bucket,BKT-SCOIN-NAVI_CIRCLE_USDC,0,0,0,0.7062593914345907,0,0.7062593914345907,1
2026-06-03,bucket,BKT-SCOIN-NAVI_SUI_BRIDGE_USDT,0,0,0,19227.07695001533,0,19227.07695001533,1
2026-06-03,bucket,BKT-SCOIN-SCALLOP_CIRCLE_USDC,0,0,0,0.9648637521033502,0,0.9648637521033502,1
2026-06-03,bucket,BKT-SCOIN-SCALLOP_SUI_BRIDGE_USDT,0,0,0,0.302608483180115,0,0.302608483180115,1
2026-06-03,bucket,BKT-SCOIN-SCALLOP_USDC,0,0,0,0.551086456500017,0,0.551086456500017,1
2026-06-03,bucket,BKT-SCOIN-SCALLOP_USDT,0,0,0,0.1965092223047539,0,0.1965092223047539,1
2026-06-03,bucket,PSM-BUCK,0,0,0,2124831.561022389,2127659.511338,2124831.561022389,0.9986708633122258
2026-06-03,bucket,PSM-USDC,0,0,0,412319.3859951385,412416.069484,412319.3859951385,0.9997655680852047
2026-06-03,bucket,PSM-USDSUI,0,0,0,50602.49461331683,50647.351342,50602.49461331683,0.9991143321912281
2026-06-03,bucket,PSM-USDT,0,0,0,0,0,0,0.9987573087120319
2026-06-03,bucket,SAVING-USDB,0,0,0,9068464.881209,0,9068464.881209,1
2026-06-03,bucket,SUI,0,8,90.40940574333334,40434.32299912084,27122.821723,2877.178276999999,0.8143871849764027
2026-06-03,bucket,V1-AF_LP,0,0,0,0,0,0,0
2026-06-03,bucket,V1-BTC,0,0,1.191624859788064e-9,755.2712521959879,9e-9,755.2712521869879,66628.13786947586
2026-06-03,bucket,V1-CETUS,0,0,45.63994010665975,21.5121686970999,9.818140909,11.6940277880999,0.0215121686970999
2026-06-03,bucket,V1-COIN,0,0,0.06801195135916271,87.22339425547959,3e-9,87.2233942524796,0.998969164589623
2026-06-03,bucket,V1-ETH,0,0,47.22123610120898,131.922852113575,62.295601468,69.62725064557497,1866.521579258953
2026-06-03,bucket,V1-HAEDAL,0,0,100,40.56675539266726,50.493491719,0,0.02655319614138483
2026-06-03,bucket,V1-LBTC,0,0,36.37202836848042,1175.637148016622,427.603076987,748.0340710296224,67227.3619764896
2026-06-03,bucket,V1-LP_TOKEN,0,0,0,0,1487.982953506,0,0
2026-06-03,bucket,V1-MSUI,0,0,57.63937423799143,82.92220445810577,47.795839754,35.12636470410577,0.8406232013912385
2026-06-03,bucket,V1-MUSD,0,0,69.66171965521453,72.4650216415111,50.480380224,21.9846414175111,0.9987250651263948
2026-06-03,bucket,V1-NAVX,0,0,82.97446599735085,63.71932497485192,52.870769635,10.84855533985192,0.008966544831474212
2026-06-03,bucket,V1-SCA,0,0,88.50961939557529,2107.157654189659,1865.037219788,242.1204344016594,0.01815980147672756
2026-06-03,bucket,V1-SCALLOP_DEEP,0,0,11.64742515615699,11652.20184909774,1357.181489418,10295.02035967974,0.02946609754807095
2026-06-03,bucket,V1-SCALLOP_SB_ETH,0,0,32.91518411801558,150.4347436838377,49.515872861,100.9188708228377,1984.8385399849
2026-06-03,bucket,V1-SCALLOP_SB_USDT,0,0,66.34778864513615,530.1640810598235,351.752143974,178.4119370858235,1.127610926748699
2026-06-03,bucket,V1-SCALLOP_SCA,0,0,73.1299046955142,220.8005129369527,161.471204678,59.32930825895266,0.02443320985996435
2026-06-03,bucket,V1-SCALLOP_SUI,0,0,52.55897664179174,87662.78864891976,46074.664609529,41588.12403939076,0.8978781973588955
2026-06-03,bucket,V1-SCALLOP_USDC,0,0,52.17237436430396,13295.95559723678,6936.815729502,6359.13986773478,1.126007727106711
2026-06-03,bucket,V1-SCALLOP_WAL,0,0,54.35600919336312,4522.64481579005,2458.329231854,2064.31558393605,0.07112398460303937
2026-06-03,bucket,V1-SCALLOP_WORMHOLE_USDC,0,0,67.45046231577507,643.3004892043845,433.909154048,209.3913351563845,1.158685073169366
2026-06-03,bucket,V1-SCALLOP_WORMHOLE_USDT,0,0,52.66810874375718,2094.791607454054,1103.287121769,991.5044856850536,1.172244764047758
2026-06-03,bucket,V1-STSUI,0,0,84.63201146570113,42.90202119409027,36.308843496,6.593177698090265,0.8431382580264501
2026-06-03,bucket,V1-SUI,0,0,14.82782915654498,0,3017.794346294,0,0
2026-06-03,bucket,V1-TBTC,0,0,87.71113784490922,328.3013227911432,287.95682578,40.34449701114323,66801.36548341636
2026-06-03,bucket,V1-TLP,0,0,0,0,12494.869472018,0,0
2026-06-03,bucket,V1-USDY,0,0,73.19779783784804,862.5978256432239,631.402612568,231.1952130752239,1.135489373647718
2026-06-03,bucket,V1-WAL,0,0,89.02370911351983,56820.84403308234,50584.022907858,6236.821125224335,0.04889142681247614
2026-06-03,bucket,V1-WETH,0,0,19.05255758321043,1643.917543637326,313.208336622,1330.709207015326,1860.236756011349
2026-06-03,bucket,V1-XBTC,0,0,62.8891284450179,80.94329958238222,50.904535642,30.03876394038222,66921.28312847324
2026-06-03,bucket,V1-afSUI,0,0,56.33285954687699,6554.697759596875,3692.448682636,2862.249076960875,0.8673648712628771
2026-06-03,bucket,V1-haSUI,0,0,26.03426483008611,3479.670127274355,905.906536148,2573.763591126355,0.8809509454415901
2026-06-03,bucket,V1-sSUI,0,0,60.21995424994241,86.5627073139961,52.128022742,34.4346845719961,0.8382184902543256
2026-06-03,bucket,V1-vSUI,0,0,76.33286557566055,14128.45212920683,10784.652371709,3343.799757497831,0.8670006204506818
2026-06-03,bucket,V1PSM-AUSD,0,0,0,7.307956001,7.307956001,7.307956001,0.9991802301371612
2026-06-03,bucket,V1PSM-BLUEFIN_STABLE_LP,0,0,0,282087.505173162,282087.505173162,282087.505173162,1
2026-06-03,bucket,V1PSM-BUCKETUS,0,0,0,1937877.33561359,1937877.33561359,1937877.33561359,1
2026-06-03,bucket,V1PSM-CETABLE,0,0,0,0.238021,0.238021,0.238021,1
2026-06-03,bucket,V1PSM-COIN,0,0,0,1019.758977,1019.758977,1019.758977,0.9997655680852047
2026-06-03,bucket,V1PSM-FDUSD,0,0,0,0.070352,0.070352,0.070352,0.9975737549183855
2026-06-03,bucket,V1PSM-SCABLE,0,0,0,854.607426626,854.607426626,854.607426626,1
2026-06-03,bucket,V1PSM-STAPEARL,0,0,0,0.059598,0.059598,0.059598,1
2026-06-03,bucket,V1PSM-USDC,0,0,0,59526.072350565,59526.072350565,59526.072350565,0.9997655680852047
2026-06-03,bucket,V1PSM-USDT,0,0,0,0.057134295,0.057134295,0.057134295,0.9987573087120319
2026-06-03,bucket,WBTC,0,9,84.9225353638889,334350.2732541469,152860.563655,27139.43634499999,66675.43213150738
2026-06-03,bucket,afSUI,0,9,76.918313195,25984.9109890666,15383.662639,4616.337361,0.8673648712628771
2026-06-03,bucket,haSUI,0,9,87.82203434927779,5170253.259527985,1580796.618287,219203.3817129999,0.8809509454415901
2026-06-03,bucket,vSUI,0,9,90.634789079,409371.2399099997,181269.578158,18730.42184200001,0.8670006204506818
2026-06-03,navi,AUSD,1.7528,5.6149,44.59735035012692,2519.320099268618,1123.551167461052,1395.768931807566,0.999763
2026-06-03,navi,BLUE,1.0456,9.4671,15.77876370986315,26162.70896411206,4128.162913670546,22034.54605044151,0.01308226
2026-06-03,navi,BUCK,0.1503,2.6989,7.956840431545757,20398736.78115967,1623096.269685899,18775640.51147377,0.99913191
2026-06-03,navi,CETUS,0.4208,4.9034,12.2584329105134,217016.0525883136,26602.80442374572,190413.248164568,0.02150394
2026-06-03,navi,DEEP,4.061966666666667,12.6965,45.70371996262454,6298606.018700046,2877418.895105844,3421187.123594202,0.023532
2026-06-03,navi,FDUSD,0.5179,4.8556,14.22239863592065,25723.82857363653,3658.550485416181,22065.27808822034,0.99789
2026-06-03,navi,HAEDAL,0.0213,30.0808,0.1010023920979283,188710.9693766982,190.6044637759997,188520.3649129222,0.02658127
2026-06-03,navi,IKA,1.1944,29.1325,13.66621730498048,222857.2312584227,30456.41696981659,192400.8142886061,0.00241617
2026-06-03,navi,LBTC,0.0052,0.2892,3.614538919628665,3031153.342845398,109562.2273858666,2921591.115459531,67235.89345167
2026-06-03,navi,MBTC,0,0,0,20078976.54312759,0,20078976.54312759,66932.14638286
2026-06-03,navi,NAVX,0.0091,0.9537999999999999,1.192302555249556,2193646.619350784,26154.91299681143,2167491.706353973,0.00896701
2026-06-03,navi,NS,0.3267,11.8395,4.598749406511523,425366.6775613091,19561.48765693275,405805.1899043764,0.012677
2026-06-03,navi,SOL,0.2287,7.093599999999999,4.604810015582245,29863.08964475818,1375.141621561204,28487.94802319697,74.84935618
2026-06-03,navi,SUI,2.750866666666667,4.391533333333333,78.30103438328199,23373062.93332971,18305340.66033135,5067722.272998364,0.81621141
2026-06-03,navi,USDC,4.825333333333333,6.926933333333333,87.07595114435485,25629854.24751413,22332346.69569262,3297507.551821506,0.999938
2026-06-03,navi,USDSUI,1.339,3.6473,45.8913359307003,4462997.871200688,2048132.211229151,2414865.659971538,0.999938
2026-06-03,navi,USDY,0.078,2.6,3.999673555005401,2431679.447407078,97258.28033307721,2334421.167074001,1.13455
2026-06-03,navi,WAL,4.534833333333334,12.95123333333333,50.02084745812479,5998541.689915844,3000496.121515984,2998045.56839986,0.04955168
2026-06-03,navi,WBTC,0.05225,0.4101000000000001,35.34791147782718,32771.58748639987,2039.147749017937,30732.43973738193,66932.14638286
2026-06-03,navi,WETH,0.0009000000000000001,0.4966,9.316217422337063,182583.9372788917,17009.91910926737,165574.0181696243,1867.79
2026-06-03,navi,XAUm,0.0131,8.0465,0.2326789173130527,1537888.158061217,3578.351019430921,1534309.807041786,4509.71597744
2026-06-03,navi,YBTC.B,0,0,0,4283.655360538648,0,4283.655360538648,66932.14638286
2026-06-03,navi,enzoBTC,0,0,0,29115483.6765441,0,29115483.6765441,66932.14638286
2026-06-03,navi,haSUI,0.0155,0.2817,8.458812317240964,18403511.00007266,1556718.593085019,16846792.40698764,0.81621141
2026-06-03,navi,stBTC,0.0002,0.2533,3.165770284811732,33821.91570116248,1070.724246620573,32751.19145454191,66932.14638286
2026-06-03,navi,stSUI,0.012,0.4463,3.348033966563881,13000.67251084624,435.2669936210414,12565.4055172252,0.81621141
2026-06-03,navi,suiETH,0.0577,0.8771,10.96316133806049,2596853.120756198,284697.68038356,2312155.440372638,1867.79
2026-06-03,navi,suiUSDT,3.846,6.5773,73.09179328713154,5509568.4180431,4027044.577048478,1482523.840994622,0.998683
2026-06-03,navi,suiUSDe,0.9754,3.3972,35.8887320008303,681828.0994669625,244699.6356464854,437128.4638204771,0.999938
2026-06-03,navi,vSUI,0.0091,0.4319666666666667,3.240608706131477,11692854.10738831,378930.432536518,11313923.67485179,0.81621141
2026-06-03,navi,wBTC,22.6354,46.4257,97.51268926607118,7172070.10660884,6993681.108738049,178388.9978707906,66932.14638286
2026-06-03,navi,wUSDC,1.4463,19.4073,93.1537234022636,2150165.075898634,2002959.707951728,147205.3679469058,0.999938
2026-06-03,navi,wUSDT,1.3897,28.9852,95.89018365292854,1201417.761029416,1152042.151373439,49375.60965597769,0.998683
2026-06-03,navi,xBTC,4.1538,7.264,81.69106817748336,10343683.88992324,8450598.493702456,1893085.396220789,66932.14638286
2026-06-03,scallop,CETUS,0.8899038237018653,23.21721934172329,7.070686422858528,79437.87276857883,5616.802884455536,73821.06988412328,0.02156509
2026-06-03,scallop,DEEP,6.931013578483913,28.16279132517931,38.572402229049,185359.9613794684,71497.78987489846,113862.17150457,0.02362997
2026-06-03,scallop,SBETH,3.473877864561681,8.586347607975586,51.81569562386387,683057.202168442,353930.8408124804,329126.3613559616,1866.72445218
2026-06-03,scallop,SCA,5.856524469674573,25.98907327985409,24.87853336651386,429054.8063452388,106742.5431572317,322312.2631880071,0.01814201
2026-06-03,scallop,SUI,3.368867729067881,8.510874831251837,50.70298114008304,4550110.834167228,2307041.838100685,2243068.996066543,0.81733169
2026-06-03,scallop,USDC,6.157674772084354,9.948560428871133,78.75223090779181,3813691.694591114,3003367.289435673,810324.4051554415,0.99982976
2026-06-03,scallop,USDSUI,19.92285369210141,27.20175261545563,94.37894555661092,439867.391798879,415142.2062271485,24725.18557173054,0.99982976
2026-06-03,scallop,USDT,4.900245038797424,9.062741312635714,68.92706667688657,1288818.418433739,888344.7306178184,400473.687815921,0.99867501
2026-06-03,scallop,USDY,3.045250434291935,7.524961046472356,51.68006799112526,550032.744928966,284257.2965527422,265775.4483762238,1.13493986
2026-06-03,scallop,WBTC,0,5.126749587580526,0,130.6644862090363,0,130.6644862090363,66940.48833681
2026-06-03,scallop,WETH,0.3927854471196257,5.708212190373518,8.826594906116418,13172.49281446441,1162.682579770067,12009.81023469434,1866.72445218
2026-06-03,scallop,afSUI,0.139672875509933,5.347004334832794,3.349179818324929,123836.8909990187,4147.520160980176,119689.3708380386,0.81733169
2026-06-03,scallop,haSUI,0.3163303889212266,5.60349052073732,7.240501633128164,62181.83505214313,4502.276782459484,57679.55826968364,0.81733169
2026-06-03,scallop,vSUI,0.9425594165981099,6.379736692132432,18.96027793163014,26692.87121687432,5061.042570651475,21631.82864622285,0.81733169
2026-06-03,scallop,wUSDC,3.389284524374192,8.026594315427138,53.96049942197362,168643.3260966366,91000.78100357269,77642.54509306392,0.99982976
2026-06-03,scallop,wUSDT,2.000097659430788,6.59783626166186,38.74129417264628,73722.13164333068,28560.90789028829,45161.22375304239,0.99867501
2026-06-03,suilend,AUSD,0.06564746597261391,4.148358674312382,1.978115657498427,1683986.525792114,33311.2011368576,1650675.324655257,0.99977005
2026-06-03,suilend,BTC,0.2027506619892852,1.00685317199005,25.17132929975126,2331090.643123344,586766.5020562663,1744324.141067078,66809.98418605
2026-06-03,suilend,COIN,1.22031857997548,8.027018440355382,20.27018440355383,580987.9315071462,117767.3250788915,463220.6064282546,74.7100384
2026-06-03,suilend,DEEP,0.283983678565273,27.23443739702484,1.489624931349895,7893166.032069524,117578.5690865488,7775587.462982974,0.02364995
2026-06-03,suilend,ETH,0.04156046552092846,1.116341183722864,4.653647348914568,4703031.95311201,218862.5218046021,4484169.431307408,1864.74413325
2026-06-03,suilend,LBTC,0,3,0,3407326.098418849,0,3407326.098418849,66809.98418605
2026-06-03,suilend,SEND,0.001162941369243154,50.00124044002003,0.003101100050076245,514796.1079344309,15.96434236094519,514780.1435920699,0.05155409
2026-06-03,suilend,SUI,1.246659619597377,3.270579676057326,47.64673785214971,44293102.38315999,21104218.37908852,23188884.00407147,0.81618545
2026-06-03,suilend,USDC,3.749386535462464,6.372470022150719,73.5465706866723,32994539.83403094,24266352.56177782,8728187.272253126,0.99979198
2026-06-03,suilend,USDSUI,0.2920282473624843,4.216435939297088,8.65743757188351,10357838.47234647,896723.3995399277,9461115.072806537,0.99977005
2026-06-03,suilend,USDT,3.601220091058463,6.833363046474369,65.8756908305291,2607257.185812866,1717548.682882837,889708.5029300293,0.99867499
2026-06-03,suilend,WAL,0.3080273762741821,20.84442549693273,2.111063742331826,2643236.384432705,55800.4049358815,2587435.979496824,0.04920109
2026-06-03,suilend,WBTC,0.06419301184373014,0.5665377826929557,14.16344456732389,3599219.154842007,509773.4098525511,3089445.744989456,66809.98418605
2026-06-03,suilend,WETH,12.00359485844095,244.8124578154812,98.06359501106952,970.3404720231022,951.5507507132354,18.78972130986697,1864.74413325
2026-06-03,suilend,XBTC,0.3838759944008104,1.430852416150709,35.77131040376773,3581071.442874323,1280996.181611258,2300075.261263065,66809.98418605
2026-06-03,suilend,sSUI,0,0,0,47076392.72649118,0,47076392.72649118,0.8261214937809704
2026-06-03,suilend,wUSDC,10.68905791839827,17.28273196207756,77.31024485779085,43149.16763299419,33358.72715116644,9790.440481827745,0.99979198
2026-06-03,suilend,wUSDT,0.4758950138096783,9.685216977460483,49.13622636613979,20853.10460712904,10246.42868412685,10606.67592300219,0.99867499
2026-06-04,alphalend,ALPHA,1.360254574372891e-13,0.000001374497167842405,0.00001099597734273924,6957235.653398924,0.7650160561287221,6957234.888382868,0.7650160561287221
2026-06-04,alphalend,BLUE,0.9943218329368255,1.884449363433734,65.95572772018069,655999.3876870365,432669.1699889143,223330.2176981222,0.01278825952274236
2026-06-04,alphalend,BTCVC,0,20,0,3516811.452336855,0,3516811.452336855,64116.89323674
2026-06-04,alphalend,DEEP,5.348333215218235,12.65832199040311,56.33535755395349,3514731.337756038,1980036.466185717,1534694.871570321,0.0196956202911029
2026-06-04,alphalend,EBTC,4.000091206008075e-7,0.007071148426889435,0.007071148426889435,733796.977226633,51.88787341172329,733745.0893532212,66627.981832535
2026-06-04,alphalend,EEARN,0,0,0,1079623.889293224,0,1079623.889293224,1.014681113068224
2026-06-04,alphalend,EGUSDC,0.001019943413719697,0.1478375131487049,0.8623854933674454,1444458.825226017,12456.803366415,1432002.021859602,1.059543299
2026-06-04,alphalend,ESUI,8.316418571233341e-14,0.000003224208928410452,0.000003224208928410452,4487416.541499456,0.144683684785993,4487416.396815771,0.8404156049399623
2026-06-04,alphalend,ETHIRD,0,0,0,6824670.408401885,0,6824670.408401885,1.039979780624728
2026-06-04,alphalend,IKA,0.00624973913736347,1.61370938334678,0.6454837533387121,340047.9758457129,2194.954437641225,337853.0214080717,0.002297146865265604
2026-06-04,alphalend,STSUI,0.5471419192670429,3.001957571071916,21.44255407908512,6033267.62960449,1293686.67421388,4739580.955390612,0.8395420025791949
2026-06-04,alphalend,SUI,3.838703582057304,7.238784653959413,62.38784653959413,12715702.78457206,7933053.139669716,4782649.644902348,0.8153564058500831
2026-06-04,alphalend,TBTC,0.3981930732060502,0.9108067317014101,54.64840390208461,2913679.454863165,1592279.316905679,1321400.137957485,63172.64275505464
2026-06-04,alphalend,USDC,8.577096991736097,11.89573443309037,84.82622405515062,33982314.0107287,28825913.82186557,5156400.18886313,0.9996268809658114
2026-06-04,alphalend,USDSUI,0.588661170083919,3.962023624644083,19.81011812322042,8984095.230359163,1779759.877436762,7204335.352922401,1.000213526706053
2026-06-04,alphalend,USDT,5.23007751764269,9.607053950377257,64.04702633584837,6423730.013024155,4114208.053185377,2309521.959838778,0.9990142951259435
2026-06-04,alphalend,WAL,1.24884361924305,5.770831527011337,28.85415763505669,4039464.474362189,1165553.44704458,2873911.027317609,0.04364356030031091
2026-06-04,alphalend,WBTC,0.2364920995797362,1.292035602076596,21.5339267012766,5103608.938274384,1099007.407887807,4004601.530386577,63124.1396590457
2026-06-04,alphalend,XAUM,0.8115633444831318,3.045490051081401,38.06862563851751,1551279.476327592,590550.7764503058,960728.6998772862,4446.510428247381
2026-06-04,alphalend,XBTC,20.05251891219045,26.05885565437303,96.18860080692644,6647423.153609728,6394063.321172862,253359.8324368654,63095.57486401934
2026-06-04,bucket,BKT-AF-AFSUI-SUI,0,0,0,1.28184981631345,0,1.28184981631345,1
2026-06-04,bucket,BKT-KRIYA-FOUNTAIN-1,0,0,0,1.897742508305871,0,1.897742508305871,1
2026-06-04,bucket,BKT-PSM-BLUEFIN_STABLE_LP,0,0,0,141005.3975313537,0,141005.3975313537,1
2026-06-04,bucket,BKT-PSM-BUCKETUS,0,0,0,968675.1772555724,0,968675.1772555724,1
2026-06-04,bucket,BKT-PSM-CETABLE,0,0,0,0.2377649731031927,0,0.2377649731031927,1
2026-06-04,bucket,BKT-PSM-FDUSD,0,0,0,0.07014943246199627,0,0.07014943246199627,1
2026-06-04,bucket,BKT-PSM-STAPEARL,0,0,0,0.05953389350941337,0,0.05953389350941337,1
2026-06-04,bucket,BKT-PSM-USDC_CIRCLE,0,0,0,59509.88509043663,0,59509.88509043663,1
2026-06-04,bucket,BKT-PSM-USDC_WORMHOLE,0,0,0,1.591635511019693,0,1.591635511019693,1
2026-06-04,bucket,BKT-PSM-USDT_WORMHOLE,0,0,0,0.1210081539811255,0,0.1210081539811255,1
2026-06-04,bucket,BKT-SAVE-AFSUI_S,0,0,0,1567831.938161101,0,1567831.938161101,1
2026-06-04,bucket,BKT-SAVE-HASUI_NAVI_POND,0,0,0,0.9873358240222164,0,0.9873358240222164,1
2026-06-04,bucket,BKT-SAVE-HASUI_S,0,0,0,2634073.886597954,0,2634073.886597954,1
2026-06-04,bucket,BKT-SAVE-NAVI_STSUI,0,0,0,733297.1175940288,0,733297.1175940288,1
2026-06-04,bucket,BKT-SAVE-NAVI_VSUI,0,0,0,0.7497918004661245,0,0.7497918004661245,1
2026-06-04,bucket,BKT-SAVE-SUI_NAVI_POND,0,0,0,1075979.974937287,0,1075979.974937287,1
2026-06-04,bucket,BKT-SAVE-VSUI_S,0,0,0,1621911.831190806,0,1621911.831190806,1
2026-06-04,bucket,BKT-SCOIN-NAVI_CIRCLE_USDC,0,0,0,0.7062328967030299,0,0.7062328967030299,1
2026-06-04,bucket,BKT-SCOIN-NAVI_SUI_BRIDGE_USDT,0,0,0,19192.85346072203,0,19192.85346072203,1
2026-06-04,bucket,BKT-SCOIN-SCALLOP_CIRCLE_USDC,0,0,0,0.9648275560450539,0,0.9648275560450539,1
2026-06-04,bucket,BKT-SCOIN-SCALLOP_SUI_BRIDGE_USDT,0,0,0,0.3020698512179557,0,0.3020698512179557,1
2026-06-04,bucket,BKT-SCOIN-SCALLOP_USDC,0,0,0,0.5511361970166325,0,0.5511361970166325,1
2026-06-04,bucket,BKT-SCOIN-SCALLOP_USDT,0,0,0,0.1963423074493975,0,0.1963423074493975,1
2026-06-04,bucket,PSM-BUCK,0,0,0,2140947.993720558,2146722.997978,2140947.993720558,0.9973098512184007
2026-06-04,bucket,PSM-USDC,0,0,0,414060.0506167428,414172.679611,414060.0506167428,0.9997280627144141
2026-06-04,bucket,PSM-USDSUI,0,0,0,150482.0476373904,150449.922561,150482.0476373904,1.000213526706053
2026-06-04,bucket,PSM-USDT,0,0,0,0,0,0,0.9969795574630944
2026-06-04,bucket,SAVING-USDB,0,0,0,9318956.254201,0,9318956.254201,1
2026-06-04,bucket,SUI,0,8,90.28042198666665,40216.9031251387,27084.126596,2915.873404000002,0.8100081340613153
2026-06-04,bucket,V1-AF_LP,0,0,0,0,0,0,0
2026-06-04,bucket,V1-BTC,0,0,1.260646208560095e-9,713.9195706842893,9e-9,713.9195706752893,62980.19611492705
2026-06-04,bucket,V1-CETUS,0,0,46.04396426399293,21.32340484999884,9.818140909,11.50526394099884,0.02132340484999884
2026-06-04,bucket,V1-COIN,0,0,0.06800581322357359,87.14930673905113,3e-9,87.14930673605113,0.9981206405780914
2026-06-04,bucket,V1-HAEDAL,0,0,100,42.87067825304822,50.493491719,0,0.02806124170761648
2026-06-04,bucket,V1-LBTC,0,0,38.68295469646375,1105.404383771361,427.603076987,677.8013067843611,63211.18787677591
2026-06-04,bucket,V1-LP_TOKEN,0,0,0,0,1487.982953506,0,0
2026-06-04,bucket,V1-MUSD,0,0,69.60057679130041,72.52868086907822,50.480380224,22.04830064507821,0.9996024272627423
2026-06-04,bucket,V1-NAVX,0,0,84.26144358682205,62.74609997693968,52.870769635,9.87533034193968,0.008829593199008934
2026-06-04,bucket,V1-SCA,0,0,100,1855.22694316165,1865.037219788,0,0.01598862473109442
2026-06-04,bucket,V1-SCALLOP_DEEP,0,0,13.86149404429909,9791.018811397005,1357.181489418,8433.837321979005,0.02475953636298888
2026-06-04,bucket,V1-SCALLOP_SB_USDT,0,0,66.33921860317005,530.232570386639,351.752143974,178.4804264126391,1.127756597336432
2026-06-04,bucket,V1-SCALLOP_SCA,0,0,84.16454123100466,191.8518206316997,161.471204678,30.3806159536997,0.02122982294361354
2026-06-04,bucket,V1-SCALLOP_SUI,0,0,52.8470065761622,87185.00364467566,46074.664609529,41110.33903514666,0.8929845275937929
2026-06-04,bucket,V1-SCALLOP_USDC,0,0,52.16758595533631,13297.1760193025,6936.815729502,6360.360289800502,1.12611108219588
2026-06-04,bucket,V1-SCALLOP_WAL,0,0,61.96542643876665,3967.259443107821,2458.329231854,1508.930211253821,0.06238988712151874
2026-06-04,bucket,V1-SCALLOP_WORMHOLE_USDC,0,0,67.44922917753313,643.3122503237325,433.909154048,209.4030962757325,1.158706256789868
2026-06-04,bucket,V1-SCALLOP_WORMHOLE_USDT,0,0,52.66550975054501,2094.894983443282,1103.287121769,991.607861674282,1.172302613220759
2026-06-04,bucket,V1-STSUI,0,0,84.99454047712719,42.71903029556474,36.308843496,6.410186799564741,0.8395420025791949
2026-06-04,bucket,V1-SUI,0,0,14.90799109085934,0,3017.794346294,0,0
2026-06-04,bucket,V1-TBTC,0,0,92.50896016472139,311.2745243998681,287.95682578,23.31769861986817,63336.82451636213
2026-06-04,bucket,V1-TLP,0,0,0,0,12494.869472018,0,0
2026-06-04,bucket,V1-USDY,0,0,73.4059131995678,860.1522480231437,631.402612568,228.7496354551437,1.132270112808565
2026-06-04,bucket,V1-WAL,0,0,100,50098.41722930423,50584.022907858,0,0.04310712276574662
2026-06-04,bucket,V1-WETH,0,0,19.82226683534568,1580.083343765249,313.208336622,1266.875007143249,1788.002765108207
2026-06-04,bucket,V1-afSUI,0,0,55.55212049204233,6646.818609138298,3692.448682636,2954.369926502298,0.8795549663265491
2026-06-04,bucket,V1-haSUI,0,0,26.24886923309263,3451.221186343144,905.906536148,2545.314650195144,0.8737485036889309
2026-06-04,bucket,V1-sSUI,0,0,60.00171412712938,86.87755591707447,52.128022742,34.74953317507448,0.8412672849249189
2026-06-04,bucket,V1-vSUI,0,0,76.70259624254953,14060.34854101378,10784.652371709,3275.696169304776,0.862821404448935
2026-06-04,bucket,V1PSM-AUSD,0,0,0,7.307956001,7.307956001,7.307956001,0.999977147858924
2026-06-04,bucket,V1PSM-BLUEFIN_STABLE_LP,0,0,0,282087.505173162,282087.505173162,282087.505173162,1
2026-06-04,bucket,V1PSM-BUCKETUS,0,0,0,1937877.33561359,1937877.33561359,1937877.33561359,1
2026-06-04,bucket,V1PSM-CETABLE,0,0,0,0.238021,0.238021,0.238021,1
2026-06-04,bucket,V1PSM-COIN,0,0,0,1019.758977,1019.758977,1019.758977,0.9997280627144141
2026-06-04,bucket,V1PSM-FDUSD,0,0,0,0.070352,0.070352,0.070352,0.9971206570104088
2026-06-04,bucket,V1PSM-SCABLE,0,0,0,854.607426626,854.607426626,854.607426626,1
2026-06-04,bucket,V1PSM-STAPEARL,0,0,0,0.059598,0.059598,0.059598,1
2026-06-04,bucket,V1PSM-USDC,0,0,0,59526.072350565,59526.072350565,59526.072350565,0.9997280627144141
2026-06-04,bucket,V1PSM-USDT,0,0,0,0.057134295,0.057134295,0.057134295,0.9969795574630944
2026-06-04,bucket,WBTC,0,9,83.41402696333334,317098.1898531313,150145.248534,29854.75146599999,63130.99058175036
2026-06-04,bucket,afSUI,0,9,76.897309715,26350.10739679819,15379.461943,4620.538057,0.8795549663265491
2026-06-04,bucket,haSUI,0,9,87.81760311472222,5127305.770411567,1580716.856065,219283.1439350001,0.8737485036889309
2026-06-04,bucket,vSUI,0,9,90.6433076435,407397.9416260867,181286.615287,18713.38471300001,0.862821404448935
2026-06-04,navi,AUSD,1.7525,5.6147,44.5908657813898,2519.297692484302,1123.377850701987,1395.919841782315,0.999686
2026-06-04,navi,BLUE,1.0504,9.4889,15.81505477492135,25511.4752361707,4034.66478598134,21476.81045018936,0.01278289
2026-06-04,navi,BUCK,0.1509,2.6997,7.986262837494427,20407513.65150568,1629764.204336778,18777749.4471689,0.99955595
2026-06-04,navi,CETUS,0.4406,5.017833333333333,12.54472305519664,210320.2315649466,26384.40708981264,183935.824475134,0.02132999
2026-06-04,navi,DEEP,4.0111,12.66863333333333,45.23100306236392,5336369.887125799,2414851.752335502,2921518.134790297,0.019743
2026-06-04,navi,FDUSD,0.5175,4.8553,14.21294532771356,25713.87112302474,3654.703662459924,22059.16746056481,0.997485
2026-06-04,navi,HAEDAL,0.08006666666666666,30.30206666666666,0.3775768672118295,198872.05028508,751.6746316294763,198120.3756534505,0.02806342
2026-06-04,navi,IKA,1.151366666666667,28.71313333333333,13.36689204243371,212142.0963638761,28357.30249750261,183784.7938663735,0.00229821
2026-06-04,navi,LBTC,0.0051,0.2848,3.559832158964923,2858499.581479707,101759.5540021475,2756740.02747756,63455.07392025
2026-06-04,navi,MBTC,0,0,0,18937159.37821366,0,18937159.37821366,63125.96266327
2026-06-04,navi,NAVX,0.0091,0.9565,1.19556683697596,2160375.500478094,25828.74131700862,2134546.759161085,0.00883656
2026-06-04,navi,NS,0.3089333333333333,11.7525,4.381337175314188,466186.8700240203,20425.29654559533,445761.573478425,0.013021
2026-06-04,navi,SOL,0.2280666666666666,7.091133333333334,4.594361632113713,28172.07550312008,1295.934749734225,26876.14075338586,70.52450125
2026-06-04,navi,SUI,2.776466666666666,4.394866666666666,78.9691278081758,23131603.45671003,18304999.16660906,4826604.290100974,0.81320004
2026-06-04,navi,USDC,6.549166666666667,9.081733333333334,90.13010962209364,24446369.90426046,22005203.45803323,2441166.446227234,0.999698
2026-06-04,navi,USDSUI,1.326533333333334,3.639133333333334,45.56476562693542,4432014.916719854,2019379.583070439,2412635.333649415,0.999698
2026-06-04,navi,USDY,0.0761,2.5976,3.904793233663975,2449141.520697618,96174.07673268004,2352967.443964939,1.133753
2026-06-04,navi,WAL,4.8447,13.1138,52.77636974110745,5012198.792552223,2645085.757338969,2367113.035213255,0.04365991
2026-06-04,navi,WBTC,0.05261666666666667,0.41065,35.46152709034193,30908.00957947422,1923.215004826488,28984.79457464773,63125.96266327
2026-06-04,navi,WETH,0.0009000000000000001,0.4966,9.316421556156774,174778.0350311802,16283.06104437772,158494.9739868024,1787.95251693
2026-06-04,navi,XAUm,0.0132,8.0469,0.2345017744306572,1509383.742587638,3539.541363638247,1505844.201223999,4469.513
2026-06-04,navi,YBTC.B,0,0,0,4040.059716670401,0,4040.059716670401,63125.96266327
2026-06-04,navi,enzoBTC,0,0,0,27459793.75852245,0,27459793.75852245,63125.96266327
2026-06-04,navi,haSUI,0.0155,0.2815,8.45350416641321,18339740.82280079,1550350.89037766,16789389.93242313,0.81320004
2026-06-04,navi,stBTC,0.0002,0.2533,3.165791983273119,31898.58948174856,1009.843076201692,30888.74640554687,63125.96266327
2026-06-04,navi,stSUI,0.0106,0.4212,3.159443036709005,12947.60846187651,409.072370981999,12538.53609089451,0.81320004
2026-06-04,navi,suiETH,0.0575,0.8752999999999999,10.94124280638155,2490391.399417405,272479.7694819359,2217911.629935469,1787.95251693
2026-06-04,navi,suiUSDT,4.079866666666667,6.6634,76.53510862083141,5272065.762388216,4034974.868614081,1237090.893774135,0.998666
2026-06-04,navi,suiUSDe,0.9645,3.3893,35.57121872325964,681686.0090643408,242484.2026840282,439201.8063803127,0.999698
2026-06-04,navi,vSUI,0.0091,0.4328,3.247157551198695,11661590.63127551,378669.9965343302,11282920.63474118,0.81320004
2026-06-04,navi,wBTC,14.44106666666667,30.44906666666667,94.84992933122815,6947606.023915055,6601763.589638359,345842.4342766958,63125.96266327
2026-06-04,navi,wUSDC,1.4468,19.4138,93.15697674100981,2150701.394887081,2003529.310578278,147172.0843088037,0.999698
2026-06-04,navi,wUSDT,1.415866666666666,29.43876666666667,96.19251817748348,1197116.306515672,1151542.968652973,45573.33786269892,0.998666
2026-06-04,navi,xBTC,7.771033333333333,13.33823333333333,83.20957831857042,9624296.975064069,7972436.909466449,1651860.065597619,63125.96266327
2026-06-04,scallop,CETUS,0.8919421554251183,23.21960186997851,7.086153922800888,78539.66152960053,5565.441306434328,72974.22022316621,0.02135567
2026-06-04,scallop,DEEP,6.948916827805607,28.17571328397681,38.65306221062086,153914.5681769827,59492.6937886576,94421.87438832516,0.01969125
2026-06-04,scallop,SBETH,3.515049255822467,8.615684237180488,52.2479864173799,649336.1703553635,339265.0740904052,310071.0962649584,1788.97936803
2026-06-04,scallop,SCA,5.790371404276051,25.95113075480091,24.63738745915812,382282.4583848323,94184.41046066604,288098.0479241663,0.01599749
2026-06-04,scallop,SUI,3.352486872656701,8.499016651904379,50.52806472096163,4526171.876655882,2286987.055218648,2239184.821437235,0.8131509100000001
2026-06-04,scallop,USDC,6.130868699464109,9.930649186793516,78.55433028021528,3777282.58080061,2967219.03413915,810063.5466614594,0.99970379
2026-06-04,scallop,USDSUI,10.81057354845088,15.68734874031989,88.05001352846156,469706.8276453136,413576.9252858063,56129.90235950739,0.99970379
2026-06-04,scallop,USDT,5.388374168381671,9.418374100188998,72.88111756205915,1218976.856717997,888403.9559989363,330572.9007190602,0.99865938
2026-06-04,scallop,USDY,3.052423012191907,7.531650128447787,51.75560462382472,549900.430333403,284604.2925480668,265296.1377853363,1.13504834
2026-06-04,scallop,WBTC,0,5.126749587580526,0,123.3228695102174,0,123.3228695102174,63179.31786686
2026-06-04,scallop,WETH,0.3928436464767371,5.708290804210847,8.827781923948253,12624.02301449117,1114.421221748319,11509.60179274286,1788.97936803
2026-06-04,scallop,afSUI,0.1396481908539693,5.346966979374979,3.348611120108099,123241.9089998357,4126.892269402003,119115.0167304337,0.8131509100000001
2026-06-04,scallop,haSUI,0.3163786309334338,5.603557815308124,7.241519465273805,61864.2912546825,4479.914693261513,57384.37656142099,0.8131509100000001
2026-06-04,scallop,vSUI,0.9427213858194561,6.379918032563103,18.96299813863239,26557.01424712006,5036.006117357716,21521.00812976235,0.8131509100000001
2026-06-04,scallop,wUSDC,3.389951975510086,8.027208195965564,53.96697861546761,168637.4600385923,91008.54199669487,77628.91804189747,0.99970379
2026-06-04,scallop,wUSDT,1.992017736035012,6.588385826927623,38.63993972280677,73724.95711328118,28487.27898923699,45237.67812404419,0.99865938
2026-06-04,suilend,AUSD,0.06478095117824519,4.146467194553891,1.952895927385205,1683733.993225189,32881.57258169501,1650852.420643494,0.99962443
2026-06-04,suilend,BTC,0.2859260880530951,1.195671543637915,29.89178859094788,2224819.415659662,665038.3162593483,1559781.099400314,63694.925
2026-06-04,suilend,COIN,1.223372467621458,8.031066775706662,20.31066775706663,552664.040730921,112249.7571256368,440414.2836052842,71.22560379000001
2026-06-04,suilend,DEEP,0.2777372918252149,27.18894597861079,1.459297319073859,6787982.813470503,99056.85121616937,6688925.962254333,0.01991409
2026-06-04,suilend,ETH,0.03997921547651904,1.112319400610598,4.492776024423921,4580445.590336568,205789.161294424,4374656.429042144,1799.30695665
2026-06-04,suilend,LBTC,0,3,0,3250043.704280791,0,3250043.704280791,63694.925
2026-06-04,suilend,SEND,0.001163656624630538,50.00124120292124,0.003103007303113517,502252.9841381783,15.58494677791325,502237.3991914003,0.05026
2026-06-04,suilend,SUI,1.284778155933066,3.298389404150267,48.68960265563503,44137398.32350517,21490323.86624958,22647074.45725559,0.8200142
2026-06-04,suilend,USDC,3.714258399520426,6.356242461705157,73.04351631285986,33283005.88601285,24311077.83375991,8971928.052252946,0.99969389
2026-06-04,suilend,USDSUI,0.2883454244112256,4.213838171882733,8.553526875309307,10482169.04427314,896595.1463172553,9585573.89795588,0.99962443
2026-06-04,suilend,USDT,3.46628369045056,6.757723596387947,64.11707361601978,2670100.952203556,1711990.593146399,958110.3590571566,0.9986094
2026-06-04,suilend,WAL,0.3350108110407836,20.91528629567801,2.288215739195029,2211818.701166579,50611.18364255273,2161207.517524027,0.0446
2026-06-04,suilend,WBTC,0.06480760295335015,0.5692433704196745,14.23108426049186,3418279.726449392,486458.2681303237,2931821.458319068,63694.925
2026-06-04,suilend,WETH,12.02288961956745,245.174236170099,98.07628898842452,942.4677915860165,924.3374348987239,18.13035668729239,1799.30695665
2026-06-04,suilend,XBTC,0.3058085972099162,1.277097954394867,31.92744885987167,4012425.444004041,1281065.081674869,2731360.362329172,63694.925
2026-06-04,suilend,sSUI,0,0,0,48773954.81857745,0,48773954.81857745,0.8519701369701731
2026-06-04,suilend,wUSDC,10.59969019600828,17.20396618735778,77.01487320259169,43158.57396481031,33238.52101504541,9920.052949764902,0.99969389
2026-06-04,suilend,wUSDT,0.4583267753330096,9.585932595310684,47.81243460414246,20854.41592548894,9971.00397645027,10883.41194903867,0.9986094
2026-06-05,alphalend,ALPHA,1.360254574372891e-13,0.000001374497167842405,0.00001099597734273924,6617426.692716706,0.7276507398035077,6617425.965065965,0.7276507398035077
2026-06-05,alphalend,BLUE,0.9976985323154072,1.887646429812426,66.0676250434349,611355.4959941524,403908.0567758483,207447.4392183041,0.01193755725672071
2026-06-05,alphalend,BTCVC,0,20,0,3493701.859204671,0,3493701.859204671,63695.56973513
2026-06-05,alphalend,DEEP,5.486074557331079,12.93742562614095,56.5395797264446,3276058.691671647,1852269.815862808,1423788.875808838,0.01841839527109057
2026-06-05,alphalend,EBTC,4.030729363100075e-7,0.007098177022218517,0.007098177022218518,725024.6394809537,51.46353236505971,724973.1759485886,66083.095605968
2026-06-05,alphalend,EEARN,0,0,0,1034842.391573932,0,1034842.391573932,0.9998993488619786
2026-06-05,alphalend,EGUSDC,0.001006386047484114,0.1468516779040369,0.8566347877735487,1448534.418619454,12408.64974276757,1436125.768876687,1.059620616
2026-06-05,alphalend,ESUI,8.32819392754538e-14,0.000003226490726692349,0.000003226490726692349,4215317.750940307,0.1360068363347055,4215317.614933471,0.7900149059879883
2026-06-05,alphalend,ETHIRD,0,0,0,6822079.525665487,0,6822079.525665487,1.040372379774407
2026-06-05,alphalend,IKA,0.006905989905605926,1.696318305626179,0.6785273222504714,316348.6301960823,2146.511889445523,314202.1183066368,0.002159741743729179
2026-06-05,alphalend,STSUI,0.5433341414030533,2.991493425903985,21.36781018502846,5652511.314647382,1207817.88840111,4444693.426246272,0.7856863625899876
2026-06-05,alphalend,SUI,3.904363574527753,7.295858232194901,62.95858232194902,11716399.97111551,7376479.320983567,4339920.650131939,0.7522356123162435
2026-06-05,alphalend,TBTC,0.3982212079245183,0.9108389081003364,54.65033448602018,2928438.430315839,1600401.397384765,1328037.032931074,63493.29983689242
2026-06-05,alphalend,USDC,7.801567490413694,11.01145492558919,83.35242487598198,34219311.44338762,28522625.86392797,5696685.579459648,0.999745687433165
2026-06-05,alphalend,USDSUI,0.6178627160580021,4.059105701368228,20.29552850684114,8764696.759132553,1778841.529287929,6985855.229844623,0.9996810698268787
2026-06-05,alphalend,USDT,5.627340537854389,9.96524006191261,66.43493374608407,6113672.77690101,4061614.458786564,2052058.318114446,0.9992598656897536
2026-06-05,alphalend,WAL,1.273254703839372,5.82695965054246,29.1347982527123,3515115.365107159,1024121.769974062,2490993.595133097,0.03834175069638785
2026-06-05,alphalend,WBTC,0.2364019877914797,1.291789423173224,21.52982371955373,5108030.109331223,1099749.87808074,4008280.231250484,63164.61846664185
2026-06-05,alphalend,XAUM,0.7357087418394402,2.899672379207082,36.24590474008853,1556899.937072183,564312.4680896817,992587.4689825015,4462.698236768177
2026-06-05,alphalend,XBTC,11.5043643925484,15.03908135004168,95.6205712036104,6720126.585147092,6425823.426323326,294303.1588237655,63465.24182922111
2026-06-05,bucket,BKT-AF-AFSUI-SUI,0,0,0,1.1878284009549,0,1.1878284009549,1
2026-06-05,bucket,BKT-KRIYA-FOUNTAIN-1,0,0,0,1.917616407676463,0,1.917616407676463,1
2026-06-05,bucket,BKT-PSM-BLUEFIN_STABLE_LP,0,0,0,141010.3525760808,0,141010.3525760808,1
2026-06-05,bucket,BKT-PSM-BUCKETUS,0,0,0,968709.2172917221,0,968709.2172917221,1
2026-06-05,bucket,BKT-PSM-CETABLE,0,0,0,0.2377702633368503,0,0.2377702633368503,1
2026-06-05,bucket,BKT-PSM-FDUSD,0,0,0,0.07016149476976172,0,0.07016149476976172,1
2026-06-05,bucket,BKT-PSM-STAPEARL,0,0,0,0.05953521812928103,0,0.05953521812928103,1
2026-06-05,bucket,BKT-PSM-USDC_CIRCLE,0,0,0,59511.97631635766,0,59511.97631635766,1
2026-06-05,bucket,BKT-PSM-USDC_WORMHOLE,0,0,0,1.591487434311297,0,1.591487434311297,1
2026-06-05,bucket,BKT-PSM-USDT_WORMHOLE,0,0,0,0.1210092839688914,0,0.1210092839688914,1
2026-06-05,bucket,BKT-SAVE-AFSUI_S,0,0,0,1445084.653483156,0,1445084.653483156,1
2026-06-05,bucket,BKT-SAVE-HASUI_NAVI_POND,0,0,0,0.9243623295134035,0,0.9243623295134035,1
2026-06-05,bucket,BKT-SAVE-HASUI_S,0,0,0,2466069.410919422,0,2466069.410919422,1
2026-06-05,bucket,BKT-SAVE-NAVI_STSUI,0,0,0,686256.9630229154,0,686256.9630229154,1
2026-06-05,bucket,BKT-SAVE-NAVI_VSUI,0,0,0,0.7018736731548431,0,0.7018736731548431,1
2026-06-05,bucket,BKT-SAVE-SUI_NAVI_POND,0,0,0,1002472.243697397,0,1002472.243697397,1
2026-06-05,bucket,BKT-SAVE-VSUI_S,0,0,0,1518257.753396999,0,1518257.753396999,1
2026-06-05,bucket,BKT-SCOIN-NAVI_CIRCLE_USDC,0,0,0,0.7062577143032929,0,0.7062577143032929,1
2026-06-05,bucket,BKT-SCOIN-NAVI_SUI_BRIDGE_USDT,0,0,0,19246.73873551232,0,19246.73873551232,1
2026-06-05,bucket,BKT-SCOIN-SCALLOP_CIRCLE_USDC,0,0,0,0.9648614608726546,0,0.9648614608726546,1
2026-06-05,bucket,BKT-SCOIN-SCALLOP_SUI_BRIDGE_USDT,0,0,0,0.3029179333945874,0,0.3029179333945874,1
2026-06-05,bucket,BKT-SCOIN-SCALLOP_USDC,0,0,0,0.5510849224419153,0,0.5510849224419153,1
2026-06-05,bucket,BKT-SCOIN-SCALLOP_USDT,0,0,0,0.1963441409159703,0,0.1963441409159703,1
2026-06-05,bucket,PSM-BUCK,0,0,0,2189656.390268859,2194594.936322,2189656.390268859,0.9977496776414613
2026-06-05,bucket,PSM-USDC,0,0,0,316395.7374471099,316470.679611,316395.7374471099,0.9997631939742972
2026-06-05,bucket,PSM-USDSUI,0,0,0,150401.9395411515,150449.922561,150401.9395411515,0.9996810698268787
2026-06-05,bucket,PSM-USDT,0,0,0,0,0,0,0.9997786471098813
2026-06-05,bucket,SAVING-USDB,0,0,0,9035634.372749,0,9035634.372749,1
2026-06-05,bucket,SUI,0,8,89.64994382333333,37412.37891425787,26894.983147,3105.016853000001,0.7546708028770861
2026-06-05,bucket,V1-AF_LP,0,0,0,0,0,0,0
2026-06-05,bucket,V1-BTC,0,0,1.252245293505378e-9,718.7090298264592,9e-9,718.7090298174592,63402.71020257024
2026-06-05,bucket,V1-CETUS,0,0,49.73763686118707,19.73986206140328,9.818140909,9.921721152403283,0.01973986206140328
2026-06-05,bucket,V1-COIN,0,0,0.06801214068584341,87.15012054908944,3e-9,87.15012054608944,0.9981299611410097
2026-06-05,bucket,V1-HAEDAL,0,0,100,40.01435569032278,50.493491719,0,0.02619161983332626
2026-06-05,bucket,V1-LBTC,0,0,38.60383263172171,1107.670010556486,427.603076987,680.066933569486,63340.74495333153
2026-06-05,bucket,V1-LP_TOKEN,0,0,0,0,1487.982953506,0,0
2026-06-05,bucket,V1-MUSD,0,0,69.89139169742863,72.22689232250218,50.480380224,21.74651209850218,0.9954431269685312
2026-06-05,bucket,V1-NAVX,0,0,87.14908453421853,60.66703961100204,52.870769635,7.796269976002037,0.008537029083085257
2026-06-05,bucket,V1-SCA,0,0,100,1746.939174335268,1865.037219788,0,0.01505538445819178
2026-06-05,bucket,V1-SCALLOP_DEEP,0,0,14.81850417217715,9158.694249087635,1357.181489418,7801.512759669636,0.02316051349363378
2026-06-05,bucket,V1-SCALLOP_SB_USDT,0,0,66.31485159131527,530.4274013033698,351.752143974,178.6752573293699,1.128170985029644
2026-06-05,bucket,V1-SCALLOP_SCA,0,0,89.45225835546663,180.5110431492333,161.471204678,19.03983847123331,0.01997488203555786
2026-06-05,bucket,V1-SCALLOP_SUI,0,0,56.57207910591572,81444.17765390381,46074.664609529,35369.51304437481,0.8341846357424304
2026-06-05,bucket,V1-SCALLOP_USDC,0,0,52.1567948464231,13299.92717138316,6936.815729502,6363.111441881164,1.126344071730074
2026-06-05,bucket,V1-SCALLOP_WORMHOLE_USDC,0,0,67.43960637819767,643.4040430406146,433.909154048,209.4948889926146,1.158871589869295
2026-06-05,bucket,V1-SCALLOP_WORMHOLE_USDT,0,0,52.65092971192576,2095.475099500662,1103.287121769,992.1879777316617,1.172627245994914
2026-06-05,bucket,V1-STSUI,0,0,90.82057436410331,39.97865434151121,36.308843496,3.669810845511208,0.7856863625899876
2026-06-05,bucket,V1-SUI,0,0,16.00114115992433,0,3017.794346294,0,0
2026-06-05,bucket,V1-TBTC,0,0,92.79000244608585,310.331736382174,287.95682578,22.37491060217405,63144.98999553859
2026-06-05,bucket,V1-TLP,0,0,0,0,12494.869472018,0,0
2026-06-05,bucket,V1-USDY,0,0,73.41456058181218,860.0509320822994,631.402612568,228.6483195142994,1.132136744544944
2026-06-05,bucket,V1-WAL,0,0,100,44560.17707625667,50584.022907858,0,0.03834175069638785
2026-06-05,bucket,V1-WETH,0,0,20.15798749857282,1553.767888010522,313.208336622,1240.559551388523,1758.224520916093
2026-06-05,bucket,V1-afSUI,0,0,60.27078657991777,6126.431878800673,3692.448682636,2433.983196164673,0.8106936418352176
2026-06-05,bucket,V1-haSUI,0,0,28.03711067233741,3231.098049778022,905.906536148,2325.191513630022,0.8180197483248387
2026-06-05,bucket,V1-sSUI,0,0,64.41673121567607,80.92311074815055,52.128022742,28.79508800615055,0.7836082052280137
2026-06-05,bucket,V1-vSUI,0,0,81.93921489977255,13161.77166805993,10784.652371709,2377.119296350926,0.8076797159434328
2026-06-05,bucket,V1PSM-AUSD,0,0,0,7.307956001,7.307956001,7.307956001,0.9995999468178786
2026-06-05,bucket,V1PSM-BLUEFIN_STABLE_LP,0,0,0,282087.505173162,282087.505173162,282087.505173162,1
2026-06-05,bucket,V1PSM-BUCKETUS,0,0,0,1937877.33561359,1937877.33561359,1937877.33561359,1
2026-06-05,bucket,V1PSM-CETABLE,0,0,0,0.238021,0.238021,0.238021,1
2026-06-05,bucket,V1PSM-COIN,0,0,0,1019.758977,1019.758977,1019.758977,0.9997631939742972
2026-06-05,bucket,V1PSM-FDUSD,0,0,0,0.070352,0.070352,0.070352,0.9972921135115096
2026-06-05,bucket,V1PSM-SCABLE,0,0,0,854.607426626,854.607426626,854.607426626,1
2026-06-05,bucket,V1PSM-STAPEARL,0,0,0,0.059598,0.059598,0.059598,1
2026-06-05,bucket,V1PSM-USDC,0,0,0,59526.072350565,59526.072350565,59526.072350565,0.9997631939742972
2026-06-05,bucket,V1PSM-USDT,0,0,0,0.057134295,0.057134295,0.057134295,0.9997786471098813
2026-06-05,bucket,WBTC,0,9,82.11860667166667,318047.3417924967,147813.492009,32186.50799099999,63055.31179521207
2026-06-05,bucket,afSUI,0,9,76.29326803,24104.99342574785,15258.653606,4741.346394,0.8106936418352176
2026-06-05,bucket,haSUI,0,9,87.82215614211111,4878071.230626099,1580798.810558,219201.1894419999,0.8180197483248387
2026-06-05,bucket,vSUI,0,9,2.153712154,188114.2758914101,4307.424308,195692.575692,0.8076797159434328
2026-06-05,navi,AUSD,1.6417,5.5554,42.21879194566284,2519.336360885887,1063.634640099161,1455.701720786726,0.999637
2026-06-05,navi,BLUE,1.2667,10.4199,17.36698720405616,22758.10798338015,3952.410316365734,18805.69766701442,0.01193499
2026-06-05,navi,BUCK,0.1503,2.6989,7.957912187247437,20402642.10872989,1623625.835447769,18779016.27328212,0.99931151
2026-06-05,navi,CETUS,0.4363,4.9934,12.48350665292391,195515.4872145121,24407.2283689967,171108.2588455154,0.01972999
2026-06-05,navi,DEEP,3.8429,12.5756,43.65483279700908,5160081.618976844,2252628.270277731,2907453.348699113,0.01842
2026-06-05,navi,FDUSD,0.5128,4.8523,14.09093064073158,25714.78817621078,3623.458565396354,22091.32961081442,0.997502
2026-06-05,navi,HAEDAL,0.0199,30.0758,0.09473441050577085,185855.4244313934,176.070768140362,185679.3536632531,0.02618301
2026-06-05,navi,IKA,1.1616,28.8133,13.43815466158652,195129.9011336177,26222.09453138619,168907.8066022315,0.00216376
2026-06-05,navi,LBTC,0.0051,0.2857,3.57158601487407,2869981.066809969,102503.8528779604,2767477.213932009,63745.90499524
2026-06-05,navi,MBTC,0,0,0,19025980.12751239,0,19025980.12751239,63422.04166815
2026-06-05,navi,NAVX,0.0096,0.9803000000000001,1.225402086812734,2082887.854931202,25523.76015622272,2057364.094774979,0.0085409
2026-06-05,navi,NS,0.3161,11.7879,4.469900883150644,431973.9592077465,19308.8884189241,412665.0707888224,0.01215
2026-06-05,navi,SOL,0.2215,7.0639,4.479852186151104,28160.51357487351,1261.552533019433,26898.96104185408,68.54111817
2026-06-05,navi,SUI,2.796933333333333,4.3975,79.50367108471944,21512542.63590177,17090875.48206897,4421667.153832798,0.75961818
2026-06-05,navi,USDC,4.827000000000001,6.927433333333333,87.099320815694,24955215.36817076,21736487.60031082,3218727.76785994,0.999763
2026-06-05,navi,USDSUI,1.1884,3.547,41.87975193132981,4754507.88106401,1991437.1414495,2763070.739614509,0.999763
2026-06-05,navi,USDY,0.0772,2.599,3.960749317280376,2406771.203014373,95326.26219386817,2311444.940820504,1.13428
2026-06-05,navi,WAL,4.7836,13.082,52.23720984163123,4443451.895759812,2321140.65487824,2122311.240881572,0.03830686
2026-06-05,navi,WBTC,0.05324999999999999,0.4109,35.64527537081716,31048.95948514315,1926.601412392729,29122.35807275043,63422.04166815
2026-06-05,navi,WETH,0.0009000000000000001,0.4978,9.338867526918351,171740.9804239151,16038.66533403955,155702.3150898755,1761.09295559
2026-06-05,navi,XAUm,0.0131,8.0465,0.2326668835064084,1523661.632042849,3545.066583868499,1520116.565458981,4484.31900001
2026-06-05,navi,YBTC.B,0,0,0,4059.00876410035,0,4059.00876410035,63422.04166815
2026-06-05,navi,enzoBTC,0,0,0,27588588.12564525,0,27588588.12564525,63422.04166815
2026-06-05,navi,haSUI,0.0155,0.2814333333333333,8.450436108237431,17147350.53637129,1449376.972896216,15697973.56347507,0.75961818
2026-06-05,navi,stBTC,0.0002,0.2531,3.164109325372233,32048.20443093572,1014.040320101914,31034.1641108338,63422.04166815
2026-06-05,navi,stSUI,0.0129,0.4645,3.484460148837728,10966.49870518266,382.1233406046923,10584.37536457797,0.75961818
2026-06-05,navi,suiETH,0.0589,0.8863,11.07901669670707,2461951.700976156,272760.1197021116,2189191.581274044,1761.09295559
2026-06-05,navi,suiUSDT,4.2292,6.7175,78.69817421612588,5125044.515291922,4033318.600701158,1091725.914590763,0.998907
2026-06-05,navi,suiUSDe,0.9521000000000001,3.3802,35.20805399185166,681752.4937180806,240031.9809474379,441720.5127706426,0.999763
2026-06-05,navi,vSUI,0.0087,0.422,3.165930525317734,10893581.99315942,344883.0497717104,10548698.94338771,0.75961818
2026-06-05,navi,wBTC,11.1921,23.8753,93.7543421010139,7079858.014179081,6637677.971839422,442180.0423396583,63422.04166815
2026-06-05,navi,wUSDC,1.4466,19.4113,93.15566152868917,2150400.862366511,2003221.075602705,147179.7867638053,0.999763
2026-06-05,navi,wUSDT,1.397733333333333,29.1249,95.98325325961623,1182409.900487773,1134915.603279439,47494.29720833442,0.998907
2026-06-05,navi,xBTC,6.411300000000001,11.08223333333333,82.64562181375119,9694861.526170863,8012373.110972708,1682488.415198155,63422.04166815
2026-06-05,scallop,CETUS,0.8919641627689767,23.21962691710608,7.08632109044664,73014.04972651586,5174.01000475929,67840.03972175656,0.01984233
2026-06-05,scallop,DEEP,6.881259845370669,28.12685231256298,38.34785872591518,146076.2963411732,56017.1317529623,90059.16458821089,0.01852828
2026-06-05,scallop,SBETH,3.502390006870604,8.606678787839805,52.11530224896151,643786.4240997994,335511.2407573916,308275.1833424078,1768.94312125
2026-06-05,scallop,SCA,5.748486329731861,25.9270508943829,24.48434332252895,361383.0508314332,88482.26687499741,272900.7839564357,0.01503405
2026-06-05,scallop,SUI,3.303282282741615,8.463252006551137,50.0004594091313,4287790.805238948,2143915.101121964,2143875.704116983,0.7633857000000001
2026-06-05,scallop,USDC,5.822505248567267,9.721778494226086,76.24438186432208,3804489.701997852,2900709.656380052,903780.0456178009,0.9997205100000001
2026-06-05,scallop,USDSUI,6.930554326028648,10.44950313233586,84.27359839456251,488559.6586190635,411726.8046224752,76832.85399658832,0.9997205100000001
2026-06-05,scallop,USDT,5.290709195892385,9.348503544665832,72.10529033575892,1227911.087546404,885388.8547403093,342522.2328060944,0.99891052
2026-06-05,scallop,USDY,3.375871961889287,7.826044840581092,55.07615359610529,549920.271381833,302874.9333223774,247045.3380594556,1.13515683
2026-06-05,scallop,WBTC,0,5.126749587580526,0,124.3352940204375,0,124.3352940204375,63697.99125
2026-06-05,scallop,WETH,0.3929023320083047,5.708369806136204,8.828979229047992,12482.77089187351,1102.101249253161,11380.66964262035,1768.94312125
2026-06-05,scallop,afSUI,0.1396683061838155,5.346997451528823,3.349074529230281,115699.8881768642,3874.875485279278,111825.012691585,0.7633857000000001
2026-06-05,scallop,haSUI,0.3164427184916274,5.603646972922705,7.242871878805272,58075.97300008278,4206.368316765538,53869.60468331724,0.7633857000000001
2026-06-05,scallop,vSUI,0.9351702733868095,6.371474783371189,18.83598459057748,24932.35115238789,4696.25382113245,20236.09733125544,0.7633857000000001
2026-06-05,scallop,wUSDC,3.360399200722619,8.000015934805305,53.67921284388252,168655.5200825433,90532.95559806544,78122.56448447784,0.9997205100000001
2026-06-05,scallop,wUSDT,1.852281772221365,6.422143992315599,36.85577477465641,73747.33922697691,27180.15324779644,46567.18597918046,0.99891052
2026-06-05,suilend,AUSD,0.06224448967262936,4.140920851101437,1.878944681352489,1683418.238634827,31630.49745974684,1651787.74117508,0.99961021
2026-06-05,suilend,BTC,0.2802598890379243,1.183764945075509,29.59412362688771,2238562.776654487,662483.0355886191,1576079.741065868,63750.25607481
2026-06-05,suilend,COIN,1.220415482438754,8.027146947575407,20.27146947575406,532857.6186686966,108018.0695176548,424839.5491510418,68.754
2026-06-05,suilend,DEEP,0.2759959936858876,27.1762392542155,1.450826169476999,6378243.163775012,92537.2209729256,6285705.942802087,0.01858955
2026-06-05,suilend,ETH,0.03988733664563876,1.112084901804987,4.483396072199498,4503598.117079648,201914.1410887995,4301683.975990849,1766.49999999
2026-06-05,suilend,LBTC,0,3,0,3253014.021161148,0,3253014.021161148,63750.25607481
2026-06-05,suilend,SEND,0.001165754703199506,50.00124344076051,0.00310860190128577,500277.421803556,15.55163344588878,500261.8701701101,0.05008391
2026-06-05,suilend,SUI,1.331540544489739,3.332052418285761,49.95196568571602,40887031.5247584,20423875.95715521,20463155.56760319,0.7635267
2026-06-05,suilend,USDC,3.90001887074186,6.441382953913561,75.6828715713204,31337801.0695834,23717347.73676868,7620453.332814724,0.99971018
2026-06-05,suilend,USDSUI,0.2897296908243613,4.214814954759456,8.592598190378224,10410401.19679659,894523.9448470566,9515877.251949534,0.99961021
2026-06-05,suilend,USDT,3.589468687756285,6.826822842344421,65.72363108450779,2580720.456539076,1696143.192178167,884577.2643609085,0.99888989
2026-06-05,suilend,WAL,0.3322877926199923,20.90815629994361,2.270390749859036,1942014.794839234,44091.32426292389,1897923.47057631,0.03883226
2026-06-05,suilend,WBTC,0.06581487170731463,0.5736500314098947,14.34125078524737,3399356.223924587,487510.2011569401,2911846.022767647,63750.25607481
2026-06-05,suilend,WETH,10.83372607859763,222.714053643106,97.28821240853001,933.350485837159,908.0400031773022,25.31048265985672,1766.49999999
2026-06-05,suilend,XBTC,0.3249733607184385,1.316507218804745,32.91268047011863,3929674.362989906,1293361.166607037,2636313.196382869,63750.25607481
2026-06-05,suilend,sSUI,0,0,0,45501550.73809349,0,45501550.73809349,0.7897137038403831
2026-06-05,suilend,wUSDC,9.48387280410008,16.19129713797188,73.21736426739454,43174.19164865304,31611.00516889733,11563.18647975571,0.99971018
2026-06-05,suilend,wUSDT,0.413434471981776,9.325154970325487,44.33539960433983,20805.04929037409,9224.00174076722,11581.04754960687,0.99888989
2026-06-06,alphalend,ALPHA,1.360254574372891e-13,0.000001374497167842405,0.00001099597734273924,6354062.275320489,0.6986912481377825,6354061.57662924,0.6986912481377825
2026-06-06,alphalend,BLUE,1.001991961315062,1.89170365516969,66.20962793093915,588884.0437374595,389897.9343032409,198986.1094342186,0.0115229040442149
2026-06-06,alphalend,BTCVC,0,20,0,3364851.312226439,0,3364851.312226439,61346.4256664
2026-06-06,alphalend,DEEP,5.309235549716825,12.57878164503389,56.27715730124431,3071325.324947517,1728454.584353667,1342870.74059385,0.01718154668795851
2026-06-06,alphalend,EBTC,4.03281014713781e-7,0.007100008932334003,0.007100008932334003,699127.0689716076,49.63808434534905,699077.4308872623,63739.081301731
2026-06-06,alphalend,EEARN,0,0,0,1042034.202537737,0,1042034.202537737,1.013902948941001
2026-06-06,alphalend,EGUSDC,0.000998007684432988,0.1462391156706558,0.8530615080788256,1427826.377471615,12180.23722840662,1415646.140243208,1.060179319
2026-06-06,alphalend,ESUI,8.185885349453033e-14,0.000003198805509376319,0.000003198805509376319,4045451.574038944,0.1294061278295087,4045451.444632816,0.7516737589565688
2026-06-06,alphalend,ETHIRD,0,0,0,6769295.269822505,0,6769295.269822505,1.039454303585872
2026-06-06,alphalend,IKA,0.007162687899171954,1.727557029831909,0.6910228119327636,274959.8528721191,1900.035307003107,273059.8175651159,0.001912371742608767
2026-06-06,alphalend,STSUI,0.5408066351434431,2.984527333157228,21.31805237969448,5427305.082694791,1156995.740334697,4270309.342360095,0.7534624774457235
2026-06-06,alphalend,SUI,3.793397269472077,7.199119581725626,61.99119581725626,11200912.09946581,6943579.352898601,4257332.746567211,0.7267293757388885
2026-06-06,alphalend,TBTC,0.3990731993907459,0.9118127542048974,54.70876525229384,2839353.713556924,1553375.357832145,1285978.355724778,61626.09566212392
2026-06-06,alphalend,USDC,7.694221856708374,10.8870291872449,83.14504864540817,33961936.14175456,28237668.32598428,5724267.815770271,0.9997404297185823
2026-06-06,alphalend,USDSUI,0.6595219566917503,4.193715796098571,20.96857898049285,8472418.992490059,1776545.867998555,6695873.124491503,0.9986400442453777
2026-06-06,alphalend,USDT,5.266788240106114,9.640711689715937,64.27141126477292,6229910.91305963,4004051.664361524,2225859.248698106,0.9988321840839732
2026-06-06,alphalend,WAL,1.246520987705371,5.765462658984379,28.8273132949219,3403564.300371974,981156.1440623457,2422408.156309629,0.03672756019499929
2026-06-06,alphalend,WBTC,0.236640300163799,1.292440373403465,21.54067289005775,4951110.226259302,1066502.458264714,3884607.767994588,61252.92446228739
2026-06-06,alphalend,XAUM,0.5251025046466353,2.449728858807814,30.62161073509767,1507711.138724478,461685.4359099182,1046025.70281456,4325.699267978817
2026-06-06,alphalend,XBTC,13.88428177690518,18.1201326637197,95.77938828163504,6479473.269022375,6205999.860941691,273473.408080684,61284.2197928036
2026-06-06,bucket,BKT-AF-AFSUI-SUI,0,0,0,1.130249793687159,0,1.130249793687159,1
2026-06-06,bucket,BKT-KRIYA-FOUNTAIN-1,0,0,0,1.829630968968742,0,1.829630968968742,1
2026-06-06,bucket,BKT-PSM-BLUEFIN_STABLE_LP,0,0,0,141001.4361750229,0,141001.4361750229,1
2026-06-06,bucket,BKT-PSM-BUCKETUS,0,0,0,968647.963633873,0,968647.963633873,1
2026-06-06,bucket,BKT-PSM-CETABLE,0,0,0,0.2378118430924423,0,0.2378118430924423,1
2026-06-06,bucket,BKT-PSM-FDUSD,0,0,0,0.07015366264981993,0,0.07015366264981993,1
2026-06-06,bucket,BKT-PSM-STAPEARL,0,0,0,0.05954562927062475,0,0.05954562927062475,1
2026-06-06,bucket,BKT-PSM-USDC_CIRCLE,0,0,0,59508.21324053456,0,59508.21324053456,1
2026-06-06,bucket,BKT-PSM-USDC_WORMHOLE,0,0,0,1.591802269147959,0,1.591802269147959,1
2026-06-06,bucket,BKT-PSM-USDT_WORMHOLE,0,0,0,0.1210593054761932,0,0.1210593054761932,1
2026-06-06,bucket,BKT-SAVE-AFSUI_S,0,0,0,1364356.532409198,0,1364356.532409198,1
2026-06-06,bucket,BKT-SAVE-HASUI_NAVI_POND,0,0,0,0.8807830431470347,0,0.8807830431470347,1
2026-06-06,bucket,BKT-SAVE-HASUI_S,0,0,0,2349805.97002999,0,2349805.97002999,1
2026-06-06,bucket,BKT-SAVE-NAVI_STSUI,0,0,0,658111.0429601001,0,658111.0429601001,1
2026-06-06,bucket,BKT-SAVE-NAVI_VSUI,0,0,0,0.6692484454001482,0,0.6692484454001482,1
2026-06-06,bucket,BKT-SAVE-SUI_NAVI_POND,0,0,0,961342.3044683578,0,961342.3044683578,1
2026-06-06,bucket,BKT-SAVE-VSUI_S,0,0,0,1447684.505119626,0,1447684.505119626,1
2026-06-06,bucket,BKT-SCOIN-NAVI_CIRCLE_USDC,0,0,0,0.7062130560429885,0,0.7062130560429885,1
2026-06-06,bucket,BKT-SCOIN-NAVI_SUI_BRIDGE_USDT,0,0,0,19241.37797599328,0,19241.37797599328,1
2026-06-06,bucket,BKT-SCOIN-SCALLOP_CIRCLE_USDC,0,0,0,0.9648004505170793,0,0.9648004505170793,1
2026-06-06,bucket,BKT-SCOIN-SCALLOP_SUI_BRIDGE_USDT,0,0,0,0.3028335622074865,0,0.3028335622074865,1
2026-06-06,bucket,BKT-SCOIN-SCALLOP_USDC,0,0,0,0.5511939404132821,0,0.5511939404132821,1
2026-06-06,bucket,BKT-SCOIN-SCALLOP_USDT,0,0,0,0.196425303530576,0,0.196425303530576,1
2026-06-06,bucket,PSM-BUCK,0,0,0,2216660.53389654,2216011.945479,2216660.53389654,1.00029268272622
2026-06-06,bucket,PSM-USDC,0,0,0,347601.9939865731,347706.313981,347601.9939865731,0.9996999767038093
2026-06-06,bucket,PSM-USDSUI,0,0,0,153324.7436064434,153533.542431,153324.7436064434,0.9986400442453777
2026-06-06,bucket,PSM-USDT,0,0,0,0,0,0,0.9995001805616994
2026-06-06,bucket,SAVING-USDB,0,0,0,8697138.702958,0,8697138.702958,1
2026-06-06,bucket,SUI,0,8,78.76863843999999,34159.82283371698,23630.591532,6369.408468000001,0.7237077867383225
2026-06-06,bucket,V1-AF_LP,0,0,0,0,0,0,0
2026-06-06,bucket,V1-BTC,0,0,1.292917271643343e-9,696.10022214033,9e-9,696.1002221313299,61408.21782490327
2026-06-06,bucket,V1-CETUS,0,0,52.63334669223538,18.6538411976915,9.818140909,8.835700288691498,0.0186538411976915
2026-06-06,bucket,V1-COIN,0,0,0.06799868889461969,87.18614572210437,3e-9,87.18614571910437,0.9985425572948066
2026-06-06,bucket,V1-HAEDAL,0,0,100,32.23399648767167,50.493491719,0,0.02109894229580334
2026-06-06,bucket,V1-LBTC,0,0,39.6592198598337,1078.193364615501,427.603076987,650.590287628501,61655.15926911716
2026-06-06,bucket,V1-LP_TOKEN,0,0,0,0,1487.982953506,0,0
2026-06-06,bucket,V1-MUSD,0,0,69.71663379351986,72.40794266330762,50.480380224,21.92756243930762,0.9979383930888753
2026-06-06,bucket,V1-NAVX,0,0,100,48.80700749401501,52.870769635,0,0.006868092544261929
2026-06-06,bucket,V1-SCA,0,0,100,1628.533001266117,1865.037219788,0,0.01403494225621438
2026-06-06,bucket,V1-SCALLOP_DEEP,0,0,15.76708371810404,8607.688737389402,1357.181489418,7250.507247971403,0.02176713030584751
2026-06-06,bucket,V1-SCALLOP_SB_USDT,0,0,66.25294995122832,530.9229917051845,351.752143974,179.1708477311845,1.129225060875674
2026-06-06,bucket,V1-SCALLOP_SCA,0,0,95.97943208143971,168.2352157918477,161.471204678,6.764011113847715,0.01861647094294714
2026-06-06,bucket,V1-SCALLOP_SUI,0,0,59.05651110421366,78017.9251162055,46074.664609529,31943.2605066765,0.7990915534932974
2026-06-06,bucket,V1-SCALLOP_USDC,0,0,52.14885056626311,13301.9532629731,6936.815729502,6365.137533471098,1.126515657350183
2026-06-06,bucket,V1-SCALLOP_WORMHOLE_USDC,0,0,67.43639642455618,643.4346688934243,433.909154048,209.5255148454243,1.158926751833415
2026-06-06,bucket,V1-SCALLOP_WORMHOLE_USDT,0,0,52.60880742548931,2097.152883253632,1103.287121769,993.865761484632,1.173566133286913
2026-06-06,bucket,V1-STSUI,0,0,94.70476481107322,38.33898280454274,36.308843496,2.030139308542736,0.7534624774457235
2026-06-06,bucket,V1-SUI,0,0,16.68573182075761,0,3017.794346294,0,0
2026-06-06,bucket,V1-TBTC,0,0,95.1671002007757,302.5802248597387,287.95682578,14.6233990797387,61567.74519537514
2026-06-06,bucket,V1-TLP,0,0,0,0,12494.869472018,0,0
2026-06-06,bucket,V1-USDY,0,0,74.04750754224125,852.6993460351238,631.402612568,221.2967334671238,1.122459409884611
2026-06-06,bucket,V1-WAL,0,0,100,42834.25805898723,50584.022907858,0,0.03685668575669846
2026-06-06,bucket,V1-WETH,0,0,22.16911591896204,1412.813834195804,313.208336622,1099.605497573804,1598.722657316061
2026-06-06,bucket,V1-afSUI,0,0,57.7318715215072,5784.185261433944,3339.318403697,2444.866857736944,0.765405101600419
2026-06-06,bucket,V1-haSUI,0,0,29.42432774512499,3078.767148038208,905.906536148,2172.860611890208,0.7794540087578022
2026-06-06,bucket,V1-sSUI,0,0,67.07232721620844,77.71912039664987,52.128022742,25.59109765464987,0.7525827897972963
2026-06-06,bucket,V1-vSUI,0,0,85.93367400762688,12549.97240168252,10784.652371709,1765.320029973524,0.7701363008056941
2026-06-06,bucket,V1PSM-AUSD,0,0,0,7.307956001,7.307956001,7.307956001,0.9994147291873298
2026-06-06,bucket,V1PSM-BLUEFIN_STABLE_LP,0,0,0,282087.505173162,282087.505173162,282087.505173162,1
2026-06-06,bucket,V1PSM-BUCKETUS,0,0,0,1937877.33561359,1937877.33561359,1937877.33561359,1
2026-06-06,bucket,V1PSM-CETABLE,0,0,0,0.238021,0.238021,0.238021,1
2026-06-06,bucket,V1PSM-COIN,0,0,0,1019.758977,1019.758977,1019.758977,0.9996999767038093
2026-06-06,bucket,V1PSM-FDUSD,0,0,0,0.070352,0.070352,0.070352,0.997180785902603
2026-06-06,bucket,V1PSM-SCABLE,0,0,0,854.607426626,854.607426626,854.607426626,1
2026-06-06,bucket,V1PSM-STAPEARL,0,0,0,0.059598,0.059598,0.059598,1
2026-06-06,bucket,V1PSM-USDC,0,0,0,59526.072350565,59526.072350565,59526.072350565,0.9996999767038093
2026-06-06,bucket,V1PSM-USDT,0,0,0,0.057134295,0.057134295,0.057134295,0.9995001805616994
2026-06-06,bucket,WBTC,0,9,77.33359980777777,304881.128522999,139200.479654,40799.520346,61154.76520697861
2026-06-06,bucket,afSUI,0,9,61.795569275,21567.59794292949,12359.113855,7640.886145,0.765405101600419
2026-06-06,bucket,haSUI,0,9,87.36697364255555,4417144.230267406,1572605.525566,227394.474434,0.7794540087578022
2026-06-06,bucket,vSUI,0,9,4.802206243,186861.3522003374,9604.412486,190395.587514,0.7701363008056941
2026-06-06,navi,AUSD,1.5924,5.5287,41.14811186417912,2519.807310126077,1036.854236901356,1482.953073224721,0.999762
2026-06-06,navi,BLUE,19.3742,74.6419,37.08326967365796,22758.23457236669,8439.627497082422,14318.60707528427,0.01173035
2026-06-06,navi,BUCK,0.1455,2.693,7.71960210450542,20394275.75971058,1574358.223552495,18819917.53615808,0.99889601
2026-06-06,navi,CETUS,0.4519,5.0815,12.70392005311735,180745.3836381414,22961.78049623318,157783.6031419082,0.01870466
2026-06-06,navi,DEEP,4.734,13.0561,51.79835525938219,5664776.879960871,2934252.454281244,2730524.425679627,0.017194
2026-06-06,navi,FDUSD,0.1066,4.5776,3.105671137409432,25706.10619822142,798.3482821612508,24907.75791606017,0.997153
2026-06-06,navi,HAEDAL,0.02,30.076,0.09503969391815759,149597.2978968617,142.1780885444719,149455.1198083172,0.02112575
2026-06-06,navi,IKA,1.2005,29.192,13.70875959624334,167619.7984209383,22978.78505036525,144641.013370573,0.0019105
2026-06-06,navi,LBTC,0.0049,0.2807,3.509187779210146,2772716.571520282,97299.83971767138,2675416.731802611,61521.69999999
2026-06-06,navi,MBTC,0,0,0,18386830.04203283,0,18386830.04203283,61291.47057106
2026-06-06,navi,NAVX,0.0107,1.0342,1.292748203986658,1672149.240727464,21616.6865687368,1650532.554158728,0.00685986
2026-06-06,navi,NS,0.3206,11.8096,4.524020012655904,407430.4936702892,18432.30523634023,388998.1884339491,0.011486
2026-06-06,navi,SOL,0.2283,7.0924,4.599593853674109,25897.71811907829,1191.192494336068,24706.52562474223,64.706
2026-06-06,navi,SUI,2.717533333333333,4.387133333333334,77.42860950370932,21047435.84307802,16296056.56417849,4751379.278899538,0.72575379
2026-06-06,navi,USDC,4.866433333333334,6.940966666666665,87.63940199494691,24381745.69691498,21373130.83004458,3008614.866870404,0.99975
2026-06-06,navi,USDSUI,1.198566666666667,3.5539,42.15627883791189,4728809.009379891,1982101.830397431,2746707.178982459,0.99975
2026-06-06,navi,USDY,0.0769,2.5987,3.947652148373967,2367028.170822435,93442.11550468406,2273586.055317751,1.135032
2026-06-06,navi,WAL,5.3748,13.3846,57.36677009690828,4776179.063913121,2739944.785873301,2036234.27803982,0.0367381
2026-06-06,navi,WBTC,0.05354999999999999,0.4177999999999999,35.81823684258652,29228.3320544283,1860.902027209763,27367.43002721854,61291.47057106
2026-06-06,navi,WETH,0.001,0.5147,9.656710257262455,150316.4372647426,14515.62502937928,135800.8122353633,1593.83686919
2026-06-06,navi,XAUm,0.013,8.046266666666666,0.2313502863597247,1406874.794372424,2898.316652483698,1403976.47771994,4348.87200001
2026-06-06,navi,YBTC.B,0,0,0,3922.652277803723,0,3922.652277803723,61291.47057106
2026-06-06,navi,enzoBTC,0,0,0,26661789.6984111,0,26661789.6984111,61291.47057106
2026-06-06,navi,haSUI,0.0156,0.2824,8.481581311201177,16381600.79310778,1389418.910047089,14992181.88306069,0.72575379
2026-06-06,navi,stBTC,0.0002,0.2502,3.127373015517815,30971.59262114871,968.5973095415147,30002.99531160719,61291.47057106
2026-06-06,navi,stSUI,0.0151,0.5017,3.764065695578942,9699.426578308598,365.0928463223543,9334.333731986242,0.72575379
2026-06-06,navi,suiETH,0.063,0.9167,11.45815430207078,2088204.244749986,239269.7281988257,1848934.516551161,1593.83686919
2026-06-06,navi,suiUSDT,4.1915,6.7038,78.15415282105717,5146107.039754576,4021898.292073898,1124208.747680678,0.999665
2026-06-06,navi,suiUSDe,0.9380000000000001,3.3698,34.79366412807332,681760.1139764136,237209.4950625632,444550.6189138503,0.99975
2026-06-06,navi,vSUI,0.0087,0.4233,3.175668326233346,10390933.10080572,329981.5926267742,10060951.50817895,0.72575379
2026-06-06,navi,wBTC,0.5092,1.2359,82.39647711571007,7786681.830045602,6415951.969354078,1370729.860691525,61291.47057106
2026-06-06,navi,wUSDC,1.4454,19.3969,93.14897815259333,2148270.886839765,2001093.25123149,147177.6356082745,0.99975
2026-06-06,navi,wUSDT,1.3996,29.1564,96.00438809522603,1161790.417497886,1115370.207445253,46420.21005263286,0.999665
2026-06-06,navi,xBTC,0.2276,0.4507999999999999,72.1227943083675,10738813.04743939,7745132.364625832,2993680.68281356,61291.47057106
2026-06-06,scallop,CETUS,0.8892651161445331,23.21647454545776,7.065838570955566,69143.10553186103,4885.540219826747,64257.56531203428,0.01872534
2026-06-06,scallop,DEEP,6.909623292684008,28.14735423981771,38.47592489550828,128389.595409888,49399.08430355546,78990.51110633256,0.0172387
2026-06-06,scallop,SBETH,3.531424759225543,8.627312955693567,52.41931878390691,578141.9790882225,303058.0870418437,275083.8920463788,1597.50359737
2026-06-06,scallop,SCA,5.720563811477608,25.91097886210867,24.38215617126674,333300.1543926041,81265.76416307791,252034.3902295262,0.01397541
2026-06-06,scallop,SUI,3.693315685548115,8.741106745168036,54.09492212949908,3750620.420457077,2028895.195819347,1721725.22463773,0.7236234500000001
2026-06-06,scallop,USDC,5.878687814126415,9.760228830577145,76.6699357285318,3633142.437707494,2785527.971916349,847614.465791145,0.99975074
2026-06-06,scallop,USDSUI,7.041553437190773,10.52360298710819,85.00484401602904,480295.5802846254,408274.5088368274,72021.07144779801,0.99975074
2026-06-06,scallop,USDT,6.838154924458806,10.39111390008349,83.63131347668204,1053712.003798983,881233.1890385549,172478.8147604276,0.99968208
2026-06-06,scallop,USDY,3.130372262455339,7.60387156650677,52.57104537881369,547619.5069832838,287889.2995194179,259730.2074638659,1.13526532
2026-06-06,scallop,WBTC,0,5.126749587580526,0,119.6778217635,0,119.6778217635,61311.93
2026-06-06,scallop,WETH,0.3929600924911014,5.708447721655174,8.830157389941498,11273.107230239,995.4331111669784,10277.67411907202,1597.50359737
2026-06-06,scallop,afSUI,0.1396909065713325,5.347031790710122,3.349595119388923,109671.9964034384,3673.567838865967,105998.4285645724,0.7236234500000001
2026-06-06,scallop,haSUI,0.3164908772637309,5.603714112530844,7.243887947043703,55051.46161644952,3987.866192705378,51063.59542374415,0.7236234500000001
2026-06-06,scallop,vSUI,0.9356814943557001,6.372047110477164,18.84459215615392,23626.89723713524,4452.392423491732,19174.5048136435,0.7236234500000001
2026-06-06,scallop,wUSDC,1.578076786697169,6.078923097577293,33.16338405378678,168628.2400004824,55922.83085450128,112705.4091459811,0.99975074
2026-06-06,scallop,wUSDT,1.108817257324457,5.424642879902475,26.0914863214913,73778.94149203686,19250.02242753587,54528.91906450099,0.99968208
2026-06-06,suilend,AUSD,0.05794381642323559,4.131483820949113,1.75311761265485,1683847.554087687,29519.82804096914,1654327.726046718,0.99985424
2026-06-06,suilend,BTC,0.1678685463769956,0.9161564996685764,22.90391249171441,2172644.81854908,497620.6679962485,1675024.150552831,61193.5125
2026-06-06,suilend,DEEP,0.2799761822014061,27.20526763394722,1.470178422631478,5779385.805357341,84967.2830709901,5694418.522286351,0.01705613
2026-06-06,suilend,ETH,0.04013188553995276,1.112708856074688,4.508354242987508,4026128.150963329,181512.1193220697,3844616.031641259,1593.08465371
2026-06-06,suilend,LBTC,0,3,0,2995522.137017176,0,2995522.137017176,61193.5125
2026-06-06,suilend,SEND,0.001167465065438398,50.0012452650561,0.003113162640249399,498680.8036818492,15.52474447431878,498665.2789373749,0.04992887
2026-06-06,suilend,SUI,1.373835531121732,3.362086317306328,51.07823689898731,37738387.46532372,19276102.95139578,18462284.51392793,0.72013932
2026-06-06,suilend,USDC,3.5210161428024,6.265869868749684,70.24196593124022,30890293.671184,21697949.55657311,9192344.11461088,0.99975009
2026-06-06,suilend,USDSUI,0.3056649061648826,4.226028488534066,9.041139541362638,9908251.825746385,895818.8736753418,9012432.952071043,0.99985424
2026-06-06,suilend,USDT,3.481883590109544,6.7665295811419,64.32181276154917,2335886.195733699,1502484.345142704,833401.8505909954,0.99969993
2026-06-06,suilend,WAL,0.3266963656209521,20.89350098681635,2.233752467040863,1851508.4375455,41358.11540114234,1810150.322144357,0.03642931
2026-06-06,suilend,WBTC,0.05220785796235173,0.5109200424839083,12.77300106209771,3220877.774816315,411402.7523861569,2809475.022430158,61193.5125
2026-06-06,suilend,WETH,6.551799370217847,138.8873944209337,94.34692612003278,844.8942124033911,797.1317183686601,47.76249403473103,1593.08465371
2026-06-06,suilend,XBTC,0.2525105621570592,1.160483949984222,29.01209874960555,3709643.457929594,1076245.423272816,2633398.034656778,61193.5125
2026-06-06,suilend,sSUI,0,0,0,41659986.1533898,0,41659986.1533898,0.7234401422002199
2026-06-06,suilend,wUSDC,5.158502398834763,11.55179987597498,55.81924953490617,43187.59060225402,24106.98896638586,19080.60163586816,0.99975009
2026-06-06,suilend,wUSDT,0.3254282908502631,8.779889429199294,37.06519238932393,20823.95681279918,7718.439655733741,13105.51715706544,0.99969993
2026-06-07,alphalend,ALPHA,1.360254574372891e-13,0.000001374497167842405,0.00001099597734273924,6356880.301762841,0.699001117686896,6356879.602761723,0.699001117686896
2026-06-07,alphalend,BLUE,1.005156356228261,1.894688399021498,66.31409396575242,593506.6741297898,393578.5735754408,199928.100554349,0.01163107333308595
2026-06-07,alphalend,BTCVC,0,20,0,3333664.688045764,0,3333664.688045764,60777.84543965
2026-06-07,alphalend,DEEP,4.627552021047328,11.16850677441493,55.245248859328,2984444.920490369,1648764.023394478,1335680.897095891,0.01638426397768507
2026-06-07,alphalend,EBTC,4.03281014713781e-7,0.007100008932334003,0.007100008932334003,691925.6549448733,49.12678330619656,691876.5281615672,63082.531820944
2026-06-07,alphalend,EEARN,0,0,0,1021061.752262845,0,1021061.752262845,1.013909913864062
2026-06-07,alphalend,EGUSDC,0.0009980966523064347,0.1462456338034283,0.8530995305199987,1427712.412735351,12179.80789022103,1415532.60484513,1.060141949
2026-06-07,alphalend,ESUI,7.973504027029041e-14,0.00000315703659050482,0.00000315703659050482,4049639.083518326,0.1278485876500576,4049638.955669738,0.7426265669800312
2026-06-07,alphalend,ETHIRD,0,0,0,6716551.191435841,0,6716551.191435841,1.031486918404209
2026-06-07,alphalend,STSUI,0.545848060509624,2.9984060171511,21.41718583679357,5345087.639973406,1144767.352992588,4200320.286980817,0.7441816840691908
2026-06-07,alphalend,SUI,3.768402690641863,7.177136309951219,61.77136309951219,11096473.79715694,6854443.120484043,4242030.676672899,0.7206685510179706
2026-06-07,alphalend,TBTC,0.3990842326369714,0.9118253586407635,54.70952151844581,2805878.805150732,1535082.86868545,1270795.936465282,60898.89195363639
2026-06-07,alphalend,USDC,6.869568697319486,9.913614731540445,81.52269121923408,34580021.43746157,28190564.10000674,6389457.337454825,0.999651907903449
2026-06-07,alphalend,USDSUI,0.6759875582709709,4.245743148993577,21.22871574496788,8376831.509141016,1778293.74951045,6598537.759630566,0.9981897163014044
2026-06-07,alphalend,USDT,5.447365642566068,9.80458983984728,65.36393226564853,6042062.349915661,3949329.541847124,2092732.808068536,0.9987024863934577
2026-06-07,alphalend,WAL,1.246200760996103,5.764722048219619,28.82361024109809,3281827.769233874,945941.244988096,2335886.524245778,0.03540388750725655
2026-06-07,alphalend,WBTC,0.2345884872034788,1.286825059283905,21.44708432139842,4929156.413571436,1057160.332352284,3871996.081219152,60714.27826227267
2026-06-07,alphalend,XAUM,0.5306795466378252,2.462703616847202,30.78379521059002,1476369.838203713,454482.6675435501,1021887.170660162,4274.181561298814
2026-06-07,alphalend,XBTC,17.54977856601081,22.84580553904794,96.02297966696123,6401229.363418454,6146651.170070853,254578.1933476005,60730.89744588684
2026-06-07,bucket,BKT-AF-AFSUI-SUI,0,0,0,1.140997252351192,0,1.140997252351192,1
2026-06-07,bucket,BKT-KRIYA-FOUNTAIN-1,0,0,0,1.837100114132804,0,1.837100114132804,1
2026-06-07,bucket,BKT-PSM-BLUEFIN_STABLE_LP,0,0,0,141001.547846377,0,141001.547846377,1
2026-06-07,bucket,BKT-PSM-BUCKETUS,0,0,0,968648.7307908096,0,968648.7307908096,1
2026-06-07,bucket,BKT-PSM-CETABLE,0,0,0,0.2378860513338681,0,0.2378860513338681,1
2026-06-07,bucket,BKT-PSM-FDUSD,0,0,0,0.07015719806509009,0,0.07015719806509009,1
2026-06-07,bucket,BKT-PSM-STAPEARL,0,0,0,0.05956421024781794,0,0.05956421024781794,1
2026-06-07,bucket,BKT-PSM-USDC_CIRCLE,0,0,0,59508.26037028684,0,59508.26037028684,1
2026-06-07,bucket,BKT-PSM-USDC_WORMHOLE,0,0,0,1.591634454009743,0,1.591634454009743,1
2026-06-07,bucket,BKT-PSM-USDT_WORMHOLE,0,0,0,0.1211348054254384,0,0.1211348054254384,1
2026-06-07,bucket,BKT-SAVE-AFSUI_S,0,0,0,1361448.126123119,0,1361448.126123119,1
2026-06-07,bucket,BKT-SAVE-HASUI_NAVI_POND,0,0,0,0.8748956650236954,0,0.8748956650236954,1
2026-06-07,bucket,BKT-SAVE-HASUI_S,0,0,0,2334099.268624139,0,2334099.268624139,1
2026-06-07,bucket,BKT-SAVE-NAVI_STSUI,0,0,0,650004.7433216193,0,650004.7433216193,1
2026-06-07,bucket,BKT-SAVE-NAVI_VSUI,0,0,0,0.6656018984596087,0,0.6656018984596087,1
2026-06-07,bucket,BKT-SAVE-SUI_NAVI_POND,0,0,0,981593.2078033366,0,981593.2078033366,1
2026-06-07,bucket,BKT-SAVE-VSUI_S,0,0,0,1439796.478573888,0,1439796.478573888,1
2026-06-07,bucket,BKT-SCOIN-NAVI_CIRCLE_USDC,0,0,0,0.7062136153547972,0,0.7062136153547972,1
2026-06-07,bucket,BKT-SCOIN-NAVI_SUI_BRIDGE_USDT,0,0,0,19226.02156556046,0,19226.02156556046,1
2026-06-07,bucket,BKT-SCOIN-SCALLOP_CIRCLE_USDC,0,0,0,0.9648012146268341,0,0.9648012146268341,1
2026-06-07,bucket,BKT-SCOIN-SCALLOP_SUI_BRIDGE_USDT,0,0,0,0.3025918728399218,0,0.3025918728399218,1
2026-06-07,bucket,BKT-SCOIN-SCALLOP_USDC,0,0,0,0.5511358310054194,0,0.5511358310054194,1
2026-06-07,bucket,BKT-SCOIN-SCALLOP_USDT,0,0,0,0.1965478063021613,0,0.1965478063021613,1
2026-06-07,bucket,PSM-BUCK,0,0,0,2225304.765911631,2228548.453105,2225304.765911631,0.9985444843306639
2026-06-07,bucket,PSM-USDC,0,0,0,148008.8685597626,148053.170739,148008.8685597626,0.9997007684535475
2026-06-07,bucket,PSM-USDSUI,0,0,0,154252.6500847832,154532.397565,154252.6500847832,0.9981897163014044
2026-06-07,bucket,PSM-USDT,0,0,0,0,0,0,0.9987024863934577
2026-06-07,bucket,SAVING-USDB,0,0,0,8692807.405762,0,8692807.405762,1
2026-06-07,bucket,SUI,0,8,86.80262999333334,43744.46720698296,26040.788998,3959.211002,0.7389528626742182
2026-06-07,bucket,V1-AF_LP,0,0,0,0,0,0,0
2026-06-07,bucket,V1-BTC,0,0,1.309971333643634e-9,687.0379350185359,9e-9,687.0379350095359,60608.76555658499
2026-06-07,bucket,V1-CETUS,0,0,53.43704113525628,18.37328695679271,9.818140909,8.555146047792714,0.01837328695679271
2026-06-07,bucket,V1-COIN,0,0,0.06800585838466883,87.24052030777551,3e-9,87.24052030477552,0.9991653091939554
2026-06-07,bucket,V1-HAEDAL,0,0,100,33.75461356989604,50.493491719,0,0.02209427069338927
2026-06-07,bucket,V1-LBTC,0,0,40.04655412104496,1067.764970974842,427.603076987,640.1618939878416,61058.82442609464
2026-06-07,bucket,V1-LP_TOKEN,0,0,0,0,1487.982953506,0,0
2026-06-07,bucket,V1-MUSD,0,0,69.6826612731745,72.44324384527096,50.480380224,21.96286362127096,0.9984249198911412
2026-06-07,bucket,V1-NAVX,0,0,100,47.81997211210906,52.870769635,0,0.00672919752292258
2026-06-07,bucket,V1-SCA,0,0,100,1597.395022444955,1865.037219788,0,0.01376659047311236
2026-06-07,bucket,V1-SCALLOP_DEEP,0,0,16.25783439867816,8347.861444131484,1357.181489418,6990.679954713484,0.02111007883455139
2026-06-07,bucket,V1-SCALLOP_SB_USDT,0,0,66.24910556474897,530.9538007727709,351.752143974,179.201656798771,1.129290588968758
2026-06-07,bucket,V1-SCALLOP_SCA,0,0,96.12635960275283,167.9780710985916,161.471204678,6.506866420591621,0.01858801598072295
2026-06-07,bucket,V1-SCALLOP_SUI,0,0,57.86321984811571,79626.85922157406,46074.664609529,33552.19461204507,0.8155709157912864
2026-06-07,bucket,V1-SCALLOP_USDC,0,0,52.14151541330349,13303.82455231082,6936.815729502,6367.008822808822,1.126674133079026
2026-06-07,bucket,V1-SCALLOP_WORMHOLE_USDC,0,0,67.4343139365129,643.4545392669238,433.909154048,209.5453852189238,1.15896254149246
2026-06-07,bucket,V1-SCALLOP_WORMHOLE_USDT,0,0,52.61398467844889,2096.946521940421,1103.287121769,993.6594001714211,1.173450653557066
2026-06-07,bucket,V1-STSUI,0,0,95.88584111649729,37.86674140125264,36.308843496,1.557897905252638,0.7441816840691908
2026-06-07,bucket,V1-SUI,0,0,16.34149437138516,0,3017.794346294,0,0
2026-06-07,bucket,V1-TBTC,0,0,96.21232157400898,299.2930854064219,287.95682578,11.33625962642191,60898.89195363639
2026-06-07,bucket,V1-TLP,0,0,0,0,12494.869472018,0,0
2026-06-07,bucket,V1-USDY,0,0,73.17963716240278,862.8118928312932,631.402612568,231.4092802632932,1.135771163156193
2026-06-07,bucket,V1-WAL,0,0,100,41145.83887949197,50584.022907858,0,0.03540388750725655
2026-06-07,bucket,V1-WETH,0,0,22.63538473525912,1383.711124353524,313.208336622,1070.502787731524,1565.790390878684
2026-06-07,bucket,V1-afSUI,0,0,57.85520177171538,5771.855082060309,3339.318403697,2432.536678363309,0.7637734833569381
2026-06-07,bucket,V1-haSUI,0,0,29.6223309475479,3058.187884512139,905.906536148,2152.281348364139,0.7742439397004853
2026-06-07,bucket,V1-sSUI,0,0,67.97035099868611,76.69229594387066,52.128022742,24.56427320187066,0.7426396714583249
2026-06-07,bucket,V1-vSUI,0,0,86.40446770092467,12481.5911244756,10784.652371709,1696.9387527666,0.7659400442573173
2026-06-07,bucket,V1PSM-AUSD,0,0,0,7.307956001,7.307956001,7.307956001,0.9997168283123454
2026-06-07,bucket,V1PSM-BLUEFIN_STABLE_LP,0,0,0,282087.505173162,282087.505173162,282087.505173162,1
2026-06-07,bucket,V1PSM-BUCKETUS,0,0,0,1937877.33561359,1937877.33561359,1937877.33561359,1
2026-06-07,bucket,V1PSM-CETABLE,0,0,0,0.238021,0.238021,0.238021,1
2026-06-07,bucket,V1PSM-COIN,0,0,0,1019.758977,1019.758977,1019.758977,0.9997007684535475
2026-06-07,bucket,V1PSM-FDUSD,0,0,0,0.070352,0.070352,0.070352,0.997231039133075
2026-06-07,bucket,V1PSM-SCABLE,0,0,0,854.607426626,854.607426626,854.607426626,1
2026-06-07,bucket,V1PSM-STAPEARL,0,0,0,0.059598,0.059598,0.059598,1
2026-06-07,bucket,V1PSM-USDC,0,0,0,59526.072350565,59526.072350565,59526.072350565,0.9997007684535475
2026-06-07,bucket,V1PSM-USDT,0,0,0,0.057134295,0.057134295,0.057134295,0.9987024863934577
2026-06-07,bucket,WBTC,0,9,71.58846216277777,304790.2474292138,128859.231893,51140.768107,61163.13314105271
2026-06-07,bucket,afSUI,0,9,61.795569275,21521.62217637376,12359.113855,7640.886145,0.7637734833569381
2026-06-07,bucket,haSUI,0,9,87.30859432577778,4386999.518397476,1571554.697864,228445.302136,0.7742439397004853
2026-06-07,bucket,vSUI,0,9,4.802206243,185843.1971387088,9604.412486,190395.587514,0.7659400442573173
2026-06-07,navi,AUSD,1.5867,5.5256,41.02517307212774,2519.786682060008,1033.748088294072,1486.038593765936,0.999692
2026-06-07,navi,BLUE,17.1192,67.566,36.2009343270748,23352.99089608939,8454.135145027278,14898.85575106212,0.01173792
2026-06-07,navi,BUCK,0.1464,2.6941,7.763624888652559,20395384.59583841,1583422.604010913,18811961.9918275,0.99894464
2026-06-07,navi,CETUS,0.4572,5.1113,12.77821136626913,176470.729736708,22549.83916496267,153920.8905717453,0.01836701
2026-06-07,navi,DEEP,4.761066666666667,13.07023333333333,52.03791076007706,5373717.70794103,2796342.013836832,2577375.694104198,0.016381
2026-06-07,navi,FDUSD,0.1058,4.577,3.081703300554608,25712.39234544569,792.3809383504457,24920.01140709524,0.997393
2026-06-07,navi,HAEDAL,0.0201,30.0763,0.09537154644799528,156263.3045740194,149.0323479257015,156114.2722260937,0.02212606
2026-06-07,navi,IKA,1.0936,28.13723333333333,12.95522173498855,162709.4247288347,21231.34495668688,141478.0797721479,0.00176385
2026-06-07,navi,LBTC,0.0044,0.2645,3.306417049289182,2751117.88856429,90963.43948149588,2660154.449082794,61029.7772002
2026-06-07,navi,MBTC,0,0,0,18223986.03360718,0,18223986.03360718,60748.63916797
2026-06-07,navi,NAVX,0.0105,1.0264,1.283029987268404,1639451.268084628,21034.65909179829,1618416.608992829,0.00672444
2026-06-07,navi,NS,0.3329,11.8698,4.674646835663069,380532.880198533,17788.64096038846,362744.2392381445,0.010979
2026-06-07,navi,SOL,0.1354,6.687,2.892812177599694,39584.82090426581,1145.117258706997,38439.70364555881,62.19169784
2026-06-07,navi,SUI,2.7079,4.385866666666667,77.17708595624266,20922408.042485,16136322.59983606,4786085.442648937,0.71956074
2026-06-07,navi,USDC,4.818966666666667,6.924699999999999,86.9885532696757,24517824.03639907,21327919.74039792,3189904.296001154,0.99974
2026-06-07,navi,USDSUI,1.2148,3.5649,42.59672806623245,4655423.092052684,1983039.064189649,2672384.027863035,0.99974
2026-06-07,navi,USDY,0.0768,2.5986,3.942284584989527,2375847.364771586,93662.7505446657,2282184.614226921,1.13505
2026-06-07,navi,WAL,5.415499999999999,13.405,57.71253654307847,4571547.497658295,2638361.420301835,1933186.07735646,0.03536319
2026-06-07,navi,WBTC,0.05354999999999999,0.41785,35.81714111422804,28967.30803984519,1844.446459838331,27122.86158000686,60748.63916797
2026-06-07,navi,WETH,0.001,0.5164,9.689222286227603,147134.3153067481,14256.17331853162,132878.1419882165,1565.32666318
2026-06-07,navi,XAUm,0.0116,8.0411,0.2056529474456706,1406827.20490386,2893.190164471609,1403934.014739388,4348.872
2026-06-07,navi,YBTC.B,0,0,0,3887.911084290905,0,3887.911084290905,60748.63916797
2026-06-07,navi,enzoBTC,0,0,0,26425658.03806695,0,26425658.03806695,60748.63916797
2026-06-07,navi,haSUI,0.0156,0.2824,8.481331445469568,16241515.92408669,1377456.501365589,14864059.4227211,0.71956074
2026-06-07,navi,stBTC,0.0002,0.25,3.125135933233779,30696.07521327504,959.2941636038173,29736.78104967123,60748.63916797
2026-06-07,navi,stSUI,0.0151,0.5017,3.764115171087628,9616.663744388285,361.982363340146,9254.68138104814,0.71956074
2026-06-07,navi,suiETH,0.0614,0.9049999999999999,11.31293138568815,2055020.666217881,232483.1466680981,1822537.519549784,1565.32666318
2026-06-07,navi,suiUSDT,4.1736,6.697433333333334,77.89548276149118,5151452.316167727,4012677.491887925,1138774.824279802,0.999544
2026-06-07,navi,suiUSDe,0.9377999999999999,3.3697,34.78695919401041,681785.0820071003,237172.4902512225,444612.5917558779,0.99974
2026-06-07,navi,vSUI,0.0088,0.4243,3.182738522743027,10300082.56713826,327818.610227029,9972263.95691123,0.71956074
2026-06-07,navi,wBTC,0.5113,1.2385,82.56448077261437,7699334.713768725,6356916.234986399,1342418.478782326,60748.63916797
2026-06-07,navi,wUSDC,1.4456,19.3987,93.15145992663297,2149029.430943038,2001853.268302038,147176.1626409997,0.99974
2026-06-07,navi,wUSDT,1.407,29.2853,96.09023031090904,1157566.661077066,1112308.939769169,45257.72130789759,0.999544
2026-06-07,navi,xBTC,0.2378333333333333,0.4608333333333334,73.72886461379923,10402456.59063325,7677109.630847531,2725346.959785715,60748.63916797
2026-06-07,scallop,CETUS,0.8522908975218346,23.17320612760141,6.784709198102011,67754.09212967049,4596.918120812265,63157.17400885822,0.01838596
2026-06-07,scallop,DEEP,6.813503443096014,28.07778211326575,38.04122010020251,122242.5012048856,46502.53893934325,75739.96226554239,0.01641769
2026-06-07,scallop,SBETH,3.412518566135381,8.542362539421354,51.16730171917875,566582.9945254407,289905.2302983903,276677.7642270505,1565.36178894
2026-06-07,scallop,SCA,5.767910088487205,25.93822055527364,24.55535307720176,327015.5374155556,80299.81982969849,246715.7175858571,0.01380058
2026-06-07,scallop,SUI,4.101987439553145,9.019484292265556,58.1866585981242,3450520.432691273,2007742.544028589,1442777.888662684,0.72098552
2026-06-07,scallop,USDC,5.525545081500671,9.515479771665603,73.95856503060264,3580971.466957713,2648435.111117246,932536.3558404677,0.99973383
2026-06-07,scallop,USDSUI,6.760839971218258,10.34195619498963,83.09033266087245,479695.2159121436,398580.3506596904,81114.86525245314,0.99973383
2026-06-07,scallop,USDT,7.001487756144931,10.49406732438369,84.7635787193879,1026744.594366901,870305.4624932483,156439.131873653,0.99955198
2026-06-07,scallop,USDY,3.044521361494357,7.524281023432233,51.67238297215185,554529.6870649521,286538.7035944773,267990.9834704748,1.13537383
2026-06-07,scallop,WBTC,0,5.126749587580526,0,118.5857768292022,0,118.5857768292022,60752.46642035
2026-06-07,scallop,WETH,0.3930185854614354,5.70852641327495,8.83135077824608,11046.4114579833,975.5473442628723,10070.86411372043,1565.36178894
2026-06-07,scallop,afSUI,0.1397110405844559,5.34706226288264,3.350058964915348,109272.609744957,3660.696858957894,105611.9128859991,0.72098552
2026-06-07,scallop,haSUI,0.3176619240838452,5.605344238130772,7.268590721372155,54672.50789422933,3973.920835941411,50698.58705828791,0.72098552
2026-06-07,scallop,vSUI,0.9358419459052802,6.3722264074769,18.84729436030852,23541.36591592526,4436.910530611774,19104.45538531349,0.72098552
2026-06-07,scallop,wUSDC,1.466352176195596,5.931681240829745,31.57570341477689,168632.1772408313,53246.79614744578,115385.3810933855,0.99973383
2026-06-07,scallop,wUSDT,1.074155969618862,5.372060290350622,25.52124532726191,73771.50498204546,18827.40676808106,54944.09821396439,0.99955198
2026-06-07,suilend,AUSD,0.05511852160903959,4.125261428644661,1.670152381928815,1683630.080733106,28119.187896234,1655510.892836872,0.99972914
2026-06-07,suilend,BTC,0.1654251930318061,0.9094646585541577,22.73661646385394,2144317.262171554,487545.1916681597,1656772.070503395,60782.24665249
2026-06-07,suilend,DEEP,0.2792332033332104,27.19985327915028,1.46656885276685,5560251.122087425,81544.91109215346,5478706.210995272,0.01636149
2026-06-07,suilend,ETH,0.0415191171613233,1.116236351677776,4.649454067111031,3951244.202414688,183711.2842706585,3767532.91814403,1564.5
2026-06-07,suilend,LBTC,0,3,0,2975790.922205841,0,2975790.922205841,60782.24665249
2026-06-07,suilend,SEND,0.001169065444120965,50.00124697204161,0.003117430104025612,492990.5594319738,15.36863610973663,492975.1907958641,0.04935915000000001
2026-06-07,suilend,SUI,1.393542169677905,3.375950455205877,51.59814207022041,37545710.23577204,19372888.90872694,18172821.3270451,0.71821536
2026-06-07,suilend,USDC,3.481592639005318,6.247196722073182,69.66309838426865,30920469.2844623,21540156.93851254,9380312.345949756,0.9997337
2026-06-07,suilend,USDSUI,0.3172260290773645,4.234128765507209,9.365150620288345,9565791.192119222,895850.7531642413,8669940.438954981,0.99972914
2026-06-07,suilend,USDT,3.220216656315244,6.616599698467304,60.83594298936483,2379466.170072295,1447570.682676404,931895.4873958909,0.99953499
2026-06-07,suilend,WAL,0.3251665430680116,20.88948783543891,2.223719588597286,1810591.970552977,40262.48831875615,1770329.482234221,0.03544396
2026-06-07,suilend,WBTC,0.05189423887035301,0.5093831508322247,12.73457877080562,3205421.879660448,408196.9742019979,2797224.90545845,60782.24665249
2026-06-07,suilend,WETH,6.709367997513115,142.0599760977823,94.45824477536078,834.1990546507695,787.9697849557695,46.22926969499999,1564.5
2026-06-07,suilend,XBTC,0.1577772484674877,0.9173214586464594,22.93303646616149,3797774.082719081,870944.9152923967,2926829.167426684,60782.24665249
2026-06-07,suilend,sSUI,0,0,0,42731917.41748299,0,42731917.41748299,0.7407803014503261
2026-06-07,suilend,wUSDC,5.097123980472966,11.47418225797325,55.52818346739967,43194.65736484003,23985.20858966304,19209.44877517699,0.9997337
2026-06-07,suilend,wUSDT,0.3253337993803682,8.77927633476092,37.05701779681227,20822.3775741659,7716.152163378104,13106.22541078779,0.99953499
2026-06-08,alphalend,ALPHA,1.360254574372891e-13,0.000001374497167842405,0.00001099597734273924,6745046.485900342,0.7416837833468312,6745045.744216559,0.7416837833468312
2026-06-08,alphalend,BLUE,1.005203722315565,1.894733040294637,66.3156564103123,611554.0918418338,405556.1103090362,205997.9815327975,0.01198443323920073
2026-06-08,alphalend,BTCVC,0,20,0,3461470.480144152,0,3461470.480144152,63107.94201664
2026-06-08,alphalend,DEEP,5.051787080942898,12.0514553256497,55.89130877486564,3030705.948885192,1693901.219949644,1336804.728935548,0.01682773659691351
2026-06-08,alphalend,EBTC,4.03281014713781e-7,0.007100008932334003,0.007100008932334003,719689.7811138264,51.09803874417671,719638.6830750823,65613.773956594
2026-06-08,alphalend,EEARN,0,0,0,1020459.007579771,0,1020459.007579771,1.013535276867261
2026-06-08,alphalend,EGUSDC,0.0009950735004358028,0.146023982895849,0.8518065668924525,1429935.786195166,12180.28692915564,1417755.49926601,1.060183645
2026-06-08,alphalend,ESUI,7.853490345204853e-14,0.000003133187343825145,0.000003133187343825145,4318519.186623359,0.1353072965959437,4318519.051316062,0.785951530676524
2026-06-08,alphalend,STSUI,0.545628181073065,2.997802044836675,21.4128717488334,5661413.175660103,1212271.142475654,4449142.033184449,0.7883991670628736
2026-06-08,alphalend,SUI,3.701587863797432,7.11801273157312,61.18012731573119,11959340.32161179,7316739.634883669,4642600.686728122,0.7622740325603947
2026-06-08,alphalend,TBTC,0.3990952976727509,0.9118379992181894,54.71027995309137,2945572.037354277,1611530.707856502,1334041.329497775,63930.10883548309
2026-06-08,alphalend,USDC,7.263512397878436,10.38257890817296,82.30429818028827,34306994.51305467,28236131.06071965,6070863.452335018,0.9997601873029732
2026-06-08,alphalend,USDSUI,0.6615777730866773,4.200246891431272,21.00123445715636,8063233.173269367,1693378.503545508,6369854.669723859,0.998875450868808
2026-06-08,alphalend,USDT,5.316892458956941,9.686460343262295,64.5764022884153,6241399.284000563,4030471.110062475,2210928.173938088,0.9980315047169765
2026-06-08,alphalend,WAL,1.21332781992636,5.688181478413783,28.44090739206892,3342654.453876731,950681.2576639481,2391973.196212783,0.03557591409822627
2026-06-08,alphalend,WBTC,0.2346338298117882,1.286949415739191,21.44915692898653,5163005.21147182,1107421.090060343,4055584.121411477,63598.63275469427
2026-06-08,alphalend,XAUM,0.5347221031615871,2.472065887151501,30.90082358939377,1479343.795954305,457129.4166684811,1022214.379285824,4298.789249723154
2026-06-08,alphalend,XBTC,9.158950917009216,11.99273386317092,95.46354298263768,6739888.025527482,6434135.902231078,305752.1232964045,63558.84468318466
2026-06-08,bucket,BKT-AF-AFSUI-SUI,0,0,0,1.172481903113945,0,1.172481903113945,1
2026-06-08,bucket,BKT-KRIYA-FOUNTAIN-1,0,0,0,1.838139029584539,0,1.838139029584539,1
2026-06-08,bucket,BKT-PSM-BLUEFIN_STABLE_LP,0,0,0,140996.223380318,0,140996.223380318,1
2026-06-08,bucket,BKT-PSM-BUCKETUS,0,0,0,968612.1529136943,0,968612.1529136943,1
2026-06-08,bucket,BKT-PSM-CETABLE,0,0,0,0.2378026125748897,0,0.2378026125748897,1
2026-06-08,bucket,BKT-PSM-FDUSD,0,0,0,0.0701757636928942,0,0.0701757636928942,1
2026-06-08,bucket,BKT-PSM-STAPEARL,0,0,0,0.05954331804436699,0,0.05954331804436699,1
2026-06-08,bucket,BKT-PSM-USDC_CIRCLE,0,0,0,59506.013233873,0,59506.013233873,1
2026-06-08,bucket,BKT-PSM-USDC_WORMHOLE,0,0,0,1.591497264902756,0,1.591497264902756,1
2026-06-08,bucket,BKT-PSM-USDT_WORMHOLE,0,0,0,0.1210543830734629,0,0.1210543830734629,1
2026-06-08,bucket,BKT-SAVE-AFSUI_S,0,0,0,1402807.795890768,0,1402807.795890768,1
2026-06-08,bucket,BKT-SAVE-HASUI_NAVI_POND,0,0,0,0.9299258904195642,0,0.9299258904195642,1
2026-06-08,bucket,BKT-SAVE-HASUI_S,0,0,0,2480912.213279935,0,2480912.213279935,1
2026-06-08,bucket,BKT-SAVE-NAVI_STSUI,0,0,0,688626.4593607426,0,688626.4593607426,1
2026-06-08,bucket,BKT-SAVE-NAVI_VSUI,0,0,0,0.7064718516737697,0,0.7064718516737697,1
2026-06-08,bucket,BKT-SAVE-SUI_NAVI_POND,0,0,0,1006009.882537736,0,1006009.882537736,1
2026-06-08,bucket,BKT-SAVE-VSUI_S,0,0,0,1528204.301408245,0,1528204.301408245,1
2026-06-08,bucket,BKT-SCOIN-NAVI_CIRCLE_USDC,0,0,0,0.7061869474885021,0,0.7061869474885021,1
2026-06-08,bucket,BKT-SCOIN-NAVI_SUI_BRIDGE_USDT,0,0,0,19213.10449730651,0,19213.10449730651,1
2026-06-08,bucket,BKT-SCOIN-SCALLOP_CIRCLE_USDC,0,0,0,0.9647647820386857,0,0.9647647820386857,1
2026-06-08,bucket,BKT-SCOIN-SCALLOP_SUI_BRIDGE_USDT,0,0,0,0.3023885754566731,0,0.3023885754566731,1
2026-06-08,bucket,BKT-SCOIN-SCALLOP_USDC,0,0,0,0.5510883264843318,0,0.5510883264843318,1
2026-06-08,bucket,BKT-SCOIN-SCALLOP_USDT,0,0,0,0.1964173166645801,0,0.1964173166645801,1
2026-06-08,bucket,PSM-BUCK,0,0,0,2231475.575795128,2235603.517245,2231475.575795128,0.998153544929577
2026-06-08,bucket,PSM-USDC,0,0,0,147965.874309088,148015.752954,147965.874309088,0.9996630179969596
2026-06-08,bucket,PSM-USDSUI,0,0,0,154358.6182915773,154532.397565,154358.6182915773,0.998875450868808
2026-06-08,bucket,PSM-USDT,0,0,0,0,0,0,0.9980315047169765
2026-06-08,bucket,SAVING-USDB,0,0,0,8649949.025411,0,8649949.025411,1
2026-06-08,bucket,SUI,0,8,87.88328114000001,45299.52626268178,26364.984342,3635.015658,0.7573339716188763
2026-06-08,bucket,V1-AF_LP,0,0,0,0,0,0,0
2026-06-08,bucket,V1-BTC,0,0,1.25462731017004e-9,717.3444996012581,9e-9,717.3444995922581,63282.33476433209
2026-06-08,bucket,V1-CETUS,0,0,51.68218182487249,18.9971486541904,9.818140909,9.179007745190404,0.01899714865419041
2026-06-08,bucket,V1-COIN,0,0,0.068011720577944,87.18260063880774,3e-9,87.18260063580774,0.9985019554708411
2026-06-08,bucket,V1-HAEDAL,0,0,100,34.61206025306164,50.493491719,0,0.02265551720518182
2026-06-08,bucket,V1-LBTC,0,0,38.29723387513101,1116.537759309744,427.603076987,688.9346823227439,63847.83624111329
2026-06-08,bucket,V1-LP_TOKEN,0,0,0,0,1487.982953506,0,0
2026-06-08,bucket,V1-MUSD,0,0,70.10003823156138,72.01191539617741,50.480380224,21.53153517217741,0.9924802789643379
2026-06-08,bucket,V1-NAVX,0,0,100,47.37456759990648,52.870769635,0,0.006666520469636445
2026-06-08,bucket,V1-SCA,0,0,100,1604.387475834849,1865.037219788,0,0.0138268524877477
2026-06-08,bucket,V1-SCALLOP_DEEP,0,0,16.23436083163589,8359.931773681297,1357.181489418,7002.750284263298,0.02114060229377036
2026-06-08,bucket,V1-SCALLOP_SB_USDT,0,0,66.23658360656478,531.0541770441455,351.752143974,179.3020330701455,1.129504080196157
2026-06-08,bucket,V1-SCALLOP_SCA,0,0,96.67768175821438,167.020145437321,161.471204678,5.548940759320999,0.01848201442121229
2026-06-08,bucket,V1-SCALLOP_SUI,0,0,56.49276804637839,81558.51837832316,46074.664609529,35483.85376879416,0.8353557602880745
2026-06-08,bucket,V1-SCALLOP_USDC,0,0,52.13630834917654,13305.15325911364,6936.815729502,6368.33752961164,1.126786658584702
2026-06-08,bucket,V1-SCALLOP_WORMHOLE_USDC,0,0,67.43465745836747,643.4512614168539,433.909154048,209.5421073688539,1.158956637570402
2026-06-08,bucket,V1-SCALLOP_WORMHOLE_USDT,0,0,52.61165123366342,2097.039526223926,1103.287121769,993.7524044549264,1.173502698726612
2026-06-08,bucket,V1-STSUI,0,0,90.50806964484684,40.11669195738645,36.308843496,3.807848461386449,0.7883991670628736
2026-06-08,bucket,V1-SUI,0,0,15.94487306610175,0,3017.794346294,0,0
2026-06-08,bucket,V1-TBTC,0,0,91.65045833446244,314.1902735817769,287.95682578,26.23344780177689,63930.10883548309
2026-06-08,bucket,V1-TLP,0,0,0,0,12494.869472018,0,0
2026-06-08,bucket,V1-USDY,0,0,73.38262463252713,860.4252242677736,631.402612568,229.0226116997736,1.132629447849556
2026-06-08,bucket,V1-WAL,0,0,100,41345.76546646854,50584.022907858,0,0.03557591409822627
2026-06-08,bucket,V1-WETH,0,0,20.90046070371055,1498.57144807528,313.208336622,1185.36311145328,1695.764912302559
2026-06-08,bucket,V1-afSUI,0,0,56.14942850282691,5947.199272970121,3339.318403697,2607.880869273121,0.7869762910458981
2026-06-08,bucket,V1-haSUI,0,0,27.8693702378949,3250.545413890297,905.906536148,2344.638877742297,0.8229432534774592
2026-06-08,bucket,V1-sSUI,0,0,64.95362060326534,80.25422179372619,52.128022742,28.12619905172619,0.7771311077928376
2026-06-08,bucket,V1-vSUI,0,0,81.40590117054582,13247.99826134852,10784.652371709,2463.345889639515,0.8129710606142344
2026-06-08,bucket,V1PSM-AUSD,0,0,0,7.307956001,7.307956001,7.307956001,0.9997782654604639
2026-06-08,bucket,V1PSM-BLUEFIN_STABLE_LP,0,0,0,282087.505173162,282087.505173162,282087.505173162,1
2026-06-08,bucket,V1PSM-BUCKETUS,0,0,0,1937877.33561359,1937877.33561359,1937877.33561359,1
2026-06-08,bucket,V1PSM-CETABLE,0,0,0,0.238021,0.238021,0.238021,1
2026-06-08,bucket,V1PSM-COIN,0,0,0,1019.758977,1019.758977,1019.758977,0.9996630179969596
2026-06-08,bucket,V1PSM-FDUSD,0,0,0,0.070352,0.070352,0.070352,0.9974949353663607
2026-06-08,bucket,V1PSM-SCABLE,0,0,0,854.607426626,854.607426626,854.607426626,1
2026-06-08,bucket,V1PSM-STAPEARL,0,0,0,0.059598,0.059598,0.059598,1
2026-06-08,bucket,V1PSM-USDC,0,0,0,59526.072350565,59526.072350565,59526.072350565,0.9996630179969596
2026-06-08,bucket,V1PSM-USDT,0,0,0,0.057134295,0.057134295,0.057134295,0.9980315047169765
2026-06-08,bucket,WBTC,0,9,70.13381556944445,311229.8872263938,126240.868025,53759.131975,63152.40774275499
2026-06-08,bucket,afSUI,0,9,61.795569275,22175.43128521852,12359.113855,7640.886145,0.7869762910458981
2026-06-08,bucket,haSUI,0,9,87.30859432577778,4662938.218245123,1571554.697864,228445.302136,0.8229432534774592
2026-06-08,bucket,vSUI,0,9,4.803815615,197254.5269287936,9607.63123,190392.36877,0.8129710606142344
2026-06-08,navi,AUSD,1.6621,5.566399999999999,42.66038177832036,2423.635035974145,1033.933142839398,1389.701893134747,0.999719
2026-06-08,navi,BLUE,17.1555,67.682,36.21994038791767,24003.60603908048,8694.226411039863,15309.37962804062,0.01204902
2026-06-08,navi,BUCK,0.1521333333333333,2.701166666666667,8.04547788990327,20394850.03217451,1643559.076239406,18751290.95593511,0.99891274
2026-06-08,navi,CETUS,0.4554,5.1014,12.75372331829932,182051.8329512498,23218.42412149505,158833.4088297548,0.01898657
2026-06-08,navi,DEEP,4.7596,13.0695,52.02537403441946,5530484.63982835,2877249.564319046,2653235.075509304,0.016849
2026-06-08,navi,FDUSD,0.1057,4.577,3.079613824150117,25717.67306160879,792.0062748809627,24925.66678672783,0.997594
2026-06-08,navi,HAEDAL,0.0201,30.0764,0.09544657824251968,160008.883590919,152.7244006810649,159856.1591902379,0.02265559
2026-06-08,navi,IKA,1.174,28.93473333333333,13.52485744859646,153641.3436209111,20702.2588546424,132939.0847662687,0.00171854
2026-06-08,navi,LBTC,0.0044,0.2657,3.321619604344022,2883490.045120165,95778.57944624707,2787711.465673918,63950.83395394
2026-06-08,navi,MBTC,0,0,0,19085734.64098643,0,19085734.64098643,63621.23
2026-06-08,navi,NAVX,0.0106,1.0293,1.286628212436999,1630395.526174997,20977.13613363791,1609418.390041359,0.00668443
2026-06-08,navi,NS,0.3286,11.8488,4.622105743159355,413116.1580519071,19094.74301287362,394021.4150390335,0.011872
2026-06-08,navi,SOL,0.135,6.685199999999999,2.885335204470301,42550.39825240824,1227.724479041845,41322.6737733664,66.66595075
2026-06-08,navi,SUI,2.718166666666667,4.387233333333334,77.44605066987766,22185110.19266177,17171192.09040463,5013918.102257146,0.7628989
2026-06-08,navi,USDC,4.877666666666666,6.9448,87.79267665210978,24465013.174637,21494397.83365618,2970615.340980821,0.999716
2026-06-08,navi,USDSUI,1.241933333333333,3.583166666666667,43.32648887519574,4600429.579164281,1992052.001968122,2608377.577196159,0.999716
2026-06-08,navi,USDY,0.0772,2.599,3.95937243734028,2378433.871922721,94171.13941647037,2284262.732506251,1.13495
2026-06-08,navi,WAL,5.2492,13.3213,56.29259203138178,4604600.738351568,2592051.737025621,2012549.001325947,0.03562692
2026-06-08,navi,WBTC,0.05204999999999999,0.4156,35.3595796222138,30335.67271862686,1931.690764066814,28403.98195456004,63621.23
2026-06-08,navi,WETH,0.001,0.5164,9.689345749120482,159531.0286155646,15457.51552525858,144073.513090306,1697.21
2026-06-08,navi,XAUm,0.0115,8.041,0.2048392949878451,1413401.676740952,2895.210362027071,1410506.466378925,4360.91901745
2026-06-08,navi,YBTC.B,0,0,0,4071.7568113631,0,4071.7568113631,63621.23
2026-06-08,navi,enzoBTC,0,0,0,27675235.05,0,27675235.05,63621.23
2026-06-08,navi,haSUI,0.0156,0.2824,8.481174158593168,17222653.8869906,1460680.598224483,15761973.28876612,0.7628989
2026-06-08,navi,stBTC,0.0002,0.25,3.125157041421691,32147.58776163378,1004.662692604516,31142.92506902926,63621.23
2026-06-08,navi,stSUI,0.0152,0.5027,3.771374834348173,10176.37543679489,383.7893288577752,9792.586107937115,0.7628989
2026-06-08,navi,suiETH,0.0715,0.9765,12.20682236849596,2066917.131345065,252304.9802816161,1814612.151063448,1697.21
2026-06-08,navi,suiUSDT,4.1215,6.6785,77.14145644415163,5185902.150467346,4000482.637623974,1185419.512843372,0.999555
2026-06-08,navi,suiUSDe,0.9353000000000001,3.3679,34.71481052577248,681790.522636594,236682.4747510537,445108.0478855402,0.999716
2026-06-08,navi,vSUI,0.0088,0.4239,3.179943844057041,10927726.29664064,347494.6332915304,10580231.66334911,0.7628989
2026-06-08,navi,wBTC,0.4960666666666667,1.219966666666667,81.32835382528556,8207480.318234901,6657736.804697393,1549743.513537508,63621.23
2026-06-08,navi,wUSDC,1.4464,19.4092,93.15469745418307,2149995.790260122,2002823.027745817,147172.7625143053,0.999716
2026-06-08,navi,wUSDT,1.4066,29.2774,96.08545322304434,1158468.76751172,1113120.423235747,45348.34427597305,0.999555
2026-06-08,navi,xBTC,7.372166666666666,12.53596666666667,84.01201772174414,9570672.902249949,8040480.176251315,1530192.725998635,63621.23
2026-06-08,scallop,CETUS,0.7796167375482277,23.08774960840241,6.229165392226122,69990.86051694596,4359.846461042855,65631.01405590311,0.01899252
2026-06-08,scallop,DEEP,6.823287949910029,28.08487689472201,38.08556200941959,124738.1163884908,47507.21266652065,77230.90372197017,0.01676257
2026-06-08,scallop,SBETH,2.235876155034466,7.626432685326989,37.60559386275028,615039.6053543924,231289.2960846349,383750.3092697575,1699.115
2026-06-08,scallop,SCA,5.606161066998716,25.84493170439095,23.96215695911894,335587.4863411382,80414.00021222538,255173.4861289128,0.0138128
2026-06-08,scallop,SUI,3.819390756955499,8.828300804089938,55.37767560981573,3649297.429913763,2020896.092774987,1628401.337138777,0.76304189
2026-06-08,scallop,USDC,5.642630954024375,9.59744731892962,74.86729072815048,3537244.289148732,2648238.965721881,889005.3234268506,0.99973577
2026-06-08,scallop,USDSUI,6.302819754204148,10.04489365950427,79.81595376530221,482833.6075286412,385378.248948401,97455.35858024024,0.99973577
2026-06-08,scallop,USDT,6.053936330247023,9.87902735383852,77.98385165061534,1027154.096406682,801014.326765005,226139.7696416766,0.99954688
2026-06-08,scallop,USDY,3.036458782293239,7.516753458893621,51.58735262573839,554628.2263709278,286118.0188998491,268510.2074710787,1.13548235
2026-06-08,scallop,WBTC,0,5.126749587580526,0,124.1845215482146,0,124.1845215482146,63620.74927545
2026-06-08,scallop,WETH,0.3930779520382899,5.708606424243534,8.83256173967938,11990.40776976947,1059.060169104202,10931.34760066527,1699.115
2026-06-08,scallop,afSUI,0.1397312105714033,5.347092812398579,3.350523620146913,115647.117495257,3874.783987697639,111772.3335075593,0.76304189
2026-06-08,scallop,haSUI,0.3177108409321949,5.605412309168178,7.269622321071918,57862.07846012416,4206.354571173332,53655.72388895082,0.76304189
2026-06-08,scallop,vSUI,0.9360027080608013,6.372406329502889,18.85000084603719,24915.21097705659,4696.517479967118,20218.69349708947,0.76304189
2026-06-08,scallop,wUSDC,1.466609814788167,5.932026300482485,31.5794259353391,168639.2243755792,53255.29895961635,115383.9254159629,0.99973577
2026-06-08,scallop,wUSDT,1.074331579935395,5.372328493791434,25.52415393058989,73773.28599146933,18830.00707611694,54943.27891535238,0.99954688
2026-06-08,suilend,AUSD,0.05512487612408408,4.125275444186774,1.670339255823649,1683596.951371951,28121.78078861589,1655475.170583335,0.99970833
2026-06-08,suilend,BTC,0.1755745899623826,0.9369487444956169,23.42371861239042,2170333.808668601,508372.8842921091,1661960.924376492,63377.71999999
2026-06-08,suilend,DEEP,0.2754717766813818,27.17241174557628,1.448274497050851,5732806.308848388,83026.77173637347,5649779.537112016,0.01666
2026-06-08,suilend,ETH,0.03890724926034789,1.109577848956626,4.38311395826504,4520541.306221045,198140.4769821114,4322400.829238934,1691.62796174
2026-06-08,suilend,LBTC,0,3,0,3102890.875863868,0,3102890.875863868,63377.71999999
2026-06-08,suilend,SEND,0.001170695200461104,50.00124871036161,0.003121775904017917,495363.885105549,15.46415040243203,495348.4209551465,0.04959792
2026-06-08,suilend,SUI,1.391025697520232,3.374184560026335,51.53192100098756,40489443.04813073,20864987.80530258,19624455.24282815,0.75862365
2026-06-08,suilend,USDC,3.581952417936979,6.294572915196508,71.13176037109174,30877296.54870826,21963564.59009854,8913731.958609717,0.9997392700000002
2026-06-08,suilend,USDSUI,0.3189144455592229,4.235309294565871,9.412371782634835,9526179.337989971,896639.4159721582,8629539.922017815,0.99970833
2026-06-08,suilend,USDT,3.124556024966003,6.560557894191108,59.53297103994326,2349424.516658293,1398682.217107509,950742.2995507844,0.99956013
2026-06-08,suilend,WAL,0.3224215173861799,20.88228315693824,2.205707892345599,1812346.340585331,39975.06627092729,1772371.274314403,0.03531011
2026-06-08,suilend,WBTC,0.05083721371063737,0.5041686905721009,12.60421726430252,3376923.410414819,425634.7634977781,2951288.64691704,63377.71999999
2026-06-08,suilend,WETH,7.130821021691967,150.5110656310044,94.75477423266683,908.9540153655538,861.2773251383902,47.6766902271636,1691.62796174
2026-06-08,suilend,XBTC,0.1756896037031653,0.9679933986088,24.19983496522,4248849.085441942,1028214.466598209,3220634.618843733,63377.71999999
2026-06-08,suilend,sSUI,0,0,0,44847657.14574317,0,44847657.14574317,0.7726450027636833
2026-06-08,suilend,wUSDC,5.398474850372819,11.85098621602239,56.94119831008396,42136.78788175809,23993.1919492513,18143.59593250679,0.9997392700000002
2026-06-08,suilend,wUSDT,0.3256126510627027,8.7810854369835,37.08113915978,20801.78273336203,7713.538003073063,13088.24473028897,0.99956013
2026-06-09,alphalend,ALPHA,1.360254574372891e-13,0.000001374497167842405,0.00001099597734273924,6493228.640910069,0.7139939501667264,6493227.926916119,0.7139939501667264
2026-06-09,alphalend,BLUE,1.005295981879766,1.894819989452226,66.31869963082792,596954.2318129616,395892.2839295542,201061.9478834074,0.011698253108093
2026-06-09,alphalend,BTCVC,0,20,0,3453964.709404307,0,3453964.709404307,62971.10024741
2026-06-09,alphalend,DEEP,3.907216300780973,9.626587352081907,54.11701513566969,3061923.957866204,1657021.85172115,1404902.106145054,0.01645691615724688
2026-06-09,alphalend,EBTC,4.03281014713781e-7,0.007100008932334003,0.007100008932334003,716974.143227529,50.90522821167975,716923.2379993174,65366.19054622
2026-06-09,alphalend,EEARN,0,0,0,1017242.837936655,0,1017242.837936655,1.018316517711453
2026-06-09,alphalend,EGUSDC,0.001022162225733951,0.1479982306168811,0.8633230119318063,1410826.593865999,12179.99064329885,1398646.6032227,1.060157856
2026-06-09,alphalend,ESUI,7.833421034917776e-14,0.000003129181409513871,0.000003129181409513871,4170967.218179848,0.1305171307882017,4170967.087662717,0.7581271764583493
2026-06-09,alphalend,STSUI,0.5333940028597998,2.964002865767686,21.17144904119776,5473995.041424803,1158924.070712944,4315070.970711859,0.7587387819008413
2026-06-09,alphalend,SUI,3.633263259454003,7.057001878956215,60.57001878956216,11597080.52433633,7024353.852631171,4572726.671705164,0.7347686161200472
2026-06-09,alphalend,TBTC,0.3991063640032552,0.9118506410994337,54.71103846596602,2875039.148512578,1572963.774454299,1302075.374058279,62398.60363126023
2026-06-09,alphalend,USDC,7.726659211334861,10.92468140255813,83.20780233759689,33962949.1583847,28259823.60372726,5703125.554657437,0.9996458864623969
2026-06-09,alphalend,USDSUI,0.7278725842446849,4.405670843340236,22.02835421670118,8175317.270298884,1800887.846640584,6374429.4236583,1.001002335504604
2026-06-09,alphalend,USDT,5.183183474664595,9.563887476886775,63.75924984591184,6387920.730553244,4072890.338552239,2315030.392001005,1.000019705869573
2026-06-09,alphalend,WAL,1.185088044241267,5.621596556711784,28.10798278355892,3142303.123138846,883238.020859101,2259065.102279745,0.03304696249802967
2026-06-09,alphalend,WBTC,0.2363386029506071,1.291616232251689,21.52693720419482,5058458.813950771,1088931.252379241,3969527.561571531,62535.3177010143
2026-06-09,alphalend,XAUM,0.8924452285256872,3.193645885237367,39.92057356546709,1465240.304838045,584932.3338037459,880307.9710342988,4249.136213768892
2026-06-09,alphalend,XBTC,12.93663513132119,16.89451924613898,95.7162123322752,6619507.076921677,6335941.449096336,283565.6278253407,62582.32547491034
2026-06-09,bucket,BKT-AF-AFSUI-SUI,0,0,0,1.163546402869031,0,1.163546402869031,1
2026-06-09,bucket,BKT-KRIYA-FOUNTAIN-1,0,0,0,1.849742666332777,0,1.849742666332777,1
2026-06-09,bucket,BKT-PSM-BLUEFIN_STABLE_LP,0,0,0,140994.486869714,0,140994.486869714,1
2026-06-09,bucket,BKT-PSM-BUCKETUS,0,0,0,968600.2234787464,0,968600.2234787464,1
2026-06-09,bucket,BKT-PSM-CETABLE,0,0,0,0.2378713371629635,0,0.2378713371629635,1
2026-06-09,bucket,BKT-PSM-FDUSD,0,0,0,0.07019019751581246,0,0.07019019751581246,1
2026-06-09,bucket,BKT-PSM-STAPEARL,0,0,0,0.05956052597139873,0,0.05956052597139873,1
2026-06-09,bucket,BKT-PSM-USDC_CIRCLE,0,0,0,59505.28035734266,0,59505.28035734266,1
2026-06-09,bucket,BKT-PSM-USDC_WORMHOLE,0,0,0,1.591645797185436,0,1.591645797185436,1
2026-06-09,bucket,BKT-PSM-USDT_WORMHOLE,0,0,0,0.1211258854538153,0,0.1211258854538153,1
2026-06-09,bucket,BKT-SAVE-AFSUI_S,0,0,0,1421907.712210306,0,1421907.712210306,1
2026-06-09,bucket,BKT-SAVE-HASUI_NAVI_POND,0,0,0,0.893575631868876,0,0.893575631868876,1
2026-06-09,bucket,BKT-SAVE-HASUI_S,0,0,0,2383934.807528174,0,2383934.807528174,1
2026-06-09,bucket,BKT-SAVE-NAVI_STSUI,0,0,0,662719.6257785892,0,662719.6257785892,1
2026-06-09,bucket,BKT-SAVE-NAVI_VSUI,0,0,0,0.679072606212338,0,0.679072606212338,1
2026-06-09,bucket,BKT-SAVE-SUI_NAVI_POND,0,0,0,977536.3536344336,0,977536.3536344336,1
2026-06-09,bucket,BKT-SAVE-VSUI_S,0,0,0,1468935.634623718,0,1468935.634623718,1
2026-06-09,bucket,BKT-SCOIN-NAVI_CIRCLE_USDC,0,0,0,0.706178250084463,0,0.706178250084463,1
2026-06-09,bucket,BKT-SCOIN-NAVI_SUI_BRIDGE_USDT,0,0,0,19246.58032539573,0,19246.58032539573,1
2026-06-09,bucket,BKT-SCOIN-SCALLOP_CIRCLE_USDC,0,0,0,0.9647528999879881,0,0.9647528999879881,1
2026-06-09,bucket,BKT-SCOIN-SCALLOP_SUI_BRIDGE_USDT,0,0,0,0.3029154402311582,0,0.3029154402311582,1
2026-06-09,bucket,BKT-SCOIN-SCALLOP_USDC,0,0,0,0.551139758810919,0,0.551139758810919,1
2026-06-09,bucket,BKT-SCOIN-SCALLOP_USDT,0,0,0,0.1965333331633418,0,0.1965333331633418,1
2026-06-09,bucket,PSM-BUCK,0,0,0,2243772.353091848,2244100.587133,2243772.353091848,0.9998537347019851
2026-06-09,bucket,PSM-USDC,0,0,0,148017.2426615307,148068.962241,148017.2426615307,0.9996507061393114
2026-06-09,bucket,PSM-USDSUI,0,0,0,154687.290873691,154532.397565,154687.290873691,1.001002335504604
2026-06-09,bucket,PSM-USDT,0,0,0,0,0,0,0.9997704184403788
2026-06-09,bucket,SAVING-USDB,0,0,0,8557767.990517,0,8557767.990517,1
2026-06-09,bucket,SUI,0,8,87.50282053666668,44415.51561807461,26250.846161,3749.153838999999,0.7358988236102445
2026-06-09,bucket,V1-AF_LP,0,0,0,0,0,0,0
2026-06-09,bucket,V1-BTC,0,0,1.265133082494934e-9,711.3876100885251,9e-9,711.3876100795251,62756.8328938801
2026-06-09,bucket,V1-CETUS,0,0,54.41718861404673,18.0423523505322,9.818140909,8.224211441532198,0.0180423523505322
2026-06-09,bucket,V1-COIN,0,0,0.06800537372773065,87.23409620065948,3e-9,87.23409619765948,0.9990917339223931
2026-06-09,bucket,V1-HAEDAL,0,0,100,32.95968199366826,50.493491719,0,0.0215739437937336
2026-06-09,bucket,V1-LBTC,0,0,38.92455017732482,1098.543400088145,427.603076987,670.9403231011446,62818.85097727886
2026-06-09,bucket,V1-LP_TOKEN,0,0,0,0,1487.982953506,0,0
2026-06-09,bucket,V1-MUSD,0,0,69.00101462750136,73.15889555612463,50.480380224,22.67851533212463,1.008288151631636
2026-06-09,bucket,V1-NAVX,0,0,100,46.25718599957368,52.870769635,0,0.006509283207358436
2026-06-09,bucket,V1-SCA,0,0,100,1557.538836013308,1865.037219788,0,0.01342310386603336
2026-06-09,bucket,V1-SCALLOP_DEEP,0,0,16.36345959484728,8293.976475765343,1357.181489418,6936.794986347343,0.02097381448255903
2026-06-09,bucket,V1-SCALLOP_SB_USDT,0,0,66.22257787576127,531.1664922406289,351.752143974,179.414348266629,1.129742964434677
2026-06-09,bucket,V1-SCALLOP_SCA,0,0,99.5472795006884,162.2055424195529,161.471204678,0.7343377415528778,0.01794924298712085
2026-06-09,bucket,V1-SCALLOP_SUI,0,0,57.97337472667577,79475.56068066583,46074.664609529,33400.89607113683,0.8140212541473045
2026-06-09,bucket,V1-SCALLOP_USDC,0,0,52.12607207113913,13307.76606385183,6936.815729502,6370.95033434983,1.127007931760828
2026-06-09,bucket,V1-SCALLOP_WORMHOLE_USDC,0,0,67.42907019671658,643.5045786366619,433.909154048,209.5954245886619,1.159052670245289
2026-06-09,bucket,V1-SCALLOP_WORMHOLE_USDT,0,0,52.60742593126911,2097.207955413803,1103.287121769,993.9208336448032,1.173596951651458
2026-06-09,bucket,V1-STSUI,0,0,94.04618351219499,38.60746086659841,36.308843496,2.298617370598407,0.7587387819008413
2026-06-09,bucket,V1-SUI,0,0,16.40931288199111,0,3017.794346294,0,0
2026-06-09,bucket,V1-TBTC,0,0,93.89991818997629,306.6635534201552,287.95682578,18.70672764015524,62398.60363126023
2026-06-09,bucket,V1-TLP,0,0,0,0,12494.869472018,0,0
2026-06-09,bucket,V1-USDY,0,0,73.34091439656942,860.9145628507931,631.402612568,229.5119502827931,1.133273593643362
2026-06-09,bucket,V1-WAL,0,0,100,38406.65785987039,50584.022907858,0,0.03304696249802967
2026-06-09,bucket,V1-WETH,0,0,21.29562848140777,1470.763527338241,313.208336622,1157.555190716241,1664.297813199258
2026-06-09,bucket,V1-afSUI,0,0,55.02367975059346,6028.173308602149,3316.922776136,2711.250532466149,0.7976913593171662
2026-06-09,bucket,V1-haSUI,0,0,29.00308380131601,3123.483496975224,905.906536148,2217.576960827224,0.7907748835625691
2026-06-09,bucket,V1-sSUI,0,0,66.3579263199492,78.55583444645518,52.128022742,26.42781170445518,0.7606849992748527
2026-06-09,bucket,V1-vSUI,0,0,84.69046934157198,12734.1983762217,10784.652371709,1949.546004512704,0.7814414340763384
2026-06-09,bucket,V1PSM-AUSD,0,0,0,7.307956001,7.307956001,7.307956001,0.9996066883722837
2026-06-09,bucket,V1PSM-BLUEFIN_STABLE_LP,0,0,0,282087.505173162,282087.505173162,282087.505173162,1
2026-06-09,bucket,V1PSM-BUCKETUS,0,0,0,1937877.33561359,1937877.33561359,1937877.33561359,1
2026-06-09,bucket,V1PSM-CETABLE,0,0,0,0.238021,0.238021,0.238021,1
2026-06-09,bucket,V1PSM-COIN,0,0,0,1019.758977,1019.758977,1019.758977,0.9996507061393114
2026-06-09,bucket,V1PSM-FDUSD,0,0,0,0.070352,0.070352,0.070352,0.9977001011458446
2026-06-09,bucket,V1PSM-SCABLE,0,0,0,854.607426626,854.607426626,854.607426626,1
2026-06-09,bucket,V1PSM-STAPEARL,0,0,0,0.059598,0.059598,0.059598,1
2026-06-09,bucket,V1PSM-USDC,0,0,0,59526.072350565,59526.072350565,59526.072350565,0.9996507061393114
2026-06-09,bucket,V1PSM-USDT,0,0,0,0.057134295,0.057134295,0.057134295,0.9997704184403788
2026-06-09,bucket,WBTC,0,9,58.68305434,275437.7088481329,105629.497812,74370.502188,62553.49251497608
2026-06-09,bucket,afSUI,0,9,61.795569275,22477.36066081653,12359.113855,7640.886145,0.7976913593171662
2026-06-09,bucket,haSUI,0,9,87.30859432577778,4480666.693615756,1571554.697864,228445.302136,0.7907748835625691
2026-06-09,bucket,vSUI,0,9,2.1529270025,182260.1405377184,4305.854005,195694.145995,0.7814414340763384
2026-06-09,navi,AUSD,1.6621,5.566399999999999,42.66410002155087,2424.027133616862,1034.190415589892,1389.83671802697,0.999816
2026-06-09,navi,BLUE,17.3402,68.2717,36.29579274097232,23292.91669817928,8454.46611770771,14838.45058047157,0.01169507
2026-06-09,navi,BUCK,0.1525,2.701633333333334,8.065740651304791,20394189.88888788,1644866.909740094,18749322.97914778,0.99887447
2026-06-09,navi,CETUS,0.4562333333333333,5.1059,12.76523395195496,173168.4626688631,22105.41861106639,151063.0440577967,0.01807391
2026-06-09,navi,DEEP,4.7325,13.0553,51.78537452931388,5429217.787485978,2811545.346481937,2617672.441004041,0.016459
2026-06-09,navi,FDUSD,0.1057,4.577,3.079986869300184,25723.98482636103,792.2964779458027,24931.68834841522,0.997835
2026-06-09,navi,HAEDAL,0.0204,30.0774,0.09677888909942721,150437.3625078916,145.5930047108197,150291.7695031808,0.02158
2026-06-09,navi,IKA,1.1925,29.1148,13.65591823327189,148869.8822939466,20329.71248478264,128540.1698091639,0.00168628
2026-06-09,navi,LBTC,0.0044,0.2652,3.314932933908486,2837596.899425858,93983.91506366312,2743612.984362195,62913.39256597
2026-06-09,navi,MBTC,0,0,0,18762820.81779632,0,18762820.81779632,62544.81481338
2026-06-09,navi,NAVX,0.0096,0.9804,1.225518767323367,1587874.01386523,19459.70011658277,1568414.313748647,0.00650961
2026-06-09,navi,NS,0.4312,12.3312,5.828464289700162,327386.7520262982,19081.69066381209,308305.0613624861,0.01186
2026-06-09,navi,SOL,0.1346,6.6834,2.877345316587315,41947.60103650474,1206.979833895645,40740.6212026091,65.52756452
2026-06-09,navi,SUI,1.563266666666667,2.539166666666667,76.95726020603558,21250140.49110112,16376426.90504492,4873713.586056197,0.73419116
2026-06-09,navi,USDC,4.9284,6.962133333333334,88.48572306656602,24204891.49826539,21490300.35720955,2714591.14105584,0.99972
2026-06-09,navi,USDSUI,1.326966666666667,3.639466666666667,45.57694302903496,4377020.153421613,1994792.621703728,2382227.531717885,0.99972
2026-06-09,navi,USDY,0.0773,2.5991,3.964639194671962,2371853.971461082,94035.52709326244,2277818.44436782,1.134266
2026-06-09,navi,WAL,5.2412,13.31723333333333,56.22408183748583,4286883.796403615,2410484.870838657,1876398.925564958,0.03311355
2026-06-09,navi,WBTC,0.05174999999999999,0.4151333333333333,35.26788960906102,29822.44429076882,1899.034636531377,27923.40965423744,62544.81481338
2026-06-09,navi,WETH,0.001,0.5164,9.689469146782512,156503.1601267841,15164.32767392113,141338.832452863,1664.99500625
2026-06-09,navi,XAUm,0.0119,8.0424,0.2120272029803482,1354427.910743186,2871.762979661805,1351556.147763525,4335.73259378
2026-06-09,navi,YBTC.B,0,0,0,4002.866271711876,0,4002.866271711876,62544.81481338
2026-06-09,navi,enzoBTC,0,0,0,27206994.4438203,0,27206994.4438203,62544.81481338
2026-06-09,navi,haSUI,0.0156,0.2826,8.48663580714736,16562052.84252641,1405749.604161351,15156303.23836506,0.73419116
2026-06-09,navi,stBTC,0.0002,0.2499666666666667,3.124864719026627,31603.68184197698,987.3743120363046,30616.30752994068,62544.81481338
2026-06-09,navi,stSUI,0.0152,0.5027,3.771424650317328,9793.445433976818,369.3524723064148,9424.092961670403,0.73419116
2026-06-09,navi,suiETH,0.1203,1.2663,15.82833085321484,1565566.483660564,247803.1270703422,1317763.356590222,1664.99500625
2026-06-09,navi,suiUSDT,4.124633333333334,6.679633333333332,77.18629692318137,5183660.225213892,4000246.3527234,1183413.872490492,0.999595
2026-06-09,navi,suiUSDe,0.8966,3.3391,33.56499127821879,681814.8958378413,228851.2725374148,452963.6233004266,0.99972
2026-06-09,navi,vSUI,0.008666666666666666,0.4211666666666667,3.159462232133903,10520723.99437472,332360.7826228168,10188363.2117519,0.73419116
2026-06-09,navi,wBTC,0.492,1.2149,80.99442673479298,8081185.78587497,6545310.582894653,1535875.202980317,62544.81481338
2026-06-09,navi,wUSDC,1.4464,19.4092,93.15807356522778,2151063.730735092,2003890.3810758,147173.3496592919,0.99972
2026-06-09,navi,wUSDT,1.409433333333333,29.32746666666667,96.11830520195839,1158924.756099761,1113903.580994106,45021.17510565477,0.999595
2026-06-09,navi,xBTC,0.5918,1.0543,80.18491530079206,9858233.77993424,7904815.35514997,1953418.424784271,62544.81481338
2026-06-09,suilend,AUSD,0.05452892448847401,4.123960608645896,1.65280811527861,1683747.931494551,27829.12245257767,1655918.809041974,0.99985586
2026-06-09,suilend,BTC,0.1755420722814763,0.9368619756438946,23.42154939109736,2153790.557657716,504451.1192425934,1649339.438415123,62894.90712925
2026-06-09,suilend,DEEP,0.2745149866040098,27.16542328017073,1.443615520113818,5778357.379225018,83417.26393413442,5694940.115290883,0.0167259
2026-06-09,suilend,ETH,0.03883803030222525,1.109400397681569,4.376015907262742,4495299.246444857,196715.0101034891,4298584.236341367,1679.26359583
2026-06-09,suilend,LBTC,0,3,0,3079187.300343861,0,3079187.300343861,62894.90712925
2026-06-09,suilend,SEND,0.00117230152217038,50.0012504236858,0.003126059214484646,496041.8285034885,15.50656128763143,496026.3219422008,0.04966586
2026-06-09,suilend,SUI,1.322439848797952,3.325539255597829,49.70772208491859,41367593.18932253,20562888.25576815,20804704.93355437,0.74530624
2026-06-09,suilend,USDC,3.782184801854493,6.387567112736638,74.01458049483578,31136521.89535886,23045566.06153255,8090955.833826308,0.99976679
2026-06-09,suilend,USDSUI,0.3080876148524132,4.227728393771061,9.109135750842439,9856925.210700741,897880.6983017426,8959044.512398997,0.99985586
2026-06-09,suilend,USDT,3.143733341312728,6.571847783729825,59.79546097171843,2366870.894612604,1415281.362039042,951589.5325735614,0.99963839
2026-06-09,suilend,WAL,0.3277076995835329,20.89615318641933,2.240382966048331,1701815.14531037,38127.17662916416,1663687.968681205,0.0336289
2026-06-09,suilend,WBTC,0.05444308754530154,0.5217426930264646,13.04356732566161,3374439.699803058,440147.3141076656,2934292.385695392,62894.90712925
2026-06-09,suilend,WETH,7.159962019315525,151.0935576255103,94.7752125482635,905.8399884844953,858.511774433346,47.3282140511491,1679.26359583
2026-06-09,suilend,XBTC,0.2264454615528788,1.098958201335256,27.47395503338139,3729724.574800283,1024702.852549605,2705021.722250678,62894.90712925
2026-06-09,suilend,sSUI,0,0,0,45217943.43244822,0,45217943.43244822,0.7781325547677206
2026-06-09,suilend,wUSDC,5.400196679661321,11.85310898851669,56.94915870693757,42145.73938514472,24001.64401065836,18144.09537448635,0.99976679
2026-06-09,suilend,wUSDT,0.3256775820444252,8.781506607566222,37.08675476754964,20805.26830035648,7715.99883328395,13089.26946707253,0.99963839
2026-06-10,alphalend,ALPHA,1.360254574372891e-13,0.000001374497167842405,0.00001099597734273924,6632609.66339979,0.7293202558197744,6632608.934079534,0.7293202558197744
2026-06-10,alphalend,BLUE,1.372155792590816,2.404026302984869,71.3467543432829,532825.2061497347,380153.4909107418,152671.7152389928,0.01132926547865017
2026-06-10,alphalend,BTCVC,0,20,0,3385718.913948355,0,3385718.913948355,61726.87420902
2026-06-10,alphalend,DEEP,4.264826080452602,10.39905346368949,54.68223424172402,2986844.955599926,1633273.55505827,1353571.400541657,0.01621714872514485
2026-06-10,alphalend,EBTC,4.056086069573796e-7,0.007120468795639262,0.007120468795639262,701539.8531385927,49.952926331707,701489.9002122609,64143.362394169
2026-06-10,alphalend,EEARN,0,0,0,1009427.505911405,0,1009427.505911405,1.01838560123539
2026-06-10,alphalend,EGUSDC,0.001064191074607588,0.1510102461950079,0.8808931028042126,1383577.60395839,12187.83968521324,1371389.764273177,1.060841044
2026-06-10,alphalend,ESUI,7.669590655510921e-14,0.000003096286214061719,0.000003096286214061718,4320912.661839788,0.1337878230701926,4320912.528051965,0.7771254542310478
2026-06-10,alphalend,STSUI,0.3996140464173503,2.565517182086272,18.32512272918766,5620037.36797689,1029878.745107973,4590158.622868917,0.7791075351693998
2026-06-10,alphalend,SUI,3.262208359938651,6.691442958129662,57.35522535539711,12221640.01885965,7009749.174942352,5211890.843917302,0.7554391127454797
2026-06-10,alphalend,TBTC,0.3991174634726089,0.9118633206615645,54.71179923969387,2837730.724648089,1552573.537032573,1285157.187615516,61588.21108464804
2026-06-10,alphalend,USDC,8.880187806004377,12.23463071009637,85.39105118349394,33091259.70348281,28256974.51066392,4834285.192818901,0.9997997842951037
2026-06-10,alphalend,USDSUI,0.7890005993012918,4.586939718523428,22.93469859261714,7843214.114680391,1798817.517175552,6044396.597504838,0.999743846764149
2026-06-10,alphalend,USDT,5.41513278520353,9.77553920751737,65.17026138344913,6069369.39596516,3955423.899677562,2113945.496287598,0.9994172204130752
2026-06-10,alphalend,WAL,1.011746606236572,5.194218853652772,25.97109426826385,3385492.54191364,879249.4595054334,2506243.082408207,0.03289309172230958
2026-06-10,alphalend,WBTC,0.2363519324881394,1.291652655426071,21.52754425710117,5000732.238429444,1076534.845807025,3924197.392622419,61821.28102480601
2026-06-10,alphalend,XAUM,0.8959271087481254,3.199869834402867,39.99837293003584,1400262.139142391,560082.0724122709,840180.06673012,4183.758035137628
2026-06-10,alphalend,XBTC,18.93761052149147,24.62887184047938,96.11489030105564,6499912.895424047,6247384.149100993,252528.7463230544,61705.50705814365
2026-06-10,bucket,BKT-AF-AFSUI-SUI,0,0,0,1.176755969457466,0,1.176755969457466,1
2026-06-10,bucket,BKT-KRIYA-FOUNTAIN-1,0,0,0,1.852075914896943,0,1.852075914896943,1
2026-06-10,bucket,BKT-PSM-BLUEFIN_STABLE_LP,0,0,0,141009.8779681803,0,141009.8779681803,1
2026-06-10,bucket,BKT-PSM-BUCKETUS,0,0,0,968705.9568428302,0,968705.9568428302,1
2026-06-10,bucket,BKT-PSM-CETABLE,0,0,0,0.2378890716779408,0,0.2378890716779408,1
2026-06-10,bucket,BKT-PSM-FDUSD,0,0,0,0.07017752033872725,0,0.07017752033872725,1
2026-06-10,bucket,BKT-PSM-STAPEARL,0,0,0,0.05956496651077811,0,0.05956496651077811,1
2026-06-10,bucket,BKT-PSM-USDC_CIRCLE,0,0,0,59511.77601295002,0,59511.77601295002,1
2026-06-10,bucket,BKT-PSM-USDC_WORMHOLE,0,0,0,1.591495553032501,0,1.591495553032501,1
2026-06-10,bucket,BKT-PSM-USDT_WORMHOLE,0,0,0,0.1211307219850249,0,0.1211307219850249,1
2026-06-10,bucket,BKT-SAVE-AFSUI_S,0,0,0,1418956.006147571,0,1418956.006147571,1
2026-06-10,bucket,BKT-SAVE-HASUI_NAVI_POND,0,0,0,0.9170719875313205,0,0.9170719875313205,1
2026-06-10,bucket,BKT-SAVE-HASUI_S,0,0,0,2446619.798161381,0,2446619.798161381,1
2026-06-10,bucket,BKT-SAVE-NAVI_STSUI,0,0,0,680510.6928305428,0,680510.6928305428,1
2026-06-10,bucket,BKT-SAVE-NAVI_VSUI,0,0,0,0.6965224004750389,0,0.6965224004750389,1
2026-06-10,bucket,BKT-SAVE-SUI_NAVI_POND,0,0,0,1001971.798480992,0,1001971.798480992,1
2026-06-10,bucket,BKT-SAVE-VSUI_S,0,0,0,1506682.150054969,0,1506682.150054969,1
2026-06-10,bucket,BKT-SCOIN-NAVI_CIRCLE_USDC,0,0,0,0.7062553372048397,0,0.7062553372048397,1
2026-06-10,bucket,BKT-SCOIN-NAVI_SUI_BRIDGE_USDT,0,0,0,19239.78091017211,0,19239.78091017211,1
2026-06-10,bucket,BKT-SCOIN-SCALLOP_CIRCLE_USDC,0,0,0,0.9648582133744117,0,0.9648582133744117,1
2026-06-10,bucket,BKT-SCOIN-SCALLOP_SUI_BRIDGE_USDT,0,0,0,0.3028084265268556,0,0.3028084265268556,1
2026-06-10,bucket,BKT-SCOIN-SCALLOP_USDC,0,0,0,0.5510877337144072,0,0.5510877337144072,1
2026-06-10,bucket,BKT-SCOIN-SCALLOP_USDT,0,0,0,0.1965411806981278,0,0.1965411806981278,1
2026-06-10,bucket,PSM-BUCK,0,0,0,2252220.30174957,2253693.855132,2252220.30174957,0.999346160802154
2026-06-10,bucket,PSM-USDC,0,0,0,106811.3693905486,106837.028546,106811.3693905486,0.9997598290049754
2026-06-10,bucket,PSM-USDSUI,0,0,0,155498.8567490817,155538.69849,155498.8567490817,0.999743846764149
2026-06-10,bucket,PSM-USDT,0,0,0,0,0,0,0.9994172204130752
2026-06-10,bucket,SAVING-USDB,0,0,0,8568992.617205,0,8568992.617205,1
2026-06-10,bucket,SUI,0,8,86.62138122666667,44422.23662196528,25986.414368,4013.585631999998,0.7542940628769165
2026-06-10,bucket,V1-AF_LP,0,0,0,0,0,0,0
2026-06-10,bucket,V1-BTC,0,0,1.284924087397455e-9,700.4304836583004,9e-9,700.4304836493004,61790.22264845685
2026-06-10,bucket,V1-CETUS,0,0,54.34454029479421,18.06647154569914,9.818140909,8.24833063669914,0.01806647154569914
2026-06-10,bucket,V1-COIN,0,0,0.06801179373272757,87.23757943983038,3e-9,87.23757943683039,0.9991316274458488
2026-06-10,bucket,V1-HAEDAL,0,0,100,28.16549940993115,50.493491719,0,0.01843588482768198
2026-06-10,bucket,V1-LBTC,0,0,39.57934999162892,1080.36912449911,427.603076987,652.7660475121103,61779.57741762166
2026-06-10,bucket,V1-LP_TOKEN,0,0,0,0,1487.982953506,0,0
2026-06-10,bucket,V1-MUSD,0,0,69.73690293650694,72.38689717832847,50.480380224,21.90651695432847,0.9976483406900726
2026-06-10,bucket,V1-NAVX,0,0,100,45.53590739572427,52.870769635,0,0.006407785318924256
2026-06-10,bucket,V1-SCA,0,0,100,1498.989639152978,1865.037219788,0,0.01291851808457017
2026-06-10,bucket,V1-SCALLOP_DEEP,0,0,16.52039955483339,8215.185624980406,1357.181489418,6858.004135562406,0.02077456811477454
2026-06-10,bucket,V1-SCALLOP_SB_USDT,0,0,66.22847277792494,531.119213866645,351.752143974,179.3670698926451,1.129642407620272
2026-06-10,bucket,V1-SCALLOP_SCA,0,0,100,156.5786383807558,161.471204678,0,0.01732658443704282
2026-06-10,bucket,V1-SCALLOP_SUI,0,0,56.61504685722639,81382.36593837243,46074.664609529,35307.70132884343,0.8335515348272947
2026-06-10,bucket,V1-SCALLOP_USDC,0,0,52.11477831508677,13310.64998024534,6936.815729502,6373.83425074334,1.127252164837546
2026-06-10,bucket,V1-SCALLOP_WORMHOLE_USDC,0,0,67.42238928242703,643.5683437891663,433.909154048,209.6591897411663,1.159167521285565
2026-06-10,bucket,V1-SCALLOP_WORMHOLE_USDT,0,0,52.61899135406396,2096.746998332169,1103.287121769,993.4598765631695,1.173339000204893
2026-06-10,bucket,V1-STSUI,0,0,91.58746835242827,39.64389904990461,36.308843496,3.33505555390461,0.7791075351693998
2026-06-10,bucket,V1-SUI,0,0,16.00913309598746,0,3017.794346294,0,0
2026-06-10,bucket,V1-TBTC,0,0,95.13547597755456,302.6808063145004,287.95682578,14.72398053450041,61588.21108464804
2026-06-10,bucket,V1-TLP,0,0,0,0,12494.869472018,0,0
2026-06-10,bucket,V1-USDY,0,0,73.7590013120093,856.0346552105448,631.402612568,224.6320426425448,1.126849877856978
2026-06-10,bucket,V1-WAL,0,0,100,38227.83167461761,50584.022907858,0,0.03289309172230958
2026-06-10,bucket,V1-WETH,0,0,21.63625446435032,1447.608860110552,313.208336622,1134.400523488552,1638.096278203254
2026-06-10,bucket,V1-afSUI,0,0,55.13813976796548,6015.659559960504,3316.922776136,2698.736783824505,0.7960354498644864
2026-06-10,bucket,V1-haSUI,0,0,28.2599940749164,3205.614741979312,905.906536148,2299.708205831312,0.8115681183492588
2026-06-10,bucket,V1-sSUI,0,0,65.44573940232283,79.6507507105189,52.128022742,27.52272796851891,0.7712874756332834
2026-06-10,bucket,V1-vSUI,0,0,82.56874107409044,13061.42279925491,10784.652371709,2276.770427545909,0.801521749683589
2026-06-10,bucket,V1PSM-AUSD,0,0,0,7.307956001,7.307956001,7.307956001,0.9995602626825667
2026-06-10,bucket,V1PSM-BLUEFIN_STABLE_LP,0,0,0,282087.505173162,282087.505173162,282087.505173162,1
2026-06-10,bucket,V1PSM-BUCKETUS,0,0,0,1937877.33561359,1937877.33561359,1937877.33561359,1
2026-06-10,bucket,V1PSM-CETABLE,0,0,0,0.238021,0.238021,0.238021,1
2026-06-10,bucket,V1PSM-COIN,0,0,0,1019.758977,1019.758977,1019.758977,0.9997598290049754
2026-06-10,bucket,V1PSM-FDUSD,0,0,0,0.070352,0.070352,0.070352,0.9975199047465211
2026-06-10,bucket,V1PSM-SCABLE,0,0,0,854.607426626,854.607426626,854.607426626,1
2026-06-10,bucket,V1PSM-STAPEARL,0,0,0,0.059598,0.059598,0.059598,1
2026-06-10,bucket,V1PSM-USDC,0,0,0,59526.072350565,59526.072350565,59526.072350565,0.9997598290049754
2026-06-10,bucket,V1PSM-USDT,0,0,0,0.057134295,0.057134295,0.057134295,0.9994172204130752
2026-06-10,bucket,WBTC,0,9,59.36060660888889,273494.8306612093,106849.091896,73150.908104,61784.0198129372
2026-06-10,bucket,afSUI,0,9,61.795569275,22430.70041615574,12359.113855,7640.886145,0.7960354498644864
2026-06-10,bucket,haSUI,0,9,87.30859432577778,4598484.743351375,1571554.697864,228445.302136,0.8115681183492588
2026-06-10,bucket,vSUI,0,9,4.903262773000001,194475.8952419939,9806.525546,190193.474454,0.801521749683589
2026-06-10,navi,AUSD,1.6626,5.5667,42.66957561215588,2424.305080391439,1034.441860802797,1389.863219588642,0.999907
2026-06-10,navi,BLUE,17.3402,68.2717,36.33887759817689,22612.17973919467,8217.139116665725,14395.04062252894,0.0113456
2026-06-10,navi,BUCK,0.0271,0.4818,8.02925861316688,20410677.10465906,1638826.307082999,18771850.79757606,0.9996763
2026-06-10,navi,CETUS,0.4593,5.1229,12.80738024447695,172552.1982962393,22099.451183046,150452.7471131933,0.01806651
2026-06-10,navi,DEEP,4.736,13.05716666666667,51.81640266321099,5357703.176418679,2776146.605492358,2581556.57092632,0.016246
2026-06-10,navi,FDUSD,0.1057,4.577,3.080359692077151,25718.59276780275,792.2264119900389,24926.36635581271,0.997622
2026-06-10,navi,HAEDAL,0.0334,30.1266,0.1582492709351666,78935.32557576416,124.9159104469515,78810.4096653172,0.01849999
2026-06-10,navi,IKA,1.2902,30.0415,14.31612796296572,139010.4516865328,19901.09591389987,119109.3557726329,0.00164941
2026-06-10,navi,LBTC,0.0044,0.2645666666666667,3.306831506847345,2795700.623596922,92445.4194803336,2703255.204116588,61983.30778393
2026-06-10,navi,MBTC,0,0,0,18514151.63888387,0,18514151.63888387,61715.89
2026-06-10,navi,NAVX,0.0095,0.9751,1.218824771419113,1563582.157626715,19057.33316402737,1544524.824462688,0.00640814
2026-06-10,navi,NS,0.4605,12.4632,6.158024345393643,298941.3405505423,18408.95688113512,280532.3836694072,0.011438
2026-06-10,navi,SOL,0.1341,6.6812,2.868422575447939,41665.19015590337,1195.13647258144,40470.05368332193,64.87273932
2026-06-10,navi,SUI,1.551466666666667,2.531966666666667,76.59623523485315,21795925.35843146,16694169.33496332,5101756.023468135,0.75344678
2026-06-10,navi,USDC,6.476500000000001,9.0154,89.7976052605602,23894639.22701044,21457653.79575938,2436985.431251066,0.999786
2026-06-10,navi,USDSUI,1.0801,2.8461,47.4356464022787,4207854.296684477,1996023.944884677,2211830.351799801,0.999786
2026-06-10,navi,USDY,0.05303333333333333,1.809966666666667,3.908150547811871,2396095.074267643,93643.09443998446,2302451.979827658,1.135
2026-06-10,navi,WAL,5.573033333333334,13.48363333333334,59.04522942049823,4075852.098376396,2406477.441545207,1669374.656831189,0.03304638
2026-06-10,navi,WBTC,0.05204999999999999,0.4156,35.35987083294635,29427.22260415987,1873.892256723066,27553.33034743681,61715.89
2026-06-10,navi,WETH,0.001,0.5151,9.663311901535506,154072.6804252311,14888.52612285997,139184.1543023711,1639.13572216
2026-06-10,navi,XAUm,0.0119,8.0424,0.2117691552459534,1318296.992911256,2791.754355427282,1315505.238555829,4228.584
2026-06-10,navi,YBTC.B,0,0,0,3949.8151085233,0,3949.8151085233,61715.89
2026-06-10,navi,enzoBTC,0,0,0,26846412.15,0,26846412.15,61715.89
2026-06-10,navi,haSUI,0.0156,0.2827,8.489018772551768,16988322.75886343,1442142.04051655,15546180.71834688,0.75344678
2026-06-10,navi,stBTC,0.0002,0.2499,3.124258942480984,31184.83249355906,974.295004230568,30210.53748932849,61715.89
2026-06-10,navi,stSUI,0.0151,0.5015,3.761951916563575,10050.02284956557,378.0770919472808,9671.94575761829,0.75344678
2026-06-10,navi,suiETH,0.1251,1.2917,16.14580841812233,1510921.236625836,243950.5419701639,1266970.694655672,1639.13572216
2026-06-10,navi,suiUSDT,5.720433333333333,8.6682,82.4884885742185,4881441.339798635,3999082.163348888,882359.1764497468,0.99937
2026-06-10,navi,suiUSDe,0.6555333333333333,2.449733333333333,33.44737045332949,682406.2134174315,228187.0943434417,454219.1190739897,0.999786
2026-06-10,navi,vSUI,0.008633333333333333,0.4209666666666667,3.158031095156284,10801242.87441935,341376.6733561703,10459866.20106318,0.75344678
2026-06-10,navi,wBTC,0.4897,1.2121,80.80723888854453,7992820.387163519,6458777.997251011,1534042.389912507,61715.89
2026-06-10,navi,wUSDC,1.4474,19.4209,93.16058555557743,2152003.582671169,2004820.651067262,147182.9316039072,0.999786
2026-06-10,navi,wUSDT,1.407,29.2849,96.0900125079881,1159555.607001198,1114217.580506847,45338.02649435172,0.99937
2026-06-10,navi,xBTC,0.2592,0.4811,76.96915943095452,10134310.75684009,7800294.110260454,2334016.646579641,61715.89
2026-06-10,scallop,CETUS,0.7233287083186157,23.02118007297505,5.796133216254891,65902.00807077813,3819.76817996935,62082.23989080878,0.01795571
2026-06-10,scallop,DEEP,6.728264471413725,28.0158580412728,37.65404257393958,120926.5894144593,45533.74946133361,75392.83995312567,0.01609622
2026-06-10,scallop,SBETH,1.481968896895802,6.942001521831465,27.39621248023751,785890.025289988,215304.1011894374,570585.9241005506,1631.90615066
2026-06-10,scallop,SCA,5.714288671073953,25.90736387684314,24.35917425624129,308580.9427296787,75167.76956107457,233413.1731686041,0.01289977
2026-06-10,scallop,SUI,3.435153504801591,8.558626171845663,51.40706536295556,3618560.374774977,1860195.697058582,1758364.677716395,0.7472640500000001
2026-06-10,scallop,USDC,5.784942751798261,9.695971273282233,75.9586613514589,3402718.77296346,2584659.629497832,818059.1434656279,0.99978022
2026-06-10,scallop,USDSUI,6.355039366298998,10.07928641170128,80.19548780337695,484850.1728833738,388827.9612593381,96022.21162403571,0.99978022
2026-06-10,scallop,USDT,5.887641805984689,9.766340099652982,76.73756156430024,1032305.104481881,792165.7650831974,240139.3393986836,0.99935089
2026-06-10,scallop,USDY,2.666867041040177,7.161178300836735,47.56407007025471,554812.0969640579,263891.214558234,290920.8824058239,1.13569942
2026-06-10,scallop,WBTC,0,5.126749587580526,0,120.041359825436,0,120.041359825436,61498.17353182
2026-06-10,scallop,WETH,0.3931927033716809,5.708761169209575,8.834902210960845,11516.37314606966,1017.46030570461,10498.91284036505,1631.90615066
2026-06-10,scallop,afSUI,0.1397819619830543,5.347169843627264,3.351692655640519,113248.477589188,3795.740905981512,109452.7366832064,0.7472640500000001
2026-06-10,scallop,haSUI,0.3188579147936688,5.607008347324216,7.293805893870549,56468.39814313051,4118.69535193794,52349.70279119256,0.7472640500000001
2026-06-10,scallop,vSUI,0.9370163447530944,6.37354068863929,18.86706249600536,24386.18132141621,4600.956070300783,19785.22525111543,0.7472640500000001
2026-06-10,scallop,wUSDC,1.465124334481516,5.930037070702765,31.5579553628838,168660.1235476907,53225.68650416491,115434.4370435258,0.99978022
2026-06-10,scallop,wUSDT,1.074160415869585,5.372067407363468,25.52131746235897,73763.12191936816,18825.32051518884,54937.80140417932,0.99935089
2026-06-10,suilend,AUSD,0.05276969545517169,4.120074502203221,1.600993362709611,1683843.090895559,26958.21612368226,1656884.874771877,0.9999163400000002
2026-06-10,suilend,BTC,0.1670168947302152,0.9138295648812618,22.84573912203155,2113843.028963063,482923.0638461511,1630919.965116912,61727.99
2026-06-10,suilend,DEEP,0.2781876319876853,27.19223044421549,1.461486962810328,5542983.42629872,81009.98012609303,5461973.446172627,0.01623113
2026-06-10,suilend,ETH,0.04104923287714419,1.115043781157956,4.601751246318237,4174286.279003095,192090.2708689161,3982196.008134179,1639.73430298
2026-06-10,suilend,LBTC,0,3,0,3007719.349018588,0,3007719.349018588,61727.99
2026-06-10,suilend,SEND,0.001173863847860617,50.00125209008313,0.003130225207816167,493804.4564685526,15.45719157369824,493788.9992769789,0.04943996
2026-06-10,suilend,SUI,1.31993483715536,3.323743271215189,49.64037267056959,41753623.51473507,20726654.31618106,21026969.19855401,0.74916842
2026-06-10,suilend,USDC,3.840905151907956,6.414467212906038,74.84848360008718,30716991.1381727,22991202.07449543,7725789.063677273,0.99978162
2026-06-10,suilend,USDSUI,0.3571236667089772,4.261860176594821,10.47440706379283,9581042.803850913,1003557.424231575,8577485.379619338,0.9999163400000002
2026-06-10,suilend,USDT,2.439479613267476,6.137086147490843,49.68725292916211,2795380.522564731,1388947.790579272,1406432.73198546,0.99935507
2026-06-10,suilend,WAL,0.3338836782058313,20.91233555780098,2.280838894502436,1608257.465868955,36681.76180527835,1571575.704063677,0.03225329
2026-06-10,suilend,WBTC,0.05237669403062039,0.5117455130756907,12.79363782689227,3289460.256434253,420841.63166776,2868618.624766493,61727.99
2026-06-10,suilend,WETH,7.189007543615872,151.6739045717856,94.79557559901004,887.9776217003027,841.7634976812017,46.21412401910105,1639.73430298
2026-06-10,suilend,XBTC,0.156967686439531,0.9149650235632865,22.87412558908216,4292169.355908578,981796.208966627,3310373.146941951,61727.99
2026-06-10,suilend,sSUI,0,0,0,44935910.52441837,0,44935910.52441837,0.7700118082608034
2026-06-10,suilend,wUSDC,5.401919288510931,11.85523238862418,56.95712145734068,42154.16145136331,24009.79693717648,18144.36451418683,0.99978162
2026-06-10,suilend,wUSDT,0.3160845120613069,8.718945567549845,36.25260756733126,20801.19920047008,7540.977115445266,13260.22208502481,0.99935507
2026-06-11,alphalend,ALPHA,1.360254574372891e-13,0.000001374497167842405,0.00001099597734273924,6440634.598738012,0.7082107212058563,6440633.89052729,0.7082107212058563
2026-06-11,alphalend,BLUE,1.381989443030105,2.419505195838833,71.39835065279611,488845.3378902308,349027.508496713,139817.8293935179,0.01040097267327399
2026-06-11,alphalend,BTCVC,0,20,0,3374800.486422283,0,3374800.486422283,61527.81444665
2026-06-11,alphalend,DEEP,4.575527348031068,11.05898781815539,55.16511303767467,2870965.186052583,1583771.190158195,1287193.995894389,0.01572137183502678
2026-06-11,alphalend,EBTC,4.111431489013201e-7,0.007168883707570169,0.007168883707570169,694798.5568154141,49.80930053997289,694748.7475148742,63958.935937405
2026-06-11,alphalend,EEARN,0,0,0,1020596.391187478,0,1020596.391187478,1.018572092384449
2026-06-11,alphalend,EGUSDC,0.001054080973138518,0.150291215393305,0.8766987564609461,1374201.522137703,12047.60765584863,1362153.914481854,1.06080466
2026-06-11,alphalend,ESUI,7.37973068708313e-14,0.000003037213090787986,0.000003037213090787986,4278801.452578202,0.1299563178465316,4278801.322621884,0.7548696153288486
2026-06-11,alphalend,ETHIRD,0,0,0,6700351.664136143,0,6700351.664136143,1.032214821670249
2026-06-11,alphalend,STSUI,0.3993767806889773,2.564755447496994,18.31968176783568,5460217.117713566,1000294.399798015,4459922.717915552,0.7567263829696478
2026-06-11,alphalend,SUI,3.317711838095788,6.748127244443238,57.84109066665633,11894735.28071242,6880044.618275629,5014690.66243679,0.7338367562919065
2026-06-11,alphalend,TBTC,0.3985767222841664,0.9112453958321801,54.67472374993081,2844668.474887683,1555314.630246211,1289353.844641472,61695.42951551211
2026-06-11,alphalend,USDC,8.43238518037527,11.73263019988807,84.55438366648012,33378961.93414993,28223375.53768948,5155586.396460446,0.9998306270071042
2026-06-11,alphalend,USDSUI,0.8314877520371928,4.7088222222751,23.5441111113755,7634247.312516495,1797415.669776082,5836831.642740414,0.9988396066839959
2026-06-11,alphalend,USDT,5.213131669631944,9.591477531058446,63.94318354038964,6105229.178157975,3903877.898950976,2201351.279206999,0.9990204044837883
2026-06-11,alphalend,WAL,0.9578223061995442,5.053902271049687,25.26951135524843,3339153.971612737,843787.8920259095,2495366.079586828,0.03156207459176693
2026-06-11,alphalend,WBTC,0.2368494372631788,1.293011361389088,21.55018935648479,4989293.25696819,1075202.144426972,3914091.112541218,61760.79279789924
2026-06-11,alphalend,XAUM,0.9143874271741217,3.232667942249421,40.40834927811776,1343606.915109199,542929.3751822684,800677.5399269308,4039.876345224999
2026-06-11,alphalend,XBTC,11.63315377899859,15.20607243220549,95.6291789913508,6542848.359933491,6256872.169253458,285976.1906800324,61790.17250740973
2026-06-11,bucket,BKT-AF-AFSUI-SUI,0,0,0,1.141982274054506,0,1.141982274054506,1
2026-06-11,bucket,BKT-KRIYA-FOUNTAIN-1,0,0,0,1.855845503003507,0,1.855845503003507,1
2026-06-11,bucket,BKT-PSM-BLUEFIN_STABLE_LP,0,0,0,141018.2029675654,0,141018.2029675654,1
2026-06-11,bucket,BKT-PSM-BUCKETUS,0,0,0,968763.1477049974,0,968763.1477049974,1
2026-06-11,bucket,BKT-PSM-CETABLE,0,0,0,0.2378900060158103,0,0.2378900060158103,1
2026-06-11,bucket,BKT-PSM-FDUSD,0,0,0,0.07015318125878758,0,0.07015318125878758,1
2026-06-11,bucket,BKT-PSM-STAPEARL,0,0,0,0.05956520045933032,0,0.05956520045933032,1
2026-06-11,bucket,BKT-PSM-USDC_CIRCLE,0,0,0,59515.28949374906,0,59515.28949374906,1
2026-06-11,bucket,BKT-PSM-USDC_WORMHOLE,0,0,0,1.59171734948343,0,1.59171734948343,1
2026-06-11,bucket,BKT-PSM-USDT_WORMHOLE,0,0,0,0.1211245179330697,0,0.1211245179330697,1
2026-06-11,bucket,BKT-SAVE-AFSUI_S,0,0,0,1367936.340462003,0,1367936.340462003,1
2026-06-11,bucket,BKT-SAVE-HASUI_NAVI_POND,0,0,0,0.890171948455857,0,0.890171948455857,1
2026-06-11,bucket,BKT-SAVE-HASUI_S,0,0,0,2374854.256232105,0,2374854.256232105,1
2026-06-11,bucket,BKT-SAVE-NAVI_STSUI,0,0,0,660961.8979565625,0,660961.8979565625,1
2026-06-11,bucket,BKT-SAVE-NAVI_VSUI,0,0,0,0.6761875073271406,0,0.6761875073271406,1
2026-06-11,bucket,BKT-SAVE-SUI_NAVI_POND,0,0,0,978709.9364329106,0,978709.9364329106,1
2026-06-11,bucket,BKT-SAVE-VSUI_S,0,0,0,1462694.734132211,0,1462694.734132211,1
2026-06-11,bucket,BKT-SCOIN-NAVI_CIRCLE_USDC,0,0,0,0.7062970333989838,0,0.7062970333989838,1
2026-06-11,bucket,BKT-SCOIN-NAVI_SUI_BRIDGE_USDT,0,0,0,19232.14180671741,0,19232.14180671741,1
2026-06-11,bucket,BKT-SCOIN-SCALLOP_CIRCLE_USDC,0,0,0,0.9649151770719118,0,0.9649151770719118,1
2026-06-11,bucket,BKT-SCOIN-SCALLOP_SUI_BRIDGE_USDT,0,0,0,0.3026881972525206,0,0.3026881972525206,1
2026-06-11,bucket,BKT-SCOIN-SCALLOP_USDC,0,0,0,0.5511645352507079,0,0.5511645352507079,1
2026-06-11,bucket,BKT-SCOIN-SCALLOP_USDT,0,0,0,0.196531114286598,0,0.196531114286598,1
2026-06-11,bucket,PSM-BUCK,0,0,0,2265748.735161682,2268927.086501,2265748.735161682,0.9985991831301113
2026-06-11,bucket,PSM-USDC,0,0,0,120651.3852824917,120673.24485,120651.3852824917,0.9998188532384666
2026-06-11,bucket,PSM-USDSUI,0,0,0,155358.2124238922,155538.69849,155358.2124238922,0.9988396066839959
2026-06-11,bucket,PSM-USDT,0,0,0,0,0,0,0.9990204044837883
2026-06-11,bucket,SAVING-USDB,0,0,0,8573353.134761,0,8573353.134761,1
2026-06-11,bucket,SUI,0,8,86.83990800666666,44468.83873482732,26051.972402,3948.027598000001,0.7367823080940671
2026-06-11,bucket,V1-AF_LP,0,0,0,0,0,0,0
2026-06-11,bucket,V1-BTC,0,0,1.286717158314996e-9,699.4544171452438,9e-9,699.4544171362438,61704.11650577947
2026-06-11,bucket,V1-CETUS,0,0,55.72477866954087,17.61898592226547,9.818140909,7.800845013265473,0.01761898592226547
2026-06-11,bucket,V1-COIN,0,0,0.0680023166896115,87.23311132087238,3e-9,87.23311131787239,0.9990804540983672
2026-06-11,bucket,V1-HAEDAL,0,0,100,29.09428179174808,50.493491719,0,0.01904382451914435
2026-06-11,bucket,V1-LBTC,0,0,39.5403634760989,1081.434360727297,427.603076987,653.8312837402974,61840.49163900673
2026-06-11,bucket,V1-LP_TOKEN,0,0,0,0,1487.982953506,0,0
2026-06-11,bucket,V1-MUSD,0,0,69.70320433784251,72.42189323080193,50.480380224,21.94151300680193,0.9981306621466041
2026-06-11,bucket,V1-NAVX,0,0,100,45.75017387466153,52.870769635,0,0.006437936768112258
2026-06-11,bucket,V1-SCA,0,0,100,1505.001642326851,1865.037219788,0,0.01297033043183233
2026-06-11,bucket,V1-SCALLOP_DEEP,0,0,17.0061622446038,7980.527704589229,1357.181489418,6623.346215171229,0.02018116497413041
2026-06-11,bucket,V1-SCALLOP_SB_USDT,0,0,66.24026681003272,531.0246484706546,351.752143974,179.2725044966546,1.129441275597903
2026-06-11,bucket,V1-SCALLOP_SCA,0,0,100,156.6288783316712,161.471204678,0,0.01733214385920059
2026-06-11,bucket,V1-SCALLOP_SUI,0,0,57.93609195431104,79526.70443471389,46074.664609529,33452.03982518489,0.8145450894301945
2026-06-11,bucket,V1-SCALLOP_USDC,0,0,52.10815716824143,13312.3413040786,6936.815729502,6375.525574576604,1.127395399649919
2026-06-11,bucket,V1-SCALLOP_WORMHOLE_USDC,0,0,67.42286860518945,643.5637685320951,433.909154048,209.6546144840951,1.159159280530019
2026-06-11,bucket,V1-SCALLOP_WORMHOLE_USDT,0,0,52.63624972141135,2096.05951717378,1103.287121769,992.7723954047806,1.172954285951964
2026-06-11,bucket,V1-STSUI,0,0,94.29628505938837,38.50506249862597,36.308843496,2.196219002625973,0.7567263829696478
2026-06-11,bucket,V1-SUI,0,0,16.38963627851928,0,3017.794346294,0,0
2026-06-11,bucket,V1-TBTC,0,0,94.97014320438284,303.2077409426407,287.95682578,15.25091516264069,61695.42951551211
2026-06-11,bucket,V1-TLP,0,0,0,0,12494.869472018,0,0
2026-06-11,bucket,V1-USDY,0,0,73.19988544494478,862.5732249852927,631.402612568,231.1706124172927,1.135456990322795
2026-06-11,bucket,V1-WAL,0,0,100,37038.84495058881,50584.022907858,0,0.0318700295276506
2026-06-11,bucket,V1-WETH,0,0,21.78604018662733,1437.656104271087,313.208336622,1124.447767649087,1626.833862817617
2026-06-11,bucket,V1-afSUI,0,0,57.19461664797556,5799.361846502392,3316.922776136,2482.439070366392,0.7674133767699081
2026-06-11,bucket,V1-haSUI,0,0,29.11398070773075,3111.585960168789,905.906536148,2205.679424020789,0.7877627743928229
2026-06-11,bucket,V1-sSUI,0,0,67.07617730328931,77.71465941820111,52.128022742,25.58663667620111,0.7525395925044157
2026-06-11,bucket,V1-vSUI,0,0,85.05181937545542,12680.09602957568,10784.652371709,1895.443657866679,0.7781214123442355
2026-06-11,bucket,V1PSM-AUSD,0,0,0,7.307956001,7.307956001,7.307956001,0.9997404633251257
2026-06-11,bucket,V1PSM-BLUEFIN_STABLE_LP,0,0,0,282087.505173162,282087.505173162,282087.505173162,1
2026-06-11,bucket,V1PSM-BUCKETUS,0,0,0,1937877.33561359,1937877.33561359,1937877.33561359,1
2026-06-11,bucket,V1PSM-CETABLE,0,0,0,0.238021,0.238021,0.238021,1
2026-06-11,bucket,V1PSM-COIN,0,0,0,1019.758977,1019.758977,1019.758977,0.9998188532384666
2026-06-11,bucket,V1PSM-FDUSD,0,0,0,0.070352,0.070352,0.070352,0.9971739432963894
2026-06-11,bucket,V1PSM-SCABLE,0,0,0,854.607426626,854.607426626,854.607426626,1
2026-06-11,bucket,V1PSM-STAPEARL,0,0,0,0.059598,0.059598,0.059598,1
2026-06-11,bucket,V1PSM-USDC,0,0,0,59526.072350565,59526.072350565,59526.072350565,0.9998188532384666
2026-06-11,bucket,V1PSM-USDT,0,0,0,0.057134295,0.057134295,0.057134295,0.9990204044837883
2026-06-11,bucket,WBTC,0,9,54.00107282277777,261390.1559392773,97201.931081,82798.068919,61843.67239665705
2026-06-11,bucket,afSUI,0,9,61.795569275,21624.18715473869,12359.113855,7640.886145,0.7674133767699081
2026-06-11,bucket,haSUI,0,9,87.30859432577778,4463599.564253208,1571554.697864,228445.302136,0.7877627743928229
2026-06-11,bucket,vSUI,0,9,2.5043259105,182346.3654362423,5008.651821,194991.348179,0.7781214123442355
2026-06-11,navi,AUSD,1.6626,5.5667,42.67327833921189,2423.92388330074,1034.369255135021,1389.55462816572,0.999685
2026-06-11,navi,BLUE,20.8417,79.1056,37.63973685733441,20070.14261759292,7554.514782016543,12515.62783557638,0.01041008
2026-06-11,navi,BUCK,0.02716666666666667,0.4823666666666667,8.039075204691107,20390421.78756177,1643876.168855162,18746545.61870661,0.99868318
2026-06-11,navi,CETUS,0.4697,5.181,12.95261433832954,166330.5820647605,21544.20207874938,144786.3799860112,0.01761012
2026-06-11,navi,DEEP,4.7589,13.0691,52.01952152159168,5166734.156952045,2687717.886534529,2479016.270417516,0.015723
2026-06-11,navi,FDUSD,0.1057,4.577,3.079173063723108,25708.71479295351,791.6173843381333,24917.09740861538,0.997235
2026-06-11,navi,HAEDAL,0.0336,30.1276,0.159487607104296,80526.36967973366,128.4312999697871,80397.93837976387,0.019005
2026-06-11,navi,IKA,1.3366,30.47019999999999,14.62274720521506,132574.2550501656,19386.22270268248,113188.0323474831,0.00160541
2026-06-11,navi,LBTC,0.0044,0.2647,3.308874363187719,2794741.935049294,92474.49142324858,2702267.443626046,61960.68439674
2026-06-11,navi,MBTC,0,0,0,18527834.85065734,0,18527834.85065734,61761.50222189
2026-06-11,navi,NAVX,0.0095,0.9757000000000001,1.219572407944841,1569086.689226217,19136.156529276,1549950.532696941,0.00642963
2026-06-11,navi,NS,0.4683,12.4979,6.244944813938506,288125.8585798279,17993.39472827518,270132.4638515527,0.011176
2026-06-11,navi,SOL,0.1342,6.6813,2.868911326421793,40830.84884936453,1171.404231738239,39659.44461762629,63.57295184
2026-06-11,navi,SUI,1.5515,2.5319,76.59719686265449,21088929.83505808,16153577.31911543,4935352.515942654,0.73108619
2026-06-11,navi,USDC,6.2911,8.932,88.04174270265848,24131402.86917333,21245717.40997152,2885685.459201805,0.999754
2026-06-11,navi,USDSUI,1.2468,3.058,50.96611082743893,4115355.562323852,2097438.076999781,2017917.485324072,0.999754
2026-06-11,navi,USDY,0.0069,0.2349,3.915158719857885,2393616.017246615,93713.87563629818,2299902.141610317,1.134019
2026-06-11,navi,WAL,5.656400000000001,13.525,59.74594990884145,3871311.94687982,2312957.702884455,1558354.243995366,0.03175001
2026-06-11,navi,WBTC,0.05126666666666665,0.41435,35.11365436898618,29448.99470757909,1875.303250089848,27573.69145748924,61761.50222189
2026-06-11,navi,WETH,0.001,0.5149,9.661353646996231,152854.9470527859,14767.86006013965,138087.0869926463,1626.17900425
2026-06-11,navi,XAUm,0.012,8.0428,0.2138571623977563,1262466.833865726,2699.885393855374,1259766.948471871,4088.536
2026-06-11,navi,YBTC.B,0,0,0,3952.734289355893,0,3952.734289355893,61761.50222189
2026-06-11,navi,enzoBTC,0,0,0,26866253.46652215,0,26866253.46652215,61761.50222189
2026-06-11,navi,haSUI,0.0156,0.2828,8.492732559877766,16476450.51469615,1399301.038793722,15077149.47590243,0.73108619
2026-06-11,navi,stBTC,0.0002,0.2499,3.124279821838142,31207.88379652694,975.021722125509,30232.86207440144,61761.50222189
2026-06-11,navi,stSUI,0.015,0.5,3.750855019072341,9752.472929149048,365.8011987189403,9386.671730430107,0.73108619
2026-06-11,navi,suiETH,0.1278,1.3051,16.31428089985013,1482806.594934508,241909.3507302772,1240897.244204231,1626.17900425
2026-06-11,navi,suiUSDT,4.839,8.2378,73.42716905011797,5450707.182089827,4002303.877521128,1448403.304568698,0.999015
2026-06-11,navi,suiUSDe,0.538,2.0088,33.48015093210469,681859.2780830731,228287.6512568884,453571.6268261847,0.999754
2026-06-11,navi,vSUI,0.0085,0.418,3.13600155650786,10534073.42651572,330348.749580569,10203724.67693515,0.73108619
2026-06-11,navi,wBTC,0.4917,1.2145,80.96781957902817,7983126.619287358,6463764.223035226,1519362.396252132,61761.50222189
2026-06-11,navi,wUSDC,1.448,19.4278,93.16395875351111,2152991.796505077,2005813.575248519,147178.2212565577,0.999754
2026-06-11,navi,wUSDT,1.4039,29.2321,96.05477119442166,1160030.622827983,1114265.33265509,45765.29017289283,0.999015
2026-06-11,navi,xBTC,0.2594,0.4813,77.00635485398469,10141057.14659045,7809258.836884882,2331798.309705568,61761.50222189
2026-06-11,scallop,CETUS,0.7192293810948325,23.01631817713272,5.764501753963447,65174.6503759706,3756.99386406237,61417.65651190824,0.01767752
2026-06-11,scallop,DEEP,6.723787641060719,28.01259636485491,37.63366769540784,118730.5021277469,44682.6426238454,74047.85950390146,0.01578467
2026-06-11,scallop,SBETH,1.481052065316923,6.941105354104149,27.38280649975038,784626.27785448,214852.695411086,569773.582443394,1628.18640788
2026-06-11,scallop,SCA,5.694437553997167,25.89592081695826,24.28643075074668,310786.4486101107,75478.93562439947,235307.5129857113,0.012945
2026-06-11,scallop,SUI,3.338760845603228,8.489060934022019,50.38122203568646,3621662.863364707,1824638.008575773,1797024.854788934,0.73303103
2026-06-11,scallop,USDC,9.506529444808187,13.93155578054401,87.03008158992607,2962699.414097117,2578439.717352983,384259.6967441344,0.99975271
2026-06-11,scallop,USDSUI,6.337593666654318,10.06781157074688,80.0688774318603,483877.7660144605,387435.4953901421,96442.27062431835,0.99975271
2026-06-11,scallop,USDT,8.65636077820544,12.76978741076822,86.34655133121623,913580.2053800311,788845.0009902993,124735.2043897318,0.999015
2026-06-11,scallop,USDY,2.666369948550429,7.160684970604647,47.55848550604581,554905.0108733958,263904.4191685459,291000.5917048499,1.13580797
2026-06-11,scallop,WBTC,0,5.126749587580526,0,120.64424196825,0,120.64424196825,61807.035
2026-06-11,scallop,WETH,0.3932493763211031,5.708837377691478,8.83605839331119,11490.24541412267,1015.284794326641,10474.96061979603,1628.18640788
2026-06-11,scallop,afSUI,0.1398097476705829,5.34721191693206,3.352332733176854,111086.0092166464,3723.972648949494,107362.0365676969,0.73303103
2026-06-11,scallop,haSUI,0.318906443443967,5.607075799188999,7.294828804001891,55393.33489692803,4040.848949558336,51352.48594736969,0.73303103
2026-06-11,scallop,vSUI,0.9371768604260033,6.373720144330641,18.86976426720034,23922.31056695851,4514.083611252628,19408.22695570588,0.73303103
2026-06-11,scallop,wUSDC,1.465380801796501,5.930380336359709,31.56166416236477,168662.1780934345,53232.59021877935,115429.5878746551,0.99975271
2026-06-11,scallop,wUSDT,1.074335440848539,5.372334450440563,25.52421759726833,73740.48035210664,18821.6806623426,54918.79968976403,0.999015
2026-06-11,suilend,AUSD,0.05266110509951921,4.119834394547836,1.597791927304487,1683391.524284357,26897.0938799434,1656494.430404414,0.99964638
2026-06-11,suilend,BTC,0.08905799233841319,0.6673005032907333,16.68251258226833,2118241.485445157,353375.9023322159,1764865.583112941,61812.32043118
2026-06-11,suilend,DEEP,0.2703681406008774,27.13509583599504,1.423397223996695,5536594.487990477,78807.73224601049,5457786.755744466,0.01577813
2026-06-11,suilend,ETH,0.04114719317882966,1.11529259599303,4.611703839721222,4136680.613240245,190771.4586778037,3945909.154562441,1628.42681534
2026-06-11,suilend,LBTC,0,3,0,3011620.735239206,0,3011620.735239206,61812.32043118
2026-06-11,suilend,SEND,0.001175705864457102,50.00125405480235,0.003135137005879906,500896.9970933645,15.70380711721527,500881.2932862473,0.05016
2026-06-11,suilend,SUI,1.322899767025895,3.325868846277948,49.72008173542307,40733074.44490853,20252517.90735925,20480556.53754928,0.73133557
2026-06-11,suilend,USDC,4.058234795864625,6.512632267682035,77.89160029814308,30202825.2154793,23525463.8955879,6677361.319891394,0.99975289
2026-06-11,suilend,USDSUI,0.3227060473241719,4.237958086713877,9.51832346855508,10536988.00508659,1002944.602166991,9534043.402919602,0.99964638
2026-06-11,suilend,USDT,2.226319474494756,5.99618061907797,46.4111993935628,2785051.169651433,1292575.65155968,1492475.518091754,0.99902509
2026-06-11,suilend,WAL,0.3542779539457787,20.96560324429018,2.414008110725454,1481890.58412176,35772.9588927761,1446117.625228984,0.03143593
2026-06-11,suilend,WBTC,0.05234516102896179,0.5115914435805283,12.78978608951321,3294096.071696611,421307.8411530542,2872788.230543557,61812.32043118
2026-06-11,suilend,WETH,7.217958145076898,152.2521200787837,94.81586386241345,885.3053543940246,839.4099195888953,45.89543480512918,1628.42681534
2026-06-11,suilend,XBTC,0.1927889346634174,1.014005745318155,25.35014363295386,3898487.813784925,988272.2603076816,2910215.553477244,61812.32043118
2026-06-11,suilend,sSUI,0,0,0,43672443.24368561,0,43672443.24368561,0.7482043793598211
2026-06-11,suilend,wUSDC,5.772875235976515,12.30498149345848,58.64368060046928,40954.43860323342,24017.19016619551,16937.24843703792,0.99975289
2026-06-11,suilend,wUSDT,0.3151807553088417,8.713016422885824,36.17355230514432,20796.13232483294,7522.699803970469,13273.43252086247,0.99902509
2026-06-12,alphalend,ALPHA,1.360254574372891e-13,0.000001374497167842405,0.00001099597734273924,6648351.181418142,0.7310511895744757,6648350.450366952,0.7310511895744757
2026-06-12,alphalend,BLUE,1.383662177996858,2.422136204341996,71.40712068113999,557668.2073924516,398214.809853078,159453.3975393737,0.01186601456106538
2026-06-12,alphalend,BTCVC,0,20,0,3481235.009567388,0,3481235.009567388,63468.27985109
2026-06-12,alphalend,DEEP,3.108889679584007,7.848370888007384,52.81588113756638,3170457.354601162,1674504.987923381,1495952.366677781,0.01661791963911593
2026-06-12,alphalend,EBTC,4.111431489013201e-7,0.007168883707570169,0.007168883707570169,717882.0060792557,51.46412617339365,717830.5419530823,66083.8581011
2026-06-12,alphalend,EEARN,0,0,0,1177434.470743925,0,1177434.470743925,1.020599990404518
2026-06-12,alphalend,EGUSDC,0.00106474562350558,0.151049586714258,0.881122589166505,1361656.595548034,11997.86385024932,1349658.731697785,1.060801817
2026-06-12,alphalend,ESUI,7.315639590646661e-14,0.000003023995616449919,0.000003023995616449919,4428281.787996774,0.1339110471530725,4428281.654085726,0.7778412187093293
2026-06-12,alphalend,STSUI,0.4013948004577435,2.571227037452652,18.36590741037609,5627682.805987864,1033575.013497386,4594107.792490478,0.7798466291998789
2026-06-12,alphalend,SUI,2.995219043511162,6.411774295530051,54.95806539025758,12131236.11214294,6667092.675158061,5464143.436984884,0.7510685513505779
2026-06-12,alphalend,TBTC,0.398587817625754,0.9112580790974206,54.67548474584524,2920733.586308571,1596925.246448921,1323808.33985965,63344.45098928323
2026-06-12,alphalend,USDC,7.590317666065257,10.76610528907398,82.94350881512331,34073568.28779447,28261813.11641387,5811755.171380601,0.999817994546807
2026-06-12,alphalend,USDSUI,0.8254771825302136,4.691772039163067,23.45886019581533,7660136.648698882,1796980.747226685,5863155.901472198,0.9993299646629434
2026-06-12,alphalend,USDT,5.499506496064522,9.851401658466308,65.67601105644206,5937401.411515906,3899448.407492534,2037953.004023373,0.9990733446146716
2026-06-12,alphalend,WAL,0.9550651042852949,5.046622908534101,25.23311454267051,3489805.438456207,880586.6036019996,2609218.834854207,0.03293401959317263
2026-06-12,alphalend,WBTC,0.2368627922830119,1.293047814819504,21.55079691365841,5123210.634848648,1104092.719375181,4019117.915473466,63418.110210898
2026-06-12,alphalend,XAUM,0.9091403686670565,3.223379537365902,40.29224421707378,1390465.400483547,560249.7149167437,830215.6855668032,4168.38958398677
2026-06-12,alphalend,XBTC,8.96892493142389,11.74548185580322,95.45079803380429,6752521.567343333,6445335.723433961,307185.8439093717,63640.23811181855
2026-06-12,bucket,BKT-AF-AFSUI-SUI,0,0,0,1.178812058885963,0,1.178812058885963,1
2026-06-12,bucket,BKT-KRIYA-FOUNTAIN-1,0,0,0,1.848054339344999,0,1.848054339344999,1
2026-06-12,bucket,BKT-PSM-BLUEFIN_STABLE_LP,0,0,0,141013.4456429986,0,141013.4456429986,1
2026-06-12,bucket,BKT-PSM-BUCKETUS,0,0,0,968730.4659616126,0,968730.4659616126,1
2026-06-12,bucket,BKT-PSM-CETABLE,0,0,0,0.2378907949280723,0,0.2378907949280723,1
2026-06-12,bucket,BKT-PSM-FDUSD,0,0,0,0.07016023816788206,0,0.07016023816788206,1
2026-06-12,bucket,BKT-PSM-STAPEARL,0,0,0,0.05956539799481243,0,0.05956539799481243,1
2026-06-12,bucket,BKT-PSM-USDC_CIRCLE,0,0,0,59513.28171359835,0,59513.28171359835,1
2026-06-12,bucket,BKT-PSM-USDC_WORMHOLE,0,0,0,1.591653414788121,0,1.591653414788121,1
2026-06-12,bucket,BKT-PSM-USDT_WORMHOLE,0,0,0,0.1211294108184918,0,0.1211294108184918,1
2026-06-12,bucket,BKT-SAVE-AFSUI_S,0,0,0,1430858.273193803,0,1430858.273193803,1
2026-06-12,bucket,BKT-SAVE-HASUI_NAVI_POND,0,0,0,0.9169364585483055,0,0.9169364585483055,1
2026-06-12,bucket,BKT-SAVE-HASUI_S,0,0,0,2446258.225790207,0,2446258.225790207,1
2026-06-12,bucket,BKT-SAVE-NAVI_STSUI,0,0,0,681156.2537679543,0,681156.2537679543,1
2026-06-12,bucket,BKT-SAVE-NAVI_VSUI,0,0,0,0.6965885775218016,0,0.6965885775218016,1
2026-06-12,bucket,BKT-SAVE-SUI_NAVI_POND,0,0,0,997140.575746729,0,997140.575746729,1
2026-06-12,bucket,BKT-SAVE-VSUI_S,0,0,0,1506825.30090702,0,1506825.30090702,1
2026-06-12,bucket,BKT-SCOIN-NAVI_CIRCLE_USDC,0,0,0,0.7062732060904681,0,0.7062732060904681,1
2026-06-12,bucket,BKT-SCOIN-NAVI_SUI_BRIDGE_USDT,0,0,0,19233.16095717704,0,19233.16095717704,1
2026-06-12,bucket,BKT-SCOIN-SCALLOP_CIRCLE_USDC,0,0,0,0.9648826251418762,0,0.9648826251418762,1
2026-06-12,bucket,BKT-SCOIN-SCALLOP_SUI_BRIDGE_USDT,0,0,0,0.3027042373180763,0,0.3027042373180763,1
2026-06-12,bucket,BKT-SCOIN-SCALLOP_USDC,0,0,0,0.5511423965609223,0,0.5511423965609223,1
2026-06-12,bucket,BKT-SCOIN-SCALLOP_USDT,0,0,0,0.196539053259157,0,0.196539053259157,1
2026-06-12,bucket,PSM-BUCK,0,0,0,2333029.612472355,2336132.921855,2333029.612472355,0.9986716041053946
2026-06-12,bucket,PSM-USDC,0,0,0,120598.075842028,120623.995066,120598.075842028,0.999785123814231
2026-06-12,bucket,PSM-USDSUI,0,0,0,155434.4820657319,155538.69849,155434.4820657319,0.9993299646629434
2026-06-12,bucket,PSM-USDT,0,0,0,0,0,0,0.9990733446146716
2026-06-12,bucket,SAVING-USDB,0,0,0,8550806.859719,0,8550806.859719,1
2026-06-12,bucket,SUI,0,8,86.81286532333333,44360.05675475756,26043.859597,3956.140403000001,0.7506570716657713
2026-06-12,bucket,V1-AF_LP,0,0,0,0,0,0,0
2026-06-12,bucket,V1-BTC,0,0,1.249076980493996e-9,720.5320521110397,9e-9,720.5320521020396,63563.53266173704
2026-06-12,bucket,V1-CETUS,0,0,53.51616684276828,18.34612134655668,9.818140909,8.527980437556682,0.01834612134655668
2026-06-12,bucket,V1-COIN,0,0,0.06800504825613028,87.23663514599048,3e-9,87.23663514299048,0.9991208124525041
2026-06-12,bucket,V1-HAEDAL,0,0,100,28.54817662213155,50.493491719,0,0.01868636833261204
2026-06-12,bucket,V1-LBTC,0,0,38.28395300321618,1116.925091176133,427.603076987,689.3220141891326,63869.98533671704
2026-06-12,bucket,V1-LP_TOKEN,0,0,0,0,1487.982953506,0,0
2026-06-12,bucket,V1-MUSD,0,0,69.73816261182937,72.3855896591076,50.480380224,21.90520943510759,0.9976303202411795
2026-06-12,bucket,V1-NAVX,0,0,100,47.9861604273668,52.870769635,0,0.006752583442026616
2026-06-12,bucket,V1-SCA,0,0,100,1465.506376811634,1865.037219788,0,0.01262995429547588
2026-06-12,bucket,V1-SCALLOP_DEEP,0,0,16.35855394364497,8296.463697790616,1357.181489418,6939.282208372616,0.02098010417164694
2026-06-12,bucket,V1-SCALLOP_SB_USDT,0,0,66.23053996577767,531.1026365718227,351.752143974,179.3504925978227,1.129607149217364
2026-06-12,bucket,V1-SCALLOP_SCA,0,0,100,152.6516155624252,161.471204678,0,0.01689203031681512
2026-06-12,bucket,V1-SCALLOP_SUI,0,0,56.90316638926765,80970.30013116988,46074.664609529,34895.63552164088,0.8293309880038756
2026-06-12,bucket,V1-SCALLOP_USDC,0,0,52.09638803695301,13315.34870437002,6936.815729502,6378.532974868019,1.127650090329493
2026-06-12,bucket,V1-SCALLOP_WORMHOLE_USDC,0,0,67.41875607528172,643.6030257863027,433.909154048,209.6938717383027,1.159229989001763
2026-06-12,bucket,V1-SCALLOP_WORMHOLE_USDT,0,0,52.64071711046683,2095.881633705229,1103.287121769,992.5945119362286,1.172854742415567
2026-06-12,bucket,V1-STSUI,0,0,91.50066698842747,39.68150691250388,36.308843496,3.372663416503876,0.7798466291998789
2026-06-12,bucket,V1-SUI,0,0,16.08669857637247,0,3017.794346294,0,0
2026-06-12,bucket,V1-TBTC,0,0,92.49782237650732,311.3120053874214,287.95682578,23.35517960742146,63344.45098928323
2026-06-12,bucket,V1-TLP,0,0,0,0,12494.869472018,0,0
2026-06-12,bucket,V1-USDY,0,0,73.4245655310236,859.9337401611422,631.402612568,228.5311275931422,1.131982477774039
2026-06-12,bucket,V1-WAL,0,0,100,38275.39739970548,50584.022907858,0,0.03293401959317263
2026-06-12,bucket,V1-WETH,0,0,21.15074354850585,1480.838420189374,313.208336622,1167.630083567374,1675.698437316381
2026-06-12,bucket,V1-afSUI,0,0,54.67948577249607,6066.119183959885,3316.922776136,2749.196407823885,0.8027126311594005
2026-06-12,bucket,V1-haSUI,0,0,28.26417108000903,3205.141001954728,905.906536148,2299.234465806729,0.8114481811979526
2026-06-12,bucket,V1-sSUI,0,0,64.9426866340437,80.26773366452305,52.128022742,28.13971092252305,0.7772619482008065
2026-06-12,bucket,V1-vSUI,0,0,82.56089690952109,13062.66377353913,10784.652371709,2278.011401830132,0.8015979027868834
2026-06-12,bucket,V1PSM-AUSD,0,0,0,7.307956001,7.307956001,7.307956001,0.9995376269089123
2026-06-12,bucket,V1PSM-BLUEFIN_STABLE_LP,0,0,0,282087.505173162,282087.505173162,282087.505173162,1
2026-06-12,bucket,V1PSM-BUCKETUS,0,0,0,1937877.33561359,1937877.33561359,1937877.33561359,1
2026-06-12,bucket,V1PSM-CETABLE,0,0,0,0.238021,0.238021,0.238021,1
2026-06-12,bucket,V1PSM-COIN,0,0,0,1019.758977,1019.758977,1019.758977,0.999785123814231
2026-06-12,bucket,V1PSM-FDUSD,0,0,0,0.070352,0.070352,0.070352,0.9972742518746028
2026-06-12,bucket,V1PSM-SCABLE,0,0,0,854.607426626,854.607426626,854.607426626,1
2026-06-12,bucket,V1PSM-STAPEARL,0,0,0,0.059598,0.059598,0.059598,1
2026-06-12,bucket,V1PSM-USDC,0,0,0,59526.072350565,59526.072350565,59526.072350565,0.999785123814231
2026-06-12,bucket,V1PSM-USDT,0,0,0,0.057134295,0.057134295,0.057134295,0.9990733446146716
2026-06-12,bucket,WBTC,0,9,48.15651871611112,240770.0315659406,86681.733689,93318.266311,63451.39551820182
2026-06-12,bucket,afSUI,0,9,61.795569275,22618.85014400526,12359.113855,7640.886145,0.8027126311594005
2026-06-12,bucket,haSUI,0,9,87.30859432577778,4597805.158794056,1571554.697864,228445.302136,0.8114481811979526
2026-06-12,bucket,vSUI,0,9,2.9046254025,189354.3143235059,5809.250805,194190.749195,0.8015979027868834
2026-06-12,navi,AUSD,1.6623,5.5665,42.66203451989561,2424.05200064172,1034.151264751469,1389.900735890252,0.999673
2026-06-12,navi,BLUE,21.4694,80.983,37.88019149034208,22736.06114567734,8612.642483993957,14123.41866168338,0.01184246
2026-06-12,navi,BUCK,0.0297,0.5048,8.413028230506185,20392436.47730052,1715621.765186468,18676814.71211405,0.99878084
2026-06-12,navi,CETUS,0.4697,5.181,12.95421129755355,173610.7946145184,22489.95106647798,151120.8435480404,0.01838057
2026-06-12,navi,DEEP,4.7613,13.0704,52.03996753331335,5463429.5323137,2843175.27308447,2620254.25922923,0.016627
2026-06-12,navi,FDUSD,0.1057,4.577,3.079426791645812,25712.10818133072,791.7869989084634,24920.32118242226,0.997324
2026-06-12,navi,HAEDAL,0.0337,30.1277,0.1597084130780128,79314.97151587694,126.6742562620142,79188.29725961492,0.01872958
2026-06-12,navi,IKA,1.3953,31.003,15.00224383654491,127806.8024070806,19174.09124178901,108632.7111652915,0.00158651
2026-06-12,navi,LBTC,0.0044,0.2667,3.33325086232483,2879619.882777232,95984.96478925961,2783634.917987972,63838.55737874
2026-06-12,navi,MBTC,0,0,0,19092586.41325176,0,19092586.41325176,63644.07
2026-06-12,navi,NAVX,0.0095,0.9765,1.220675042792756,1648712.372340145,20125.42847160733,1628586.943868538,0.00675501
2026-06-12,navi,NS,0.4719,12.5139,6.285419931487984,296156.5476015166,18614.7728457601,277541.7747557565,0.011558
2026-06-12,navi,SOL,0.1342,6.6814,2.869360215912696,42984.24421916108,1233.376109073364,41750.86811008771,66.92399785
2026-06-12,navi,SUI,1.562066666666667,2.5384,76.92159318504436,21739084.5313605,16724354.98585774,5014729.545502754,0.75371642
2026-06-12,navi,USDC,6.295266666666667,8.9339,88.08172422833506,24107568.02825554,21231197.6750535,2876370.353202049,0.999779
2026-06-12,navi,USDSUI,1.1795,2.9742,49.57060261864378,4219939.56951151,2091850.730454887,2128088.839056623,0.999779
2026-06-12,navi,USDY,0.0076,0.2465,4.108201310520016,2280902.784904734,93704.08725001698,2187198.697654717,1.133893
2026-06-12,navi,WAL,5.495833333333334,13.44523333333333,58.39403811803928,4119554.698070067,2405579.490933798,1713975.207136269,0.03300929
2026-06-12,navi,WBTC,0.05035,0.4129,34.82151584378868,30346.66263515051,1932.491723898683,28414.17091125183,63644.07
2026-06-12,navi,WETH,0.001,0.5149,9.661476543435478,157382.9587453652,15205.52056449547,142177.4381808697,1674.34891905
2026-06-12,navi,XAUm,0.0093,8.033,0.1650559454139833,1292185.766353318,2132.836498675475,1290052.929854643,4221.63793207
2026-06-12,navi,YBTC.B,0,0,0,4073.2185706779,0,4073.2185706779,63644.07
2026-06-12,navi,enzoBTC,0,0,0,27685170.45,0,27685170.45,63644.07
2026-06-12,navi,haSUI,0.0156,0.2828,8.49182531900005,16986354.53707919,1442451.709536552,15543902.82754264,0.75371642
2026-06-12,navi,stBTC,0.0002,0.2499,3.124300818294266,32159.14274482126,1004.748461608061,31154.3942832132,63644.07
2026-06-12,navi,stSUI,0.026,0.6583,4.938324442522607,10055.09992940386,496.5535858213733,9558.546343582491,0.75371642
2026-06-12,navi,suiETH,0.1291,1.3122,16.40222377148734,1520642.479457655,249419.2952610484,1271223.184196606,1674.34891905
2026-06-12,navi,suiUSDT,4.635666666666666,8.133933333333333,71.24033259136108,5620505.03644951,4003414.026749449,1617091.009700061,0.998902
2026-06-12,navi,suiUSDe,0.538,2.0088,33.48137418781111,681888.8532000097,228305.8845025276,453582.9686974821,0.999779
2026-06-12,navi,vSUI,0.009133333333333334,0.4332,3.249627282981231,10856398.74747374,353296.4754366411,10503102.2720371,0.75371642
2026-06-12,navi,wBTC,0.4902,1.2126,80.84324554527369,8239411.987935264,6661008.703891267,1578403.284043997,63644.07
2026-06-12,navi,wUSDC,1.4485,19.4346,93.16734124304331,2154109.085172185,2006927.186908756,147181.8982634289,0.999779
2026-06-12,navi,wUSDT,1.4103,29.3414,96.1276470037542,1159720.82128608,1114812.676770102,44908.14451597854,0.998902
2026-06-12,navi,xBTC,0.2436,0.4664,74.61621205507178,10785053.19237282,8047398.553749064,2737654.638623757,63644.07
2026-06-12,scallop,CETUS,0.7191585299906267,23.01623368063774,5.763955036496318,67740.47718914213,3904.530646690197,63835.94654245193,0.01838094
2026-06-12,scallop,DEEP,6.660401246645375,27.96638798121351,37.3446660247629,125434.6803705895,46843.16246362549,78591.51790696404,0.01665216
2026-06-12,scallop,SBETH,1.800420553635473,7.243063708688435,31.89504532468371,664985.2225748844,212097.3381427082,452887.8844321762,1673.435
2026-06-12,scallop,SCA,5.694089160271854,25.89571813239895,24.2851549894929,303006.4729362261,73585.59158075835,229420.8813554677,0.01261455
2026-06-12,scallop,SUI,3.398053092138009,8.531945933941909,51.01371510908489,3670259.610878569,1872335.781657401,1797923.829221168,0.7544946
2026-06-12,scallop,USDC,6.992704559877105,10.48856107864431,84.70305426278033,3038015.578645164,2573291.984091533,464723.5945536309,0.9997833500000001
2026-06-12,scallop,USDSUI,6.932892524985568,10.4509751577734,84.28979638197232,464032.9827608324,391132.4563142984,72900.526446534,0.9997833500000001
2026-06-12,scallop,USDT,9.3060504377118,13.65884133375541,86.87026554528103,898735.4519581347,780733.8736656131,118001.5782925216,0.99892163
2026-06-12,scallop,USDY,2.662225242670946,7.156572819607065,47.51188433781079,554997.9393071628,263689.9790008525,291307.9603063103,1.13591653
2026-06-12,scallop,WBTC,0,5.126749587580526,0,124.164311884058,0,124.164311884058,63610.39569869
2026-06-12,scallop,WETH,0.39330713868726,5.708915138338022,8.837236637855264,11809.69512911062,1043.650704768772,10766.04442434184,1673.435
2026-06-12,scallop,afSUI,0.1398298763104489,5.347242466491275,3.352796371879503,114339.1072171085,3833.557438414629,110505.5497786939,0.7544946
2026-06-12,scallop,haSUI,0.3189549945413317,5.607143251096769,7.295852202221938,57015.77931935512,4159.78699108517,52855.99232826995,0.7544946
2026-06-12,scallop,vSUI,0.9373374565130987,6.373899600323907,18.87246749746669,24623.39675411088,4647.042549191843,19976.35420491904,0.7544946
2026-06-12,scallop,wUSDC,1.465637493417615,5.93072391419065,31.56537571779301,168674.0480558739,53242.59700724731,115431.4510486265,0.9997833500000001
2026-06-12,scallop,wUSDT,1.074510583505339,5.372601648907693,25.52711950878854,73735.74021536853,18822.61052546698,54913.12968990155,0.99892163
2026-06-12,suilend,AUSD,0.05205391654725668,4.118491318752695,1.579884250035929,1681600.2567856,26567.33760551943,1655032.91918008,0.99971349
2026-06-12,suilend,BTC,0.06251305309431511,0.5590753665397676,13.97688416349419,2175576.278850911,304077.7763834493,1871498.502467462,63479.9
2026-06-12,suilend,COIN,1.95511438952632,8.921840242724464,29.21840242724463,501452.7584870314,146516.4849572599,354936.2735297714,66.72214257
2026-06-12,suilend,DEEP,0.2723546629958226,27.1496318554121,1.433087903608063,5782904.836837015,82874.10969387688,5700030.727143138,0.01657993
2026-06-12,suilend,ETH,0.0399331380917996,1.112201810301859,4.488072412074374,4357455.067939351,195565.7387727227,4161889.329166629,1669.29988029
2026-06-12,suilend,LBTC,0,3,0,3726070.881829076,0,3726070.881829076,63479.9
2026-06-12,suilend,SEND,0.001177494921018522,50.00125596303356,0.003139907583892309,488858.157201562,15.34969435244803,488842.8075072095,0.0489618
2026-06-12,suilend,SUI,1.33373763658984,3.333622103504793,50.01082888142974,42091550.68042737,21050333.3843288,21041217.29609856,0.7533067800000002
2026-06-12,suilend,USDC,4.096760404003879,6.529811825830627,78.42416660074942,30077777.48409677,23588246.32393074,6489531.16016602,0.99978085
2026-06-12,suilend,USDSUI,0.3329842919467358,4.24512269427164,9.804907770865613,10227588.85223506,1002805.65414498,9224783.198090076,0.99971349
2026-06-12,suilend,USDT,2.266617796792994,6.023197383556902,47.03933916769799,2764319.594474746,1300317.66972411,1464001.924750637,0.9989534600000002
2026-06-12,suilend,WAL,0.3536668329489749,20.96401082229355,2.410027055733865,1560061.024564513,37597.89277796371,1522463.13178655,0.03302064
2026-06-12,suilend,WBTC,0.1296674024419921,0.8051937730819585,20.12984432704896,3573300.517620195,719299.8315345801,2854000.686085615,63479.9
2026-06-12,suilend,WETH,7.246813036396903,152.8281910211127,94.83607687793378,911.0785826393023,864.0311850501982,47.04739758910414,1669.29988029
2026-06-12,suilend,XBTC,0.1862550526929703,0.9966746114099501,24.91686528524875,4046104.802345686,1008162.482900455,3037942.319445231,63479.9
2026-06-12,suilend,sSUI,0,0,0,45713029.19909256,0,45713029.19909256,0.7779144003832877
2026-06-12,suilend,wUSDC,5.774702751101906,12.30716135149552,58.65185506810822,40963.68083128166,24025.95871172574,16937.72211955591,0.99978085
2026-06-12,suilend,wUSDT,0.315243732856399,8.713429789909904,36.17906386546538,20796.4370642998,7523.956247234337,13272.48081706546,0.9989534600000002
2026-06-13,alphalend,ALPHA,1.360254574372891e-13,0.000001374497167842405,0.00001099597734273924,6594411.492620731,0.7251199936155682,6594410.767500737,0.7251199936155682
2026-06-13,alphalend,BLUE,1.38699008764941,2.427368875273912,71.4245629175797,506210.7058512912,361558.7840962798,144651.9217550114,0.01077306529419035
2026-06-13,alphalend,BTCVC,0,20,0,3479758.840580493,0,3479758.840580493,63441.36701524
2026-06-13,alphalend,DEEP,2.726744438184794,6.968584391714987,52.17213492076706,3369670.75889242,1758029.174714989,1611641.584177431,0.01744366641253779
2026-06-13,alphalend,EBTC,4.111431489013201e-7,0.007168883707570169,0.007168883707570169,716694.0701591145,51.37896442875828,716642.6911946858,65974.503934099
2026-06-13,alphalend,EEARN,0,0,0,1184131.209330209,0,1184131.209330209,1.016633735126586
2026-06-13,alphalend,EGUSDC,0.001068008030512414,0.1512808195645541,0.8824714474598988,1360602.582290508,12006.9293021158,1348595.652988392,1.061603347
2026-06-13,alphalend,ESUI,7.312315847399414e-14,0.000003023308586507382,0.000003023308586507382,4427752.534270922,0.133864622557911,4427752.400406299,0.7775715548955796
2026-06-13,alphalend,STSUI,0.40188607902845,2.572800055421033,18.37714325300738,5579805.220776556,1025408.798660893,4554396.422115663,0.7730563761479593
2026-06-13,alphalend,SUI,3.031747425718677,6.450753410934859,55.29217209372737,12007199.30864592,6639041.305373342,5368158.003272573,0.7514672100653509
2026-06-13,alphalend,TBTC,0.39859883590537,0.9112706740971757,54.67624044583054,2927188.092986823,1600476.400023197,1326711.692963626,63483.75317297495
2026-06-13,alphalend,USDC,7.577063013257302,10.7506447339253,82.91774122320884,34095919.08310597,28271565.95300449,5824353.130101479,0.9998060788308186
2026-06-13,alphalend,USDSUI,0.7564599361760114,4.491354468831606,22.45677234415803,8004997.150176333,1797663.986171437,6207333.164004895,1.000046440726963
2026-06-13,alphalend,USDT,6.040115278627951,10.32425637142192,68.8283758094795,5370439.223806205,3696386.091581029,1674053.132225177,0.9994224071933293
2026-06-13,alphalend,WAL,0.9476027475682609,5.026868468720889,25.13434234360444,3617642.480725713,909270.645873265,2708371.834852448,0.034002236635719
2026-06-13,alphalend,WBTC,0.2368006294719515,1.29287812847775,21.54796880796249,5124157.234007328,1104151.802454852,4020005.431552475,63429.42667668693
2026-06-13,alphalend,XAUM,0.9165088134541421,3.23641567779479,40.45519597243488,1389278.635827001,562035.3947269834,827243.241100018,4181.30887039969
2026-06-13,alphalend,XBTC,2.160159700896813,2.862964260385851,94.31482130192926,6831574.728779169,6443187.497555832,388387.2312233369,63610.73049302973
2026-06-13,bucket,BKT-AF-AFSUI-SUI,0,0,0,1.199652130207328,0,1.199652130207328,1
2026-06-13,bucket,BKT-KRIYA-FOUNTAIN-1,0,0,0,1.833895303622743,0,1.833895303622743,1
2026-06-13,bucket,BKT-PSM-BLUEFIN_STABLE_LP,0,0,0,141007.1409535424,0,141007.1409535424,1
2026-06-13,bucket,BKT-PSM-BUCKETUS,0,0,0,968687.154171543,0,968687.154171543,1
2026-06-13,bucket,BKT-PSM-CETABLE,0,0,0,0.2378946174737326,0,0.2378946174737326,1
2026-06-13,bucket,BKT-PSM-FDUSD,0,0,0,0.07019219118596269,0,0.07019219118596269,1
2026-06-13,bucket,BKT-PSM-STAPEARL,0,0,0,0.05956635512076461,0,0.05956635512076461,1
2026-06-13,bucket,BKT-PSM-USDC_CIRCLE,0,0,0,59510.62088393054,0,59510.62088393054,1
2026-06-13,bucket,BKT-PSM-USDC_WORMHOLE,0,0,0,1.591647928714831,0,1.591647928714831,1
2026-06-13,bucket,BKT-PSM-USDT_WORMHOLE,0,0,0,0.1211387241240539,0,0.1211387241240539,1
2026-06-13,bucket,BKT-SAVE-AFSUI_S,0,0,0,1448909.917882966,0,1448909.917882966,1
2026-06-13,bucket,BKT-SAVE-HASUI_NAVI_POND,0,0,0,0.9300023590814149,0,0.9300023590814149,1
2026-06-13,bucket,BKT-SAVE-HASUI_S,0,0,0,2481116.220974605,0,2481116.220974605,1
2026-06-13,bucket,BKT-SAVE-NAVI_STSUI,0,0,0,687906.1531848432,0,687906.1531848432,1
2026-06-13,bucket,BKT-SAVE-NAVI_VSUI,0,0,0,0.706383927977704,0,0.706383927977704,1
2026-06-13,bucket,BKT-SAVE-SUI_NAVI_POND,0,0,0,1019827.51823959,0,1019827.51823959,1
2026-06-13,bucket,BKT-SAVE-VSUI_S,0,0,0,1528014.109300512,0,1528014.109300512,1
2026-06-13,bucket,BKT-SCOIN-NAVI_CIRCLE_USDC,0,0,0,0.7062416287241016,0,0.7062416287241016,1
2026-06-13,bucket,BKT-SCOIN-NAVI_SUI_BRIDGE_USDT,0,0,0,19242.51868566412,0,19242.51868566412,1
2026-06-13,bucket,BKT-SCOIN-SCALLOP_CIRCLE_USDC,0,0,0,0.9648394853881774,0,0.9648394853881774,1
2026-06-13,bucket,BKT-SCOIN-SCALLOP_SUI_BRIDGE_USDT,0,0,0,0.3028515154524931,0,0.3028515154524931,1
2026-06-13,bucket,BKT-SCOIN-SCALLOP_USDC,0,0,0,0.5511404968963641,0,0.5511404968963641,1
2026-06-13,bucket,BKT-SCOIN-SCALLOP_USDT,0,0,0,0.1965541646036729,0,0.1965541646036729,1
2026-06-13,bucket,PSM-BUCK,0,0,0,2336205.864075236,2340625.410879,2336205.864075236,0.998111809440664
2026-06-13,bucket,PSM-USDC,0,0,0,122100.6873048515,122132.389994,122100.6873048515,0.9997404235751872
2026-06-13,bucket,PSM-USDSUI,0,0,0,155286.2438138821,155538.70399,155286.2438138821,0.9983768658884149
2026-06-13,bucket,PSM-USDT,0,0,0,0,0,0,0.9995594351287788
2026-06-13,bucket,SAVING-USDB,0,0,0,8416250.271308,0,8416250.271308,1
2026-06-13,bucket,SUI,0,8,87.66421838444445,46274.68720508487,26422.530286,3577.469713999999,0.7677360214457334
2026-06-13,bucket,V1-AF_LP,0,0,0,0,0,0,0
2026-06-13,bucket,V1-BTC,0,0,1.24643519081241e-9,721.627486114315,9e-9,721.627486105315,63660.16910537889
2026-06-13,bucket,V1-CETUS,0,0,53.85641295276213,18.38224885750267,9.818140909,8.564107948502667,0.01838224885750267
2026-06-13,bucket,V1-COIN,0,0,0.06800306127534439,87.24334252972027,3e-9,87.24334252672027,0.9991976320899227
2026-06-13,bucket,V1-HAEDAL,0,0,100,28.23477367543663,50.493491719,0,0.01848122868478153
2026-06-13,bucket,V1-LBTC,0,0,38.21867595566021,1121.116701380722,427.603076987,693.5136243937224,64109.67740238859
2026-06-13,bucket,V1-LP_TOKEN,0,0,0,0,1487.982953506,0,0
2026-06-13,bucket,V1-MUSD,0,0,69.61189943159377,72.5274041262925,50.480380224,22.04702390229249,0.9995848309798332
2026-06-13,bucket,V1-NAVX,0,0,100,49.94468735470925,52.870769635,0,0.007028186165448378
2026-06-13,bucket,V1-SCA,0,0,100,1470.237863905764,1865.037219788,0,0.01267073096263615
2026-06-13,bucket,V1-SCALLOP_DEEP,0,0,15.38590072350336,8904.994076646473,1357.181489418,7547.812587228474,0.02251895629046084
2026-06-13,bucket,V1-SCALLOP_SB_USDT,0,0,66.17973391191894,531.506558178142,351.752143974,179.754414204142,1.130466253847623
2026-06-13,bucket,V1-SCALLOP_SCA,0,0,100,153.57519798518,161.471204678,0,0.01699423154297163
2026-06-13,bucket,V1-SCALLOP_SUI,0,0,56.04594577960834,82770.24894390149,46074.664609529,36695.58433437249,0.8477668011946491
2026-06-13,bucket,V1-SCALLOP_USDC,0,0,52.08116788347158,13319.32297475739,6936.815729502,6382.50724525539,1.12798666329208
2026-06-13,bucket,V1-SCALLOP_WORMHOLE_USDC,0,0,67.41576643492168,643.624441561556,433.909154048,209.7152875135559,1.15926856217174
2026-06-13,bucket,V1-SCALLOP_WORMHOLE_USDT,0,0,52.61200138195903,2096.961895885953,1103.287121769,993.6747741169534,1.173459256812439
2026-06-13,bucket,V1-STSUI,0,0,91.17001919756616,40.07472972869083,36.308843496,3.765886232690825,0.7875744982146327
2026-06-13,bucket,V1-SUI,0,0,15.84376719022788,0,3017.794346294,0,0
2026-06-13,bucket,V1-TBTC,0,0,91.99121074600176,313.5439267074657,287.95682578,25.58710092746571,63798.59290550498
2026-06-13,bucket,V1-TLP,0,0,0,0,12494.869472018,0,0
2026-06-13,bucket,V1-USDY,0,0,73.1466821788453,864.263702723814,631.402612568,232.8610901558141,1.137682267794423
2026-06-13,bucket,V1-WAL,0,0,100,39772.82213997069,50584.022907858,0,0.03422247690741531
2026-06-13,bucket,V1-WETH,0,0,21.21867942286338,1478.446869630581,313.208336622,1165.238533008581,1672.992188289144
2026-06-13,bucket,V1-afSUI,0,0,54.33920821709503,6142.649075286256,3316.922776136,2825.726299150256,0.8128396182109197
2026-06-13,bucket,V1-haSUI,0,0,28.03094039804942,3250.812709231405,905.906536148,2344.906173083406,0.8230109248586099
2026-06-13,bucket,V1-sSUI,0,0,64.3774600999442,81.4747704671238,52.128022742,29.34674772512381,0.7889501289168668
2026-06-13,bucket,V1-vSUI,0,0,81.89521825259988,13246.3494865674,10784.652371709,2461.697114858396,0.8128698825980484
2026-06-13,bucket,V1PSM-AUSD,0,0,0,7.307956001,7.307956001,7.307956001,0.9998031467486637
2026-06-13,bucket,V1PSM-BLUEFIN_STABLE_LP,0,0,0,282087.505173162,282087.505173162,282087.505173162,1
2026-06-13,bucket,V1PSM-BUCKETUS,0,0,0,1937877.33561359,1937877.33561359,1937877.33561359,1
2026-06-13,bucket,V1PSM-CETABLE,0,0,0,0.238021,0.238021,0.238021,1
2026-06-13,bucket,V1PSM-COIN,0,0,0,1019.758977,1019.758977,1019.758977,0.9997404235751872
2026-06-13,bucket,V1PSM-FDUSD,0,0,0,0.070352,0.070352,0.070352,0.9977284396458196
2026-06-13,bucket,V1PSM-SCABLE,0,0,0,854.607426626,854.607426626,854.607426626,1
2026-06-13,bucket,V1PSM-STAPEARL,0,0,0,0.059598,0.059598,0.059598,1
2026-06-13,bucket,V1PSM-USDC,0,0,0,59526.072350565,59526.072350565,59526.072350565,0.9997404235751872
2026-06-13,bucket,V1PSM-USDT,0,0,0,0.057134295,0.057134295,0.057134295,0.9995594351287788
2026-06-13,bucket,WBTC,0,9,47.81705580537037,241877.1721351121,85975.13771,94024.86229,63743.16610813714
2026-06-13,bucket,XBTC,0,9,89.74483192500001,196567.0410476783,107693.79831,12306.20169,63844.91446349052
2026-06-13,bucket,afSUI,0,9,62.21827920833334,23184.43966012141,12485.926835,7514.073165,0.8128396182109197
2026-06-13,bucket,haSUI,0,9,87.46424995037039,4663428.336791618,1574386.363303,225613.6366969999,0.8230109248586099
2026-06-13,bucket,vSUI,0,9,3.025721795666667,192905.4351399117,6151.65712,193848.34288,0.8128698825980484
2026-06-13,navi,AUSD,1.6618,5.5663,42.65389900027104,2424.460000606623,1034.169562226352,1390.290438380271,0.999737
2026-06-13,navi,BLUE,21.4694,80.983,37.9400452229785,22748.03370607962,8636.235539449435,14111.79816663018,0.01183274
2026-06-13,navi,BUCK,0.03025,0.5093749999999999,8.489374171536046,20386912.85208645,1761131.381045107,18625781.47104134,0.99850841
2026-06-13,navi,CETUS,0.470925,5.1877,12.96924039553138,174223.6624656529,22654.5996845773,151569.0627810756,0.01851092
2026-06-13,navi,DEEP,4.753025,13.06605,51.96717011253173,5861366.070285222,3044637.885209834,2816728.185075388,0.017795
2026-06-13,navi,FDUSD,0.1057,4.577,3.078320890609259,25724.09994563527,791.9159341423783,24932.18401149289,0.997775
2026-06-13,navi,HAEDAL,0.0338,30.12815,0.1602783691548383,80651.1552515691,129.3261804118741,80521.82907115722,0.0190964
2026-06-13,navi,IKA,1.406675,31.10475,15.07557612299013,125442.3855346455,18917.6700546904,106524.7154799551,0.00156316
2026-06-13,navi,LBTC,0.004425,0.267175,3.339692093968119,2906143.891977038,97586.81079715562,2808557.081179882,64430.38579077
2026-06-13,navi,MBTC,0,0,0,19273416.45376658,0,19273416.45376658,64246.85683608
2026-06-13,navi,NAVX,0.00955,0.9747999999999999,1.218557829286778,1751493.120674533,21178.66447884854,1730314.456195685,0.00717918
2026-06-13,navi,NS,0.4727250000000001,12.517475,6.294076268363423,303281.1661916185,19100.35843705494,284180.8077545636,0.011853
2026-06-13,navi,SOL,0.1322,6.6722,2.830434900679196,44607.30420234322,1262.686941974862,43344.61726036837,68.49434525
2026-06-13,navi,SUI,1.72295,2.634775,81.7393474267279,22472057.71936717,18310312.58277716,4161745.136590006,0.77287917
2026-06-13,navi,USDC,5.689374999999999,8.6536,82.18056397833865,25620735.69124423,21319003.13447443,4301732.556769795,0.999767
2026-06-13,navi,USDSUI,1.1797,2.97445,49.57426428750086,4273517.757108509,2107781.812909925,2165735.944198583,0.999767
2026-06-13,navi,USDY,0.0077,0.2486,4.142760145437376,2262782.576595224,93741.13890956,2169041.437685663,1.134329
2026-06-13,navi,WAL,5.63565,13.514675,59.57128141598642,4210760.297065375,2489053.417083604,1721706.879981771,0.03412911
2026-06-13,navi,WBTC,0.05711428571428571,0.3985857142857143,38.78218392946034,4462130.927569401,2815121.576082063,1647009.351487338,64246.85683608
2026-06-13,navi,WETH,0.001,0.5149,9.66161748321532,158122.4851031079,15277.2818963388,142845.2032067691,1682.21283599
2026-06-13,navi,XAUm,0.009325,8.033124999999998,0.1657663235350702,1268909.044449504,2127.871031337398,1266781.173418166,4238.9
2026-06-13,navi,YBTC.B,0,0,0,4111.796910103415,0,4111.796910103415,64246.85683608
2026-06-13,navi,enzoBTC,0,0,0,27947382.7236948,0,27947382.7236948,64246.85683608
2026-06-13,navi,haSUI,0.0156,0.282625,8.48813414046521,17427906.93325082,1478178.226602541,15949728.70664828,0.77251821
2026-06-13,navi,stBTC,0.0002,0.2499,3.124324826532182,32463.73571111455,1014.275788253345,31449.45992286121,64246.85683608
2026-06-13,navi,stSUI,0.025325,0.6443,4.833466349357283,10306.06523732188,386.5488160333462,9919.516421288537,0.77251821
2026-06-13,navi,suiETH,0.1298,1.315775,16.44693141313985,1518295.331588634,249696.7844842279,1268598.547104406,1682.21283599
2026-06-13,navi,suiUSDT,4.27375,7.943975,67.2423733971626,5806049.583044701,4006886.545062689,1799163.037982013,0.999372
2026-06-13,navi,suiUSDe,0.537675,2.008175,33.46992410049991,681900.8065108964,228082.7752798399,453818.0312310566,0.999767
2026-06-13,navi,vSUI,0.008,0.4056500000000001,3.042939940922536,12207897.11460744,377395.1992250151,11830501.91538243,0.77251821
2026-06-13,navi,wBTC,0.498,1.2223,81.48834386068745,8252006.607243073,6724456.718035337,1527549.889207736,64246.85683608
2026-06-13,navi,wUSDC,1.4485,19.4346,93.17120820260617,2155793.409950932,2008613.282490185,147180.1274607459,0.999767
2026-06-13,navi,wUSDT,1.407775,29.29895,96.09936917564856,1161702.32375494,1116379.874555004,45322.44919993577,0.999372
2026-06-13,navi,xBTC,3.69485,6.425725,81.97527153091893,10035059.05939117,8121843.7395648,1913215.319826373,64246.85683608
2026-06-13,scallop,CETUS,0.7194730179242104,23.01660759612909,5.766381987567757,66515.46860409748,3835.536000532964,62679.93260356451,0.01804789
2026-06-13,scallop,DEEP,6.655454022348173,27.9627813747662,37.32206657918098,129490.0035404823,48328.3453347626,81161.6582057197,0.017189
2026-06-13,scallop,SBETH,1.799752503606933,7.242452461254478,31.88591444073736,662612.8593776805,211280.1694144905,451332.6899631899,1667.38175596
2026-06-13,scallop,SCA,5.700352246398732,25.89933213753595,24.30811086255823,301243.8722935602,73226.69444378196,228017.1778497782,0.012545
2026-06-13,scallop,SUI,3.297334342433045,8.45891444952056,49.93645304357774,3731029.654578371,1863143.871500489,1867885.783077882,0.75191073
2026-06-13,scallop,USDC,5.914384448992771,9.784565616260865,76.93921736727691,3318744.348550044,2553415.928195136,765328.4203549075,0.99975099
2026-06-13,scallop,USDSUI,3.232185268399745,7.696959594292996,53.62128347808224,716953.0601139469,384439.4327684848,332513.627345462,0.99975099
2026-06-13,scallop,USDT,7.003838498675008,10.49554091543989,84.77976702497364,915443.5423292934,776110.9024319409,139332.6398973525,0.9994403900000001
2026-06-13,scallop,USDY,2.922401456942536,7.409258100530725,50.37245419914025,514148.2822995705,258989.1080170175,255159.174282553,1.1360251
2026-06-13,scallop,WBTC,0,5.126749587580526,0,124.1693034665604,0,124.1693034665604,63612.95292736
2026-06-13,scallop,WETH,0.3933659850206217,5.708994606360318,8.838436586899407,11767.10440604194,1040.028061042263,10727.07634499968,1667.38175596
2026-06-13,scallop,afSUI,0.1398502959023773,5.347273480101955,3.353266693183891,113947.9778531505,3820.979588906253,110126.9982642442,0.75191073
2026-06-13,scallop,haSUI,0.3188767543699678,5.607034552761081,7.294202981715799,56841.95422083684,4146.16751964181,52695.78670119503,0.75191073
2026-06-13,scallop,vSUI,0.9375004348238125,6.374082180318186,18.87520934415765,24539.70455603721,4631.920607389817,19907.78394864739,0.75191073
2026-06-13,scallop,wUSDC,1.465898135918309,5.931073481289117,31.56914033742649,168675.385518371,53249.36916898969,115426.0163493813,0.99975099
2026-06-13,scallop,wUSDT,1.074688393359224,5.372873489618324,25.53006266709736,73776.21625496386,18835.11424330555,54941.10201165832,0.9994403900000001
2026-06-13,suilend,AUSD,0.05205984831859657,4.118504443702406,1.58005924936542,1681864.37372258,26574.45359878542,1655289.920123794,0.99986873
2026-06-13,suilend,BTC,0.06251552370845581,0.5590864141993427,13.97716035498357,2178471.470117257,304488.4506658571,1873983.0194514,63560.79500002
2026-06-13,suilend,COIN,1.95902724429933,8.926243604284624,29.26243604284624,502821.8344991802,147137.9177297888,355683.9167693914,66.98879528
2026-06-13,suilend,DEEP,0.27252503649654,27.15087786128877,1.433918574192514,6071569.484453696,87061.36258258623,5984508.12187111,0.01738803
2026-06-13,suilend,ETH,0.04010231848591619,1.112633450987202,4.50533803948807,4337608.749455716,195423.9369933911,4142184.812462325,1668.04155438
2026-06-13,suilend,LBTC,0,3,0,3732358.801371193,0,3732358.801371193,63560.79500002
2026-06-13,suilend,SEND,0.00117926341332442,50.00125784933051,0.003144623326284872,493976.3799895778,15.53369647148986,493960.8462931062,0.04948107
2026-06-13,suilend,SUI,1.338421308752239,3.336964775624028,50.13617908590105,42149906.78924552,21132352.75239649,21017554.03684903,0.75259822
2026-06-13,suilend,USDC,4.119341942342375,6.539851293545811,78.73539009992015,29963291.33549406,23591714.31977682,6371577.015717235,0.9997844
2026-06-13,suilend,USDSUI,0.3262931802721863,4.240461155287139,9.618446211485566,10428687.27232636,1003077.675852752,9425609.596473606,0.99986873
2026-06-13,suilend,USDT,2.511303228433825,6.183494981519269,50.766258320323,2559164.297048877,1299191.957881311,1259972.339167566,0.99946503
2026-06-13,suilend,WAL,0.3514733954331972,20.9582933901568,2.39573347539199,1599411.01337115,38317.6250564389,1561093.388314711,0.03363348
2026-06-13,suilend,WBTC,0.1238717009637422,0.7869933321310358,19.6748333032759,3574737.759041595,703323.6951206943,2871414.063920901,63560.79500002
2026-06-13,suilend,WETH,7.275497999123555,153.4006391590709,94.85616277751127,913.9467485357218,866.9348154908158,47.01193304490602,1668.04155438
2026-06-13,suilend,XBTC,0.1931411451164209,1.014931577638403,25.37328944096008,4206436.527995907,1067311.315398673,3139125.212597234,63560.79500002
2026-06-13,suilend,sSUI,0,0,0,45610219.67181331,0,45610219.67181331,0.7745361184684741
2026-06-13,suilend,wUSDC,5.776525663663381,12.30933538088698,58.66000767832619,40971.90471119028,24034.12244954071,16937.78226164958,0.9997844
2026-06-13,suilend,wUSDT,0.3153065543476239,8.713842102829917,36.18456137106554,20808.8795103899,7529.601777068116,13279.27773332178,0.99946503
2026-06-14,alphalend,ALPHA,1.360254574372891e-13,0.000001374497167842405,0.00001099597734273924,6757073.229448232,0.7430062413424264,6757072.486441991,0.7430062413424264
2026-06-14,alphalend,BLUE,1.635855530008717,2.812375171969335,72.70791723989778,567834.5626317145,412860.6838578025,154973.878773912,0.01230095324536845
2026-06-14,alphalend,BTCVC,0,20,0,3528193.234259635,0,3528193.234259635,64324.40066393
2026-06-14,alphalend,DEEP,2.691420717649707,6.886260349749172,52.11189781688964,3421436.007120126,1782975.235900709,1638460.771219417,0.01768795337629006
2026-06-14,alphalend,EBTC,4.111431489013201e-7,0.007168883707570169,0.007168883707570169,726211.4437508311,52.06125387356343,726159.3824969574,66850.61555217
2026-06-14,alphalend,EEARN,0,0,0,1185215.951559802,0,1185215.951559802,1.016643297899127
2026-06-14,alphalend,EGUSDC,0.001072065184979287,0.1515678903739618,0.8841460271814436,1358035.764928695,12007.01926332018,1346028.745665374,1.061611301
2026-06-14,alphalend,ESUI,7.311055437493604e-14,0.000003023048014317173,0.000003023048014317173,4531554.894298558,0.1369910802497852,4531554.757307477,0.7957320256931139
2026-06-14,alphalend,ETHIRD,0,0,0,6672714.535574156,0,6672714.535574156,1.03190484882018
2026-06-14,alphalend,STSUI,0.4018214649565962,2.572593223462031,18.37566588187165,5705449.567034373,1048414.349496929,4657035.217537444,0.7903295816530863
2026-06-14,alphalend,SUI,3.00353985775604,6.420674175751433,55.03435007786942,12783976.00247241,7035578.107071483,5748397.895400926,0.764325956453249
2026-06-14,alphalend,TBTC,0.398607743117074,0.9112808558071276,54.67685134842766,2964825.001326884,1621072.958716518,1343752.042610365,64299.44957588943
2026-06-14,alphalend,USDC,6.83119159062313,9.867528996122626,81.44588166020438,34721844.78615002,28279512.61476759,6442332.171382433,0.9997810760439898
2026-06-14,alphalend,USDSUI,0.7581481922594224,4.496363544790159,22.4818177239508,7994269.424755151,1797257.080434983,6197012.344320168,0.9998649549119385
2026-06-14,alphalend,USDT,4.849094197678628,9.250527041594436,61.67018027729624,6277388.740453178,3871276.952944171,2406111.787509007,0.9994754300828378
2026-06-14,alphalend,WAL,0.96987814472912,5.085608832064902,25.42804416032451,3641995.960803556,926088.3412303632,2715907.619573193,0.03462632615243923
2026-06-14,alphalend,WBTC,0.2369953361900751,1.293409546686336,21.5568257781056,5202829.038096385,1121564.791275125,4081264.24682126,64427.50997997291
2026-06-14,alphalend,XAUM,0.905064508633375,3.216145889785075,40.20182362231343,1392472.469598997,559799.3262174607,832673.143381536,4195.582566870636
2026-06-14,alphalend,XBTC,9.562039744814879,12.51699522377397,95.49056676411206,6823397.999962429,6515701.42273521,307696.5772272184,64420.0085452866
2026-06-14,bucket,BKT-AF-AFSUI-SUI,0,0,0,1.203457040252678,0,1.203457040252678,1
2026-06-14,bucket,BKT-KRIYA-FOUNTAIN-1,0,0,0,1.828766071870151,0,1.828766071870151,1
2026-06-14,bucket,BKT-PSM-BLUEFIN_STABLE_LP,0,0,0,141021.5314143231,0,141021.5314143231,1
2026-06-14,bucket,BKT-PSM-BUCKETUS,0,0,0,968786.0133811308,0,968786.0133811308,1
2026-06-14,bucket,BKT-PSM-CETABLE,0,0,0,0.2379225119109444,0,0.2379225119109444,1
2026-06-14,bucket,BKT-PSM-FDUSD,0,0,0,0.07020453682721947,0,0.07020453682721947,1
2026-06-14,bucket,BKT-PSM-STAPEARL,0,0,0,0.05957333959973474,0,0.05957333959973474,1
2026-06-14,bucket,BKT-PSM-USDC_CIRCLE,0,0,0,59516.69423064246,0,59516.69423064246,1
2026-06-14,bucket,BKT-PSM-USDC_WORMHOLE,0,0,0,1.591651773053043,0,1.591651773053043,1
2026-06-14,bucket,BKT-PSM-USDT_WORMHOLE,0,0,0,0.1211547706795494,0,0.1211547706795494,1
2026-06-14,bucket,BKT-SAVE-AFSUI_S,0,0,0,1457453.183959987,0,1457453.183959987,1
2026-06-14,bucket,BKT-SAVE-HASUI_NAVI_POND,0,0,0,0.9307848747678553,0,0.9307848747678553,1
2026-06-14,bucket,BKT-SAVE-HASUI_S,0,0,0,2483203.863380923,0,2483203.863380923,1
2026-06-14,bucket,BKT-SAVE-NAVI_STSUI,0,0,0,690630.1321348026,0,690630.1321348026,1
2026-06-14,bucket,BKT-SAVE-NAVI_VSUI,0,0,0,0.70696138165659,0,0.70696138165659,1
2026-06-14,bucket,BKT-SAVE-SUI_NAVI_POND,0,0,0,1020304.333455234,0,1020304.333455234,1
2026-06-14,bucket,BKT-SAVE-VSUI_S,0,0,0,1529263.227993418,0,1529263.227993418,1
2026-06-14,bucket,BKT-SCOIN-NAVI_CIRCLE_USDC,0,0,0,0.706313704098378,0,0.706313704098378,1
2026-06-14,bucket,BKT-SCOIN-NAVI_SUI_BRIDGE_USDT,0,0,0,19243.8142854931,0,19243.8142854931,1
2026-06-14,bucket,BKT-SCOIN-SCALLOP_CIRCLE_USDC,0,0,0,0.9649379519245549,0,0.9649379519245549,1
2026-06-14,bucket,BKT-SCOIN-SCALLOP_SUI_BRIDGE_USDT,0,0,0,0.3028719064614891,0,0.3028719064614891,1
2026-06-14,bucket,BKT-SCOIN-SCALLOP_USDC,0,0,0,0.5511418280767303,0,0.5511418280767303,1
2026-06-14,bucket,BKT-SCOIN-SCALLOP_USDT,0,0,0,0.1965802010122036,0,0.1965802010122036,1
2026-06-14,bucket,PSM-BUCK,0,0,0,2340647.849513556,2344626.151878,2340647.849513556,0.9983032252876403
2026-06-14,bucket,PSM-USDC,0,0,0,122214.1323582316,122233.389994,122214.1323582316,0.9998424519211212
2026-06-14,bucket,PSM-USDSUI,0,0,0,155521.3050764832,155538.70399,155521.3050764832,0.9998881377234705
2026-06-14,bucket,PSM-USDT,0,0,0,0,0,0,0.9996267355198744
2026-06-14,bucket,SAVING-USDB,0,0,0,8316200.071089,0,8316200.071089,1
2026-06-14,bucket,SUI,0,8,88.17579899333333,46288.64175211142,26452.739698,3547.260301999999,0.7680949725527355
2026-06-14,bucket,V1-AF_LP,0,0,0,0,0,0,0
2026-06-14,bucket,V1-BTC,0,0,1.233338873115747e-9,729.7264520061357,9e-9,729.7264519971357,64374.63958796569
2026-06-14,bucket,V1-CETUS,0,0,52.04954376201852,18.863068145017,9.818140909,9.044927236017003,0.018863068145017
2026-06-14,bucket,V1-COIN,0,0,0.06800511840068044,87.25489915744308,3e-9,87.25489915444308,0.9993299900982332
2026-06-14,bucket,V1-HAEDAL,0,0,100,28.72811507299117,50.493491719,0,0.01880414804984118
2026-06-14,bucket,V1-LBTC,0,0,37.82011864276814,1130.623309318373,427.603076987,703.0202323313728,64653.30106558366
2026-06-14,bucket,V1-LP_TOKEN,0,0,0,0,1487.982953506,0,0
2026-06-14,bucket,V1-MUSD,0,0,69.6540854209308,72.47296396031759,50.480380224,21.99258373631758,0.9988345274944116
2026-06-14,bucket,V1-NAVX,0,0,100,51.43093754862103,52.870769635,0,0.007237330392882628
2026-06-14,bucket,V1-SCA,0,0,100,1434.471193777129,1865.037219788,0,0.01236248842191871
2026-06-14,bucket,V1-SCALLOP_DEEP,0,0,15.42885893098353,8796.382775219818,1357.181489418,7439.201285801818,0.02224429994275016
2026-06-14,bucket,V1-SCALLOP_SB_USDT,0,0,66.15990187718982,531.6696881246052,351.752143974,179.9175441506052,1.130813216451623
2026-06-14,bucket,V1-SCALLOP_SCA,0,0,100,149.8304691105909,161.471204678,0,0.01657984959591687
2026-06-14,bucket,V1-SCALLOP_SUI,0,0,55.6045735689305,82861.2857760923,46074.664609529,36786.62116656331,0.8486992377283318
2026-06-14,bucket,V1-SCALLOP_USDC,0,0,52.07369415587467,13321.15157556846,6936.815729502,6384.335846066459,1.128141523815492
2026-06-14,bucket,V1-SCALLOP_WORMHOLE_USDC,0,0,67.41191385347547,643.6683506585083,433.909154048,209.7591966105083,1.15934764934184
2026-06-14,bucket,V1-SCALLOP_WORMHOLE_USDT,0,0,52.60221629784458,2097.415659298386,1103.287121769,994.128537529386,1.173713182683847
2026-06-14,bucket,V1-STSUI,0,0,90.24548545319053,40.23341811910697,36.308843496,3.92457462310697,0.7906931450601785
2026-06-14,bucket,V1-SUI,0,0,15.72148559438802,0,3017.794346294,0,0
2026-06-14,bucket,V1-TBTC,0,0,90.9588538294795,316.5792153887872,287.95682578,28.62238960878722,64416.20061669176
2026-06-14,bucket,V1-TLP,0,0,0,0,12494.869472018,0,0
2026-06-14,bucket,V1-USDY,0,0,73.15367200965439,863.1181391477809,631.402612568,231.7155265797809,1.136174293592826
2026-06-14,bucket,V1-WAL,0,0,100,40102.39342420927,50584.022907858,0,0.03450605612199831
2026-06-14,bucket,V1-WETH,0,0,21.05773793976089,1487.378832037818,313.208336622,1174.170495415818,1683.099486454775
2026-06-14,bucket,V1-afSUI,0,0,53.68172058808774,6178.868225159018,3316.922776136,2861.945449023018,0.8176323972861477
2026-06-14,bucket,V1-haSUI,0,0,27.843650704327,3253.547983947446,905.906536148,2347.641447799446,0.8237034166061038
2026-06-14,bucket,V1-sSUI,0,0,63.98111229813161,81.47408019276067,52.128022742,29.34605745076067,0.7889434447366639
2026-06-14,bucket,V1-vSUI,0,0,81.34953227906819,13257.17809257026,10784.652371709,2472.525720861262,0.8135343862561449
2026-06-14,bucket,V1PSM-AUSD,0,0,0,7.307956001,7.307956001,7.307956001,0.999653736737352
2026-06-14,bucket,V1PSM-BLUEFIN_STABLE_LP,0,0,0,282087.505173162,282087.505173162,282087.505173162,1
2026-06-14,bucket,V1PSM-BUCKETUS,0,0,0,1937877.33561359,1937877.33561359,1937877.33561359,1
2026-06-14,bucket,V1PSM-CETABLE,0,0,0,0.238021,0.238021,0.238021,1
2026-06-14,bucket,V1PSM-COIN,0,0,0,1019.758977,1019.758977,1019.758977,0.9998424519211212
2026-06-14,bucket,V1PSM-FDUSD,0,0,0,0.070352,0.070352,0.070352,0.9979039235163105
2026-06-14,bucket,V1PSM-SCABLE,0,0,0,854.607426626,854.607426626,854.607426626,1
2026-06-14,bucket,V1PSM-STAPEARL,0,0,0,0.059598,0.059598,0.059598,1
2026-06-14,bucket,V1PSM-USDC,0,0,0,59526.072350565,59526.072350565,59526.072350565,0.9998424519211212
2026-06-14,bucket,V1PSM-USDT,0,0,0,0.057134295,0.057134295,0.057134295,0.9996267355198744
2026-06-14,bucket,WBTC,0,9,45.49223564888889,238475.4535592693,81886.024168,98113.975832,64547.75427287098
2026-06-14,bucket,XBTC,0,9,89.744831925,198684.3907582966,107693.79831,12306.20169,64532.62899815118
2026-06-14,bucket,afSUI,0,9,62.429634175,23321.14300821668,12485.926835,7514.073165,0.8176323972861477
2026-06-14,bucket,haSUI,0,9,87.47946846200001,4668307.344168065,1574630.432316,225369.5676839999,0.8237034166061038
2026-06-14,bucket,vSUI,0,9,3.126099896,193101.3489646189,6252.199792,193747.800208,0.8135343862561449
2026-06-14,navi,AUSD,1.6618,5.566300000000001,42.65705993962154,2424.834713649046,1034.363495631476,1390.471218017569,0.999867
2026-06-14,navi,BLUE,21.4694,80.983,37.98430448969942,23134.89914937181,8787.670471059148,14347.22867831267,0.01203016
2026-06-14,navi,BUCK,0.0315,0.5196,8.660322628473553,20385380.36619099,1765439.78447803,18619940.58171296,0.99843289
2026-06-14,navi,CETUS,0.4734,5.2012,13.00377258508049,177357.665074904,23063.19685968895,154294.468215215,0.01884377
2026-06-14,navi,DEEP,4.750766666666666,13.0649,51.94709316444244,5786388.822893566,3005862.344696501,2780526.478197064,0.017566
2026-06-14,navi,FDUSD,0.1057,4.577,3.078637934364911,25729.0358630134,792.1041757793078,24936.93168723409,0.997965
2026-06-14,navi,HAEDAL,0.0338,30.1283,0.1604019234618116,79415.39468562255,127.3841668820606,79288.01051874048,0.01880379
2026-06-14,navi,IKA,1.4086,31.1218,15.09035510358661,126114.2276307995,19031.13023508775,107083.0973957118,0.00157203
2026-06-14,navi,LBTC,0.005500000000000001,0.2979,3.724138605807858,2916112.628292551,108598.8425933229,2807513.785699229,64649.58221491
2026-06-14,navi,MBTC,0,0,0,19353016.36282549,0,19353016.36282549,64512.19868524
2026-06-14,navi,NAVX,0.0094,0.9688,1.211011081627969,1767913.925012105,21409.63539733211,1746504.289614773,0.00724651
2026-06-14,navi,NS,0.4734,12.5208,6.301987771380115,302893.3624670886,19088.32290099868,283805.0395660899,0.011844
2026-06-14,navi,SOL,0.1322,6.672266666666666,2.830855099640942,44829.93868668297,1269.070044098168,43560.86864258479,68.83585306
2026-06-14,navi,SUI,1.702933333333333,2.623033333333333,81.15196981177792,22351503.93686598,18137610.64426635,4213893.292599631,0.76557383
2026-06-14,navi,USDC,5.791900000000001,8.7019,83.19802293351583,25645818.50552895,21336815.33237257,4309003.173156383,0.999779
2026-06-14,navi,USDSUI,1.1697,2.9619,49.36495562783698,4274579.52586331,2110147.914816805,2164431.611046506,0.999779
2026-06-14,navi,USDY,0.007700000000000001,0.2486,4.142747451231537,2263257.584484326,93761.04791497029,2169496.536569355,1.134567
2026-06-14,navi,WAL,5.5813,13.4878,59.11476437971135,4262656.836547042,2519860.682295842,1742796.1542512,0.03454672
2026-06-14,navi,WBTC,0.05946,0.39222,40.23976466725624,30760.65354086571,1958.905764417738,28801.74777644797,64512.19868524
2026-06-14,navi,WETH,0.001,0.5149,9.661721825159464,158127.3085381827,15277.82132287806,142849.4872153046,1682.26328652
2026-06-14,navi,XAUm,0.0094,8.0335,0.1677067199416468,1268909.221031534,2128.04757602713,1266781.173455507,4238.89999999
2026-06-14,navi,YBTC.B,0,0,0,4128.7787804894,0,4128.7787804894,64512.19868524
2026-06-14,navi,enzoBTC,0,0,0,28062806.4280794,0,28062806.4280794,64512.19868524
2026-06-14,navi,haSUI,0.0155,0.2818,8.461822580021897,17266187.6904934,1461014.561748592,15805173.12874481,0.76557383
2026-06-14,navi,stBTC,0.0002,0.2499,3.12434260369937,32597.81398048091,1018.467413057315,31579.3465674236,64512.19868524
2026-06-14,navi,stSUI,0.015,0.5,3.750710977746973,10213.4231424083,383.0759996655793,9830.347142742721,0.76557383
2026-06-14,navi,suiETH,0.1308,1.3208,16.50985780157476,1519503.979795842,250867.9713542559,1268636.008441586,1682.26328652
2026-06-14,navi,suiUSDT,5.0984,8.3677,76.16288841569346,5262757.185762696,4008268.605522122,1254488.580240574,0.999582
2026-06-14,navi,suiUSDe,0.537,2.0069,33.44854437617398,681913.7185690645,228090.2402940668,453823.4782749976,0.999779
2026-06-14,navi,vSUI,0.0083,0.4121,3.091731072059023,12096869.45012212,374002.6828976949,11722866.76722442,0.76557383
2026-06-14,navi,wBTC,0.498,1.2223,81.48893490085557,8286172.938129073,6752314.209330499,1533858.728798573,64512.19868524
2026-06-14,navi,wUSDC,1.4496,19.448,93.17407471070563,2156222.461388775,2009040.568130008,147181.8932587672,0.999779
2026-06-14,navi,wUSDT,1.4073,29.2896,96.0931258307973,1162284.140446768,1116875.277092244,45408.86335452384,0.999582
2026-06-14,navi,xBTC,1.872,3.3042,80.93516261044323,10076788.33186543,8155665.486632126,1921122.8452333,64512.19868524
2026-06-14,scallop,CETUS,0.5928928123175359,22.86560469926609,4.783228987377497,69525.6758736878,3325.572282060358,66200.10359162743,0.01888995
2026-06-14,scallop,DEEP,6.660126264960331,27.96618563449296,37.34341227065451,131928.2758593324,49266.51995571687,82661.75590361551,0.01751195
2026-06-14,scallop,SBETH,1.80302263931984,7.24544567010279,31.93059097496519,667392.8685684206,213102.4870586694,454290.3815097513,1681.44416953
2026-06-14,scallop,SCA,5.712318815367645,25.90622425449367,24.35196247921153,296278.1901210661,72149.55369236902,224128.6364286971,0.01235273
2026-06-14,scallop,SUI,3.355078766438613,8.500893575872981,50.55577084125612,3745582.999096857,1893608.357692455,1851974.641404402,0.76414775
2026-06-14,scallop,USDC,5.635154731563041,9.592237757585153,74.80956558436547,3410698.473475894,2551528.711399902,859169.762075993,0.99977636
2026-06-14,scallop,USDSUI,3.66547597681306,8.07865527428544,57.91821461496567,664931.2170897066,385116.2893559195,279814.927733787,0.99977636
2026-06-14,scallop,USDT,6.858222947379455,10.40382712564394,83.77120959313082,926667.0755964223,776280.2181284149,150386.8574680074,0.9995808500000001
2026-06-14,scallop,USDY,2.924668424435817,7.411412470307921,50.39682928758323,514237.6288462727,259159.4599421719,255078.1689041007,1.13613368
2026-06-14,scallop,WBTC,0,5.126749587580526,0,125.9067566114448,0,125.9067566114448,64503.06442862
2026-06-14,scallop,WETH,0.3934241164812891,5.709072677546345,8.839622576133074,11866.4724669445,1048.951379178642,10817.52108776586,1681.44416953
2026-06-14,scallop,afSUI,0.1398702943789187,5.347303720314289,3.353727391507333,115802.8701847525,3883.712577537722,111919.1576072147,0.76414775
2026-06-14,scallop,haSUI,0.3189249633906099,5.607101461925046,7.295219269683516,57767.53106894279,4214.268058161926,53553.26301078086,0.76414775
2026-06-14,scallop,vSUI,0.9376599572052502,6.374260231250117,18.87789478725136,24939.70866056409,4708.091961188306,20231.61669937578,0.76414775
2026-06-14,scallop,wUSDC,1.466153068684406,5.931414339472618,31.57282750045477,168686.323537049,53259.04194721151,115427.2815898375,0.99977636
2026-06-14,scallop,wUSDT,1.074862341477667,5.37313860074542,25.53294544301267,73788.72374986923,18840.43457814944,54948.28917171979,0.9995808500000001
2026-06-14,suilend,AUSD,0.05206586960590148,4.118517766636694,1.580236888489255,1681651.092796976,26574.07090406049,1655077.021892915,0.99974013
2026-06-14,suilend,BTC,0.062182878260356,0.5575969792796407,13.93992448199102,2211448.395059459,308274.236229491,1903174.158829968,64522.8
2026-06-14,suilend,COIN,1.962158717527663,8.929765276442414,29.29765276442413,515926.8562414554,151154.4588600313,364772.397381424,68.82350001
2026-06-14,suilend,DEEP,0.2724259162763908,27.15015297050603,1.433435313670685,6141123.187371351,88029.02842379973,6053094.158947553,0.01756806
2026-06-14,suilend,ETH,0.04009823448607504,1.112623034801161,4.504921392046439,4375859.333702912,197129.0232098432,4178730.310493068,1682.54340108
2026-06-14,suilend,LBTC,0,3,0,3788849.858183712,0,3788849.858183712,64522.8
2026-06-14,suilend,SEND,0.001180389268980034,50.00125905018277,0.003147625456911954,533729.7258697802,16.79981272258359,533712.9260570577,0.05344
2026-06-14,suilend,SUI,1.351725578754776,3.34643387487962,50.49127030798574,42885774.09578396,21653572.12237441,21232201.97340955,0.76580717
2026-06-14,suilend,USDC,4.127843989762677,6.543625448558121,78.85238890530175,29874936.58059288,23557101.17774135,6317835.402851526,0.99977998
2026-06-14,suilend,USDSUI,0.3267393147178195,4.240772268324736,9.63089073298947,10413020.99599639,1002866.674127664,9410154.321868723,0.99974013
2026-06-14,suilend,USDT,2.518295880153553,6.187985812071942,50.87067013067264,2558611.197898509,1301582.662409402,1257028.535489107,0.99957189
2026-06-14,suilend,WAL,0.3524972309843366,20.96096249940627,2.402406248515688,1634317.834000777,39262.95376464091,1595054.880236136,0.03444322
2026-06-14,suilend,WBTC,0.1241479994053994,0.7878705458557245,19.69676364639311,3632543.314365559,715493.4709834388,2917049.84338212,64522.8
2026-06-14,suilend,WETH,7.304516137982513,153.9795029548195,94.8764737878884,925.547168569843,878.1265167827105,47.42065178713263,1682.54340108
2026-06-14,suilend,XBTC,0.2019610694433633,1.037846666756673,25.94616666891684,4279143.352966284,1110273.666362508,3168869.686603776,64522.8
2026-06-14,suilend,sSUI,0,0,0,46923599.89193976,0,46923599.89193976,0.7923781504424102
2026-06-14,suilend,wUSDC,5.778376046442433,12.31154182581162,58.66828184679359,40979.92567771737,24042.21829720977,16937.7073805076,0.99977998
2026-06-14,suilend,wUSDT,0.3153704779563305,8.714261618680474,36.19015491573966,20812.9286302838,7532.231113802039,13280.69751648176,0.99957189
2026-06-15,alphalend,ALPHA,1.360254574372891e-13,0.000001374497167842405,0.00001099597734273924,7116825.894362257,0.7825645628662732,7116825.111797694,0.7825645628662732
2026-06-15,alphalend,BLUE,1.636328140877698,2.813094870214948,72.71031623404983,561566.5466489809,408316.811933107,153249.7347158739,0.01216461163344302
2026-06-15,alphalend,BTCVC,0,20,0,3600294.279188156,0,3600294.279188156,65638.9138423
2026-06-15,alphalend,DEEP,2.9398241527562,7.4615522499367,52.53284310970978,3470471.31552334,1823137.251351357,1647334.064171983,0.01808551874830407
2026-06-15,alphalend,EBTC,4.114857996202301e-7,0.007171870394292465,0.007171870394292465,740439.9443337586,53.10339315518844,740386.8409406033,68188.801770983
2026-06-15,alphalend,EEARN,0,0,0,1185578.687586916,0,1185578.687586916,1.016294124120884
2026-06-15,alphalend,EGUSDC,0.001073505077301968,0.1516696417477779,0.884739576862038,1357078.119335119,12006.60721069283,1345071.512124426,1.061574869
2026-06-15,alphalend,ESUI,7.312794462665604e-14,0.000003023407527663448,0.000003023407527663448,4711351.958149991,0.1424433697574261,4711351.815706621,0.8274024188798058
2026-06-15,alphalend,ETHIRD,0,0,0,6697398.695692211,0,6697398.695692211,1.035722141524532
2026-06-15,alphalend,STSUI,0.3995885622220283,2.565435376674344,18.32453840481674,5622118.232905474,1030227.214752968,4591891.018152505,0.7777371951001745
2026-06-15,alphalend,SUI,2.993219666159731,6.409633935146729,54.93971944411482,13324701.334787,7320553.530098198,6004147.804688798,0.795794670988462
2026-06-15,alphalend,TBTC,0.398620904252339,0.9112958999097784,54.67775399458671,3025205.297038252,1654114.310145782,1371090.986892471,65608.10019344802
2026-06-15,alphalend,USDC,7.456945963136878,10.61017529376783,82.68362548961305,34218442.5380825,28293048.87656657,5925393.661515923,0.9996823598316107
2026-06-15,alphalend,USDSUI,0.8648132621267568,4.802258530113393,24.01129265056696,7851616.602860648,1885274.640313374,5966341.962547273,0.9975895459823899
2026-06-15,alphalend,USDT,5.13601627871734,9.520272127892644,63.46848085261762,6026411.218764449,3824871.650481515,2201539.568282934,0.9993033629228794
2026-06-15,alphalend,WAL,0.9534053949819324,5.042235998660204,25.21117999330102,3642266.164736178,918258.2786267397,2724007.886109438,0.03456508324536259
2026-06-15,alphalend,WBTC,0.2370060522738556,1.293438788038957,21.55731313398262,5286387.634528141,1139603.135851368,4146784.498676772,65461.45049356112
2026-06-15,alphalend,XAUM,0.8959400321606792,3.199892912780818,39.99866140976022,1415670.562562153,566249.2749968832,849421.2875652695,4227.420147333966
2026-06-15,alphalend,XBTC,2.245429029466537,2.960644403348894,94.80322201674447,7003948.677235774,6639969.014418668,363979.6628171052,65643.4964171637
2026-06-15,bucket,BKT-AF-AFSUI-SUI,0,0,0,1.244055227064652,0,1.244055227064652,1
2026-06-15,bucket,BKT-KRIYA-FOUNTAIN-1,0,0,0,1.82503167728824,0,1.82503167728824,1
2026-06-15,bucket,BKT-PSM-BLUEFIN_STABLE_LP,0,0,0,140999.311312877,0,140999.311312877,1
2026-06-15,bucket,BKT-PSM-BUCKETUS,0,0,0,968633.3663117011,0,968633.3663117011,1
2026-06-15,bucket,BKT-PSM-CETABLE,0,0,0,0.2378476333793001,0,0.2378476333793001,1
2026-06-15,bucket,BKT-PSM-FDUSD,0,0,0,0.07019144663630823,0,0.07019144663630823,1
2026-06-15,bucket,BKT-PSM-STAPEARL,0,0,0,0.05955459078879395,0,0.05955459078879395,1
2026-06-15,bucket,BKT-PSM-USDC_CIRCLE,0,0,0,59507.31646421007,0,59507.31646421007,1
2026-06-15,bucket,BKT-PSM-USDC_WORMHOLE,0,0,0,1.591649377164369,0,1.591649377164369,1
2026-06-15,bucket,BKT-PSM-USDT_WORMHOLE,0,0,0,0.1210975914955275,0,0.1210975914955275,1
2026-06-15,bucket,BKT-SAVE-AFSUI_S,0,0,0,1518798.966569904,0,1518798.966569904,1
2026-06-15,bucket,BKT-SAVE-HASUI_NAVI_POND,0,0,0,0.9678213174238395,0,0.9678213174238395,1
2026-06-15,bucket,BKT-SAVE-HASUI_S,0,0,0,2582011.912353747,0,2582011.912353747,1
2026-06-15,bucket,BKT-SAVE-NAVI_STSUI,0,0,0,719489.8955740255,0,719489.8955740255,1
2026-06-15,bucket,BKT-SAVE-NAVI_VSUI,0,0,0,0.7352378129971118,0,0.7352378129971118,1
2026-06-15,bucket,BKT-SAVE-SUI_NAVI_POND,0,0,0,1046223.880882225,0,1046223.880882225,1
2026-06-15,bucket,BKT-SAVE-VSUI_S,0,0,0,1590429.379059002,0,1590429.379059002,1
2026-06-15,bucket,BKT-SCOIN-NAVI_CIRCLE_USDC,0,0,0,0.7062024135599728,0,0.7062024135599728,1
2026-06-15,bucket,BKT-SCOIN-NAVI_SUI_BRIDGE_USDT,0,0,0,19245.20714613161,0,19245.20714613161,1
2026-06-15,bucket,BKT-SCOIN-SCALLOP_CIRCLE_USDC,0,0,0,0.9647859111761251,0,0.9647859111761251,1
2026-06-15,bucket,BKT-SCOIN-SCALLOP_SUI_BRIDGE_USDT,0,0,0,0.3028938282255824,0,0.3028938282255824,1
2026-06-15,bucket,BKT-SCOIN-SCALLOP_USDC,0,0,0,0.5511409984515031,0,0.5511409984515031,1
2026-06-15,bucket,BKT-SCOIN-SCALLOP_USDT,0,0,0,0.1964874246780512,0,0.1964874246780512,1
2026-06-15,bucket,PSM-BUCK,0,0,0,2395552.9218077,2402597.212481,2395552.9218077,0.9970680517580284
2026-06-15,bucket,PSM-USDC,0,0,0,134636.4107464222,134678.846511,134636.4107464222,0.9996849114342964
2026-06-15,bucket,PSM-USDSUI,0,0,0,158845.1232433917,158835.637946,158845.1232433917,1.000059717690024
2026-06-15,bucket,PSM-USDT,0,0,0,0,0,0,0.9996990881581014
2026-06-15,bucket,SAVING-USDB,0,0,0,8366768.208391,0,8366768.208391,1
2026-06-15,bucket,SUI,0,8,88.57580989333333,47566.93540613048,26572.742968,3427.257032000001,0.7876074585990249
2026-06-15,bucket,V1-AF_LP,0,0,0,0,0,0,0
2026-06-15,bucket,V1-BTC,0,0,1.212349294491784e-9,742.3603115777611,9e-9,742.3603115687611,65489.16703080742
2026-06-15,bucket,V1-CETUS,0,0,51.05738844065056,19.22961829591553,9.818140909,9.411477386915525,0.01922961829591553
2026-06-15,bucket,V1-COIN,0,0,0.06800522076869134,87.21371907094918,3e-9,87.21371906794919,0.9988583547422181
2026-06-15,bucket,V1-HAEDAL,0,0,100,29.98922852083512,50.493491719,0,0.01962961689527888
2026-06-15,bucket,V1-LBTC,0,0,37.19561669205157,1149.60609613545,427.603076987,722.0030191484503,65738.80834376653
2026-06-15,bucket,V1-LP_TOKEN,0,0,0,0,1487.982953506,0,0
2026-06-15,bucket,V1-MUSD,0,0,69.76934152289158,72.35324158453925,50.480380224,21.87286136053925,0.9971844936596349
2026-06-15,bucket,V1-NAVX,0,0,100,50.20949530019253,52.870769635,0,0.00706544977920831
2026-06-15,bucket,V1-SCA,0,0,100,1465.112017573542,1865.037219788,0,0.01262655564826976
2026-06-15,bucket,V1-SCALLOP_DEEP,0,0,15.24460985546929,8902.697427386678,1357.181489418,7545.515937968678,0.02251314852193784
2026-06-15,bucket,V1-SCALLOP_SB_USDT,0,0,66.15794436056645,531.6854194515488,351.752143974,179.9332754775488,1.130846675557563
2026-06-15,bucket,V1-SCALLOP_SCA,0,0,100,151.9747593898991,161.471204678,0,0.01681713117510405
2026-06-15,bucket,V1-SCALLOP_SUI,0,0,54.21041477165234,84992.27464613003,46074.664609529,38917.61003660103,0.8705256988153065
2026-06-15,bucket,V1-SCALLOP_USDC,0,0,52.06785169922791,13322.64632228885,6936.815729502,6385.830592786852,1.128268110907704
2026-06-15,bucket,V1-SCALLOP_WORMHOLE_USDC,0,0,67.41220932839823,643.6655293912914,433.909154048,209.7563753432914,1.159342567797108
2026-06-15,bucket,V1-SCALLOP_WORMHOLE_USDT,0,0,52.60862330044825,2097.160223083806,1103.287121769,993.8731013148063,1.173570240653707
2026-06-15,bucket,V1-STSUI,0,0,86.62561062567957,41.91467538727686,36.308843496,5.605831891276857,0.8237342998805097
2026-06-15,bucket,V1-SUI,0,0,15.33199554456916,0,3017.794346294,0,0
2026-06-15,bucket,V1-TBTC,0,0,89.56590511244075,321.5027251926946,287.95682578,33.54589941269461,65418.01558068824
2026-06-15,bucket,V1-TLP,0,0,0,0,12494.869472018,0,0
2026-06-15,bucket,V1-USDY,0,0,73.06794169842047,864.1308320604428,631.402612568,232.7282194924428,1.137507362152602
2026-06-15,bucket,V1-WAL,0,0,100,40524.07287860433,50584.022907858,0,0.03486888970065613
2026-06-15,bucket,V1-WETH,0,0,20.59573008242454,1520.744034654434,313.208336622,1207.535698032435,1720.855136985681
2026-06-15,bucket,V1-afSUI,0,0,51.5134631466434,6438.943479093445,3316.922776136,3122.020702957445,0.8520474302016192
2026-06-15,bucket,V1-haSUI,0,0,26.77813400813663,3383.008449628107,905.906536148,2477.101913480107,0.8564790290829168
2026-06-15,bucket,V1-sSUI,0,0,61.48508151496522,84.78157864898049,52.128022742,32.65355590698049,0.8209711671649206
2026-06-15,bucket,V1-vSUI,0,0,78.22091943651614,13787.42726293545,10784.652371709,3002.774891226449,0.8460734326779192
2026-06-15,bucket,V1PSM-AUSD,0,0,0,7.307956001,7.307956001,7.307956001,0.9997914272863481
2026-06-15,bucket,V1PSM-BLUEFIN_STABLE_LP,0,0,0,282087.505173162,282087.505173162,282087.505173162,1
2026-06-15,bucket,V1PSM-BUCKETUS,0,0,0,1937877.33561359,1937877.33561359,1937877.33561359,1
2026-06-15,bucket,V1PSM-CETABLE,0,0,0,0.238021,0.238021,0.238021,1
2026-06-15,bucket,V1PSM-COIN,0,0,0,1019.758977,1019.758977,1019.758977,0.9996849114342964
2026-06-15,bucket,V1PSM-FDUSD,0,0,0,0.070352,0.070352,0.070352,0.9977178564405879
2026-06-15,bucket,V1PSM-SCABLE,0,0,0,854.607426626,854.607426626,854.607426626,1
2026-06-15,bucket,V1PSM-STAPEARL,0,0,0,0.059598,0.059598,0.059598,1
2026-06-15,bucket,V1PSM-USDC,0,0,0,59526.072350565,59526.072350565,59526.072350565,0.9996849114342964
2026-06-15,bucket,V1PSM-USDT,0,0,0,0.057134295,0.057134295,0.057134295,0.9996990881581014
2026-06-15,bucket,WBTC,0,9,38.36296875166666,221521.2441702369,69053.343753,110946.656247,65257.74848859266
2026-06-15,bucket,XBTC,0,9,89.744831925,202020.9793702452,107693.79831,12306.20169,65616.35195289637
2026-06-15,bucket,afSUI,0,9,62.429634175,24302.75516903387,12485.926835,7514.073165,0.8520474302016192
2026-06-15,bucket,haSUI,0,9,87.49250259544445,4853950.844687586,1574865.046718,225134.953282,0.8564790290829168
2026-06-15,bucket,vSUI,0,9,2.949006119499999,200025.9430140075,5898.012239,194101.987761,0.8460734326779192
2026-06-15,navi,AUSD,1.6618,5.566300000000001,42.66077796479991,2424.729882831584,1034.408877261928,1390.321005569657,0.999759
2026-06-15,navi,BLUE,21.8604,82.1433,38.04100925710014,23547.57049287648,8957.768031433658,14589.80246144282,0.0122366
2026-06-15,navi,BUCK,0.0336,0.5368,8.946502164091727,20381040.71243791,1823400.335239216,18557640.37719869,0.99821906
2026-06-15,navi,CETUS,0.4728999999999999,5.1986,12.99665808169138,182212.1582580128,23681.49930955515,158530.6589484576,0.01936
2026-06-15,navi,DEEP,4.7431,13.0609,51.87931033751011,5925085.46190237,3073894.938691256,2851190.523211114,0.017958
2026-06-15,navi,FDUSD,0.1057,4.577,3.079010837146084,25720.62685531472,791.9411496745378,24928.68570564019,0.997635
2026-06-15,navi,HAEDAL,0.0339,30.1284,0.1605806841262665,83429.54929322614,133.9720408906299,83295.57725233553,0.01976001
2026-06-15,navi,IKA,1.4143,31.1727,15.12807134215311,126329.6986104073,19111.28049548392,107218.4181149233,0.00157731
2026-06-15,navi,LBTC,0.0057,0.3013,3.765929715297897,2974962.003586142,112034.9803573652,2862927.023228777,65883.20688159
2026-06-15,navi,MBTC,0,0,0,19679534.90464635,0,19679534.90464635,65600.63
2026-06-15,navi,NAVX,0.0093,0.9626,1.203297949918471,1718093.028022429,20673.77967398828,1697419.248348441,0.00703536
2026-06-15,navi,NS,0.4786,12.5435,6.359383393350896,310707.0727334725,19759.07343883159,290947.9992946408,0.012256
2026-06-15,navi,SOL,0.1322,6.6723,2.831353487994903,46444.76330726196,1315.015991827508,45129.74731543446,71.31503004
2026-06-15,navi,SUI,1.7179,2.6319,81.59279020797916,23212585.62672583,18939786.14458197,4272799.482143863,0.7977528
2026-06-15,navi,USDC,5.727799999999999,8.6718,82.5640737387724,25846271.72196654,21339737.28856788,4506534.433398656,0.99975
2026-06-15,navi,USDSUI,1.0833,2.8504,47.50611483080942,4450455.759263064,2114238.858890854,2336216.90037221,0.99975
2026-06-15,navi,USDY,0.007700000000000001,0.249,4.149173586637621,2263031.729439977,93897.11626243184,2169134.613177544,1.135765
2026-06-15,navi,WAL,5.517599999999999,13.4561,58.57785646283296,4335954.737226801,2539910.45407819,1796044.283148611,0.03512444
2026-06-15,navi,WBTC,0.05891999999999999,0.39138,40.07478671790378,31279.6652828422,1991.983550908104,29287.6817319341,65600.63
2026-06-15,navi,WETH,0.001,0.5149,9.661844543908023,162004.1161959177,15652.5864034489,146351.5297924688,1723.50499999
2026-06-15,navi,XAUm,0.0094,8.0335,0.1673323334764159,1293170.108264878,2163.893009364951,1291006.215255513,4319.94398704
2026-06-15,navi,YBTC.B,0,0,0,4198.438351981101,0,4198.438351981101,65600.63
2026-06-15,navi,enzoBTC,0,0,0,28536274.05,0,28536274.05,65600.63
2026-06-15,navi,haSUI,0.0155,0.2818,8.461886329861004,17991777.01467318,1522443.746849619,16469333.26782356,0.7977528
2026-06-15,navi,stBTC,0.0002,0.2499,3.124363499149382,33147.79949645131,1035.657766803171,32112.14172964814,65600.63
2026-06-15,navi,stSUI,0.015,0.5,3.750760253535751,10642.72413583145,399.1830810742895,10243.54105475716,0.7977528
2026-06-15,navi,suiETH,0.1301,1.3169,16.46184775839462,1575837.25924627,259411.9517739697,1316425.3074723,1723.50499999
2026-06-15,navi,suiUSDT,5.0965,8.3667,76.141761743759,5263374.955956066,4007626.949668889,1255748.006287177,0.999448
2026-06-15,navi,suiUSDe,0.5935,2.1098,35.16291930757858,681906.4654664894,239778.2459642172,442128.2195022722,0.99975
2026-06-15,navi,vSUI,0.0083,0.4134,3.100998801125243,12687707.63986092,393445.6737457371,12294261.96611518,0.7977528
2026-06-15,navi,wBTC,0.498,1.2223,81.48534748529714,8426626.892456762,6866466.320242741,1560160.572214022,65600.63
2026-06-15,navi,wUSDC,1.4496,19.448,93.17744520466313,2157224.459589312,2010046.837244329,147177.622344983,0.99975
2026-06-15,navi,wUSDT,1.4102,29.3399,96.12667599915494,1162272.707893941,1117254.226568441,45018.48132550051,0.999448
2026-06-15,navi,xBTC,1.0342,1.8365,80.44556422494699,10309907.81058649,8293863.730919668,2016044.079666825,65600.63
2026-06-15,scallop,CETUS,0.5932103023206459,22.86598654341321,4.785710586674262,70817.09919499226,3389.101413350359,67427.9977816419,0.01923997
2026-06-15,scallop,DEEP,6.635575336556321,27.94826114059878,37.2312286572143,134953.235011455,50244.74750742258,84708.48750403241,0.01783849
2026-06-15,scallop,SBETH,1.999098545882183,7.421654319462045,34.55779959322184,630805.639157664,217992.5486028476,412813.0905548164,1719.69323328
2026-06-15,scallop,SCA,5.730836769946945,25.91689340706158,24.41976704390435,303217.8527199858,74045.09326974953,229172.7594502363,0.01267
2026-06-15,scallop,SUI,3.274623840767887,8.442322450193895,49.69161535206073,3943966.013868251,1959820.421227414,1984145.592640838,0.79589502
2026-06-15,scallop,USDC,6.077843051394671,9.895103094924496,78.16153267944487,3271772.820489144,2557267.782283818,714505.0382053263,0.99977079
2026-06-15,scallop,USDSUI,12.88452066752406,18.41854040525939,89.60629706494274,429958.814778467,385270.1728273,44688.64195116697,0.99977079
2026-06-15,scallop,USDT,6.923559087734676,10.44509625354941,84.22513285339353,921573.2029499647,776196.2545258818,145376.9484240829,0.99941513
2026-06-15,scallop,USDY,2.925643775289455,7.412340245636462,50.40730645617736,514294.7251670019,259242.1182028857,255052.6069641161,1.13624228
2026-06-15,scallop,WBTC,0,5.126749587580526,0,127.9198103882299,0,127.9198103882299,65534.3683948
2026-06-15,scallop,WETH,0.5740055434865665,5.943880017345027,12.39024563668826,8659.84274404762,1072.975787738425,7586.866956309196,1719.69323328
2026-06-15,scallop,afSUI,0.1398904283144153,5.347334269908588,3.354191141206035,120614.4741636124,4045.640007408128,116568.8341562043,0.79589502
2026-06-15,scallop,haSUI,0.3189735041712938,5.607169146441282,7.296242128530298,60168.06283876048,4390.007548762224,55778.05528999826,0.79589502
2026-06-15,scallop,vSUI,0.93782065380279,6.3744403128974,18.88059777746898,25976.51502818786,4904.521319075932,21071.99370911193,0.79589502
2026-06-15,scallop,wUSDC,1.466410078417457,5.931759009419402,31.57653892508778,168692.085715568,53267.12210951877,115424.9636060492,0.99977079
2026-06-15,scallop,wUSDT,1.075037658393851,5.37340665219852,25.53584666399338,73778.64286252456,18840.00111214957,54938.641750375,0.99941513
2026-06-15,suilend,AUSD,0.04965993689638071,4.11318761788999,1.509168238533196,1681741.452108265,25380.3078494649,1656361.1442588,0.99979209
2026-06-15,suilend,BTC,0.06218402368617332,0.5576021148012861,13.94005287003215,2244596.131102297,312897.8873943564,1931698.243707941,65489.54499377
2026-06-15,suilend,COIN,1.960425011985649,8.927815800091013,29.27815800091013,533159.7841071585,156099.3639882052,377060.4201189533,71.10799999
2026-06-15,suilend,DEEP,0.2718912475436774,27.14624218657915,1.430828124386102,6269549.698719018,89706.48036163581,6179843.218357383,0.01788952
2026-06-15,suilend,ETH,0.03967492316522977,1.111542422805927,4.461696912237074,4517729.585557478,201567.4014220388,4316162.184135439,1720.08
2026-06-15,suilend,LBTC,0,3,0,3846208.924640397,0,3846208.924640397,65489.54499377
2026-06-15,suilend,SEND,0.001181854644355969,50.00126061317107,0.003151532927670897,527522.592258063,16.62504819591594,527505.9672098672,0.05281168
2026-06-15,suilend,SUI,1.343151044890666,3.340335478010696,50.26258042540109,44883947.10112189,22559830.00979587,22324117.09132601,0.7973232
2026-06-15,suilend,USDC,4.195140489357762,6.573389232286158,79.7750662008709,29658489.51013289,23660079.64088687,5998409.869246026,0.9997523
2026-06-15,suilend,USDSUI,0.3338070104490385,4.245695194734416,9.827807789376628,10205992.98334522,1003025.373400433,9202967.609944783,0.99979209
2026-06-15,suilend,USDT,2.528983044693413,6.194840048915584,51.03003113728731,2554411.00290093,1303516.730154637,1250894.272746292,0.99941598
2026-06-15,suilend,WAL,0.3623652920565296,20.98665500129662,2.466637503241543,1624677.393120679,40074.90188540171,1584602.491235277,0.03513531
2026-06-15,suilend,WBTC,0.1244547816102582,0.7888433989400501,19.72108497350125,3687078.743667121,727131.9320784953,2959946.811588625,65489.54499377
2026-06-15,suilend,WETH,7.333086628772301,154.5492079113684,94.89646343548661,949.9016868006375,901.4231068878375,48.47857991279999,1720.08
2026-06-15,suilend,XBTC,0.1970759428445187,1.02521787692703,25.63044692317574,4337713.546506914,1111775.368216859,3225938.178290056,65489.54499377
2026-06-15,suilend,sSUI,0,0,0,48834534.09569045,0,48834534.09569045,0.8244486081365968
2026-06-15,suilend,wUSDC,5.780204119512074,12.31372132609592,58.6764549728597,40986.89604308488,24049.65760149352,16937.23844159137,0.9997523
2026-06-15,suilend,wUSDT,0.3142196384880503,8.706704205283797,36.08938940378397,20811.47933094547,7510.735816432925,13300.74351451255,0.99941598
2026-06-16,alphalend,ALPHA,1.360254574372891e-13,0.000001374497167842405,0.00001099597734273924,7081020.388977301,0.7786273976066902,7081019.610349904,0.7786273976066902
2026-06-16,alphalend,BLUE,1.636756268854099,2.813746792996383,72.71248930998794,539892.6491504431,392569.3847989266,147323.2643515165,0.0116946272913014
2026-06-16,alphalend,BTCVC,0,20,0,3631097.724913145,0,3631097.724913145,66200.50813521
2026-06-16,alphalend,DEEP,2.924139617677472,7.42547477157424,52.50644495481042,3442822.623702762,1807703.765806251,1635118.857896511,0.01792911329865877
2026-06-16,alphalend,EBTC,4.114857996202301e-7,0.007171870394292465,0.007171870394292465,747922.2689976412,53.64001578256228,747868.6289818586,68877.866099827
2026-06-16,alphalend,EEARN,0,0,0,1166703.984780635,0,1166703.984780635,1.016497201275297
2026-06-16,alphalend,EGUSDC,0.00107372927673017,0.1516854788744156,0.8848319601007576,1356949.473032622,12006.72261981145,1344942.750412811,1.061585073
2026-06-16,alphalend,ESUI,7.31204813482824e-14,0.000003023253242541104,0.000003023253242541104,4681122.783910406,0.1415221963519017,4681122.642388209,0.8220516531317296
2026-06-16,alphalend,ETHIRD,0,0,0,6670630.829618362,0,6670630.829618362,1.031582613204099
2026-06-16,alphalend,STSUI,0.399509359304401,2.565181115096741,18.322722250691,5978044.790733331,1095340.54302797,4882704.24770536,0.8270719163185587
2026-06-16,alphalend,SUI,2.906214936516582,6.31579168583441,54.13535730715208,13353649.01499945,7229045.607812946,6124603.407186503,0.7932953562504991
2026-06-16,alphalend,TBTC,0.3985957825211741,0.9112671837899388,54.67603102739632,3048045.695140137,1666550.410004039,1381495.285136098,66099.73603431747
2026-06-16,alphalend,USDC,7.206587737523569,10.31526976037642,82.19211626729404,34474986.16618737,28335720.71284626,6139265.453341109,0.9998175269928192
2026-06-16,alphalend,USDSUI,0.9703938652580555,5.086960756700882,25.43480378350441,8066513.03996467,2051701.763885811,6014811.276078859,0.9994254734789301
2026-06-16,alphalend,USDT,4.884240438783326,9.283990431461596,61.8932695430773,6128322.044378764,3793018.881395174,2335303.16298359,0.9993561762941442
2026-06-16,alphalend,WAL,0.9705330171862204,5.087325472023508,25.43662736011754,3707263.614789278,943002.8309511722,2764260.783838106,0.03549165556204523
2026-06-16,alphalend,WBTC,0.236936693286,1.293249514033636,21.55415856722727,5351143.502573289,1153393.955704526,4197749.546868763,66251.34044525569
2026-06-16,alphalend,XAUM,0.897166017211082,3.202081496618066,40.02601870772583,1425626.764318219,570621.6353883567,855005.1289298618,4259.67440165817
2026-06-16,alphalend,XBTC,1.975745698257214,2.648645099562214,93.24322549781107,7195001.835627039,6708851.786165366,486150.0494616734,66325.0536511407
2026-06-16,bucket,BKT-AF-AFSUI-SUI,0,0,0,1.239755690792357,0,1.239755690792357,1
2026-06-16,bucket,BKT-KRIYA-FOUNTAIN-1,0,0,0,1.805122919808167,0,1.805122919808167,1
2026-06-16,bucket,BKT-PSM-BLUEFIN_STABLE_LP,0,0,0,141016.0361675083,0,141016.0361675083,1
2026-06-16,bucket,BKT-PSM-BUCKETUS,0,0,0,968748.2622788636,0,968748.2622788636,1
2026-06-16,bucket,BKT-PSM-CETABLE,0,0,0,0.237899213844653,0,0.237899213844653,1
2026-06-16,bucket,BKT-PSM-FDUSD,0,0,0,0.07024562469035578,0,0.07024562469035578,1
2026-06-16,bucket,BKT-PSM-STAPEARL,0,0,0,0.05956750600456946,0,0.05956750600456946,1
2026-06-16,bucket,BKT-PSM-USDC_CIRCLE,0,0,0,59514.37501795826,0,59514.37501795826,1
2026-06-16,bucket,BKT-PSM-USDC_WORMHOLE,0,0,0,1.591797893618906,0,1.591797893618906,1
2026-06-16,bucket,BKT-PSM-USDT_WORMHOLE,0,0,0,0.1211357604498883,0,0.1211357604498883,1
2026-06-16,bucket,BKT-SAVE-AFSUI_S,0,0,0,1499564.459096114,0,1499564.459096114,1
2026-06-16,bucket,BKT-SAVE-HASUI_NAVI_POND,0,0,0,0.9673423731697808,0,0.9673423731697808,1
2026-06-16,bucket,BKT-SAVE-HASUI_S,0,0,0,2580734.156070568,0,2580734.156070568,1
2026-06-16,bucket,BKT-SAVE-NAVI_STSUI,0,0,0,715127.1090984964,0,715127.1090984964,1
2026-06-16,bucket,BKT-SAVE-NAVI_VSUI,0,0,0,0.7338490623074677,0,0.7338490623074677,1
2026-06-16,bucket,BKT-SAVE-SUI_NAVI_POND,0,0,0,1052363.860261358,0,1052363.860261358,1
2026-06-16,bucket,BKT-SAVE-VSUI_S,0,0,0,1587425.303564034,0,1587425.303564034,1
2026-06-16,bucket,BKT-SCOIN-NAVI_CIRCLE_USDC,0,0,0,0.7062861808677493,0,0.7062861808677493,1
2026-06-16,bucket,BKT-SCOIN-NAVI_SUI_BRIDGE_USDT,0,0,0,19236.9494297968,0,19236.9494297968,1
2026-06-16,bucket,BKT-SCOIN-SCALLOP_CIRCLE_USDC,0,0,0,0.9649003507713575,0,0.9649003507713575,1
2026-06-16,bucket,BKT-SCOIN-SCALLOP_SUI_BRIDGE_USDT,0,0,0,0.3027638628116452,0,0.3027638628116452,1
2026-06-16,bucket,BKT-SCOIN-SCALLOP_USDC,0,0,0,0.5511924252972735,0,0.5511924252972735,1
2026-06-16,bucket,BKT-SCOIN-SCALLOP_USDT,0,0,0,0.1965493558812434,0,0.1965493558812434,1
2026-06-16,bucket,PSM-BUCK,0,0,0,2471178.274892553,2476516.604093,2471178.274892553,0.99784442018615
2026-06-16,bucket,PSM-USDC,0,0,0,136924.6786230466,136951.590894,136924.6786230466,0.9998034906292237
2026-06-16,bucket,PSM-USDSUI,0,0,0,159074.7515014205,159165.648165,159074.7515014205,0.9994289178310303
2026-06-16,bucket,PSM-USDT,0,0,0,0,0,0,0.9992701381640848
2026-06-16,bucket,SAVING-USDB,0,0,0,8426059.109839,0,8426059.109839,1
2026-06-16,bucket,SUI,0,8,88.79848088333333,47797.68406666667,26639.544265,3360.455735,0.7922296944732159
2026-06-16,bucket,V1-AF_LP,0,0,0,0,0,0,0
2026-06-16,bucket,V1-BTC,0,0,1.203351594582883e-9,747.911087708299,9e-9,747.911087699299,65978.84259602024
2026-06-16,bucket,V1-CETUS,0,0,51.11062971096925,19.20958705561175,9.818140909,9.391446146611745,0.01920958705561174
2026-06-16,bucket,V1-COIN,0,0,0.06799887580811166,87.24120811034079,3e-9,87.2412081073408,0.9991731865938195
2026-06-16,bucket,V1-HAEDAL,0,0,100,29.22288121284995,50.493491719,0,0.01912799998792743
2026-06-16,bucket,V1-LBTC,0,0,36.83686874350572,1160.801912791205,427.603076987,733.1988358042053,66379.02732647616
2026-06-16,bucket,V1-LP_TOKEN,0,0,0,0,1487.982953506,0,0
2026-06-16,bucket,V1-MUSD,0,0,69.61037261877931,72.51847436653648,50.480380224,22.03809414253648,0.9994617595352677
2026-06-16,bucket,V1-NAVX,0,0,100,49.20147038483571,52.870769635,0,0.006923601123429908
2026-06-16,bucket,V1-SCA,0,0,100,1502.441068355747,1865.037219788,0,0.01294826302036491
2026-06-16,bucket,V1-SCALLOP_DEEP,0,0,15.15664124871417,8954.368366626994,1357.181489418,7597.186877208994,0.02264381403526942
2026-06-16,bucket,V1-SCALLOP_SB_USDT,0,0,66.14837252672446,531.7623556526495,351.752143974,180.0102116786495,1.131010311880964
2026-06-16,bucket,V1-SCALLOP_SCA,0,0,100,156.9383013859224,161.471204678,0,0.01736638380873454
2026-06-16,bucket,V1-SCALLOP_SUI,0,0,53.87825886709813,85516.24640132059,46074.664609529,39441.58179179159,0.8758924322066162
2026-06-16,bucket,V1-SCALLOP_USDC,0,0,52.05926472301788,13324.84384174351,6936.815729502,6388.028112241512,1.128454214408751
2026-06-16,bucket,V1-SCALLOP_WORMHOLE_USDC,0,0,67.40886498366743,643.6974634614191,433.909154048,209.7883094134191,1.159400086065792
2026-06-16,bucket,V1-SCALLOP_WORMHOLE_USDT,0,0,52.60829016734432,2097.173502996389,1103.287121769,993.8863812273894,1.173577672088862
2026-06-16,bucket,V1-STSUI,0,0,87.15408876287198,41.66051646158422,36.308843496,5.351672965584221,0.818739404350975
2026-06-16,bucket,V1-SUI,0,0,15.24254156383171,0,3017.794346294,0,0
2026-06-16,bucket,V1-TBTC,0,0,88.69809174791679,324.6482760851088,287.95682578,36.69145030510879,66058.05898052712
2026-06-16,bucket,V1-TLP,0,0,0,0,12494.869472018,0,0
2026-06-16,bucket,V1-USDY,0,0,74.08862112029223,852.2261624262626,631.402612568,220.8235498582626,1.121836529854459
2026-06-16,bucket,V1-WAL,0,0,100,41028.22982381001,50584.022907858,0,0.03530269093694494
2026-06-16,bucket,V1-WETH,0,0,19.74136897704089,1586.5583434779,313.208336622,1273.3500068559,1795.32979468293
2026-06-16,bucket,V1-afSUI,0,0,52.17421239679045,6357.398844682979,3316.922776136,3040.476068546979,0.8412568561855929
2026-06-16,bucket,V1-haSUI,0,0,26.79139222340077,3381.334305414489,905.906536148,2475.427769266489,0.856055184616675
2026-06-16,bucket,V1-sSUI,0,0,61.6473035915822,84.55847977934587,52.128022742,32.43045703734587,0.8188108188638418
2026-06-16,bucket,V1-vSUI,0,0,78.36894627390214,13761.38494195937,10784.652371709,2976.732570250373,0.8444753306184899
2026-06-16,bucket,V1PSM-AUSD,0,0,0,7.307956001,7.307956001,7.307956001,0.9995071011538739
2026-06-16,bucket,V1PSM-BLUEFIN_STABLE_LP,0,0,0,282087.505173162,282087.505173162,282087.505173162,1
2026-06-16,bucket,V1PSM-BUCKETUS,0,0,0,1937877.33561359,1937877.33561359,1937877.33561359,1
2026-06-16,bucket,V1PSM-CETABLE,0,0,0,0.238021,0.238021,0.238021,1
2026-06-16,bucket,V1PSM-COIN,0,0,0,1019.758977,1019.758977,1019.758977,0.9998034906292237
2026-06-16,bucket,V1PSM-FDUSD,0,0,0,0.070352,0.070352,0.070352,0.9984879561399218
2026-06-16,bucket,V1PSM-SCABLE,0,0,0,854.607426626,854.607426626,854.607426626,1
2026-06-16,bucket,V1PSM-STAPEARL,0,0,0,0.059598,0.059598,0.059598,1
2026-06-16,bucket,V1PSM-USDC,0,0,0,59526.072350565,59526.072350565,59526.072350565,0.9998034906292237
2026-06-16,bucket,V1PSM-USDT,0,0,0,0.057134295,0.057134295,0.057134295,0.9992701381640848
2026-06-16,bucket,WBTC,0,9,27.20338986277778,195058.0373968945,48966.101753,131033.898247,66243.56013281112
2026-06-16,bucket,XBTC,0,9,89.744831925,203992.6398166807,107693.79831,12306.20169,66256.746659368
2026-06-16,bucket,afSUI,0,9,75.35858546499999,28356.04880132756,15071.717093,4928.282907000001,0.8412568561855929
2026-06-16,bucket,haSUI,0,9,81.63133210877777,4854375.667212045,1469363.977958,330636.022042,0.856055184616675
2026-06-16,bucket,vSUI,0,9,3.054771117,199782.5010662517,6109.542234,193890.457766,0.8444753306184899
2026-06-16,navi,AUSD,1.6618,5.566300000000001,42.66450099149084,2424.703047258243,1034.487762781681,1390.215284476562,0.999683
2026-06-16,navi,BLUE,2.111,13.4516,22.41994294953271,22775.85556586477,5106.33878081048,17669.51678505429,0.01183642
2026-06-16,navi,BUCK,0.03753333333333334,0.5671333333333334,9.45205460035033,20406472.17157355,1929782.40530198,18476689.76627157,0.99946327
2026-06-16,navi,CETUS,0.474,5.2045,13.01217655702062,180614.0886168538,23501.8339944919,157112.2546223619,0.01921039
2026-06-16,navi,DEEP,4.7447,13.0617,51.89344449150377,5919338.253998818,3071750.304399196,2847587.949599622,0.017939
2026-06-16,navi,FDUSD,0.1057,4.577,3.079384265545567,25735.42156809821,792.4928494390458,24942.92871865917,0.998205
2026-06-16,navi,HAEDAL,0.0341,30.1292,0.1615484567662332,80623.17606866518,130.2458611555257,80492.93020750965,0.0191946
2026-06-16,navi,IKA,1.417,31.1967,15.14354719828563,130002.9639898494,19687.10868769716,110315.8553021523,0.00162345
2026-06-16,navi,LBTC,0.0057,0.3012,3.764866141674745,3005615.920646892,113157.4191955662,2892458.501451326,66503.4938685
2026-06-16,navi,MBTC,0,0,0,19876673.35228913,0,19876673.35228913,66257.78
2026-06-16,navi,NAVX,0.006000000000000001,0.775,0.9687317710066955,1689241.07737098,16364.21617225671,1672876.861198723,0.00691507
2026-06-16,navi,NS,0.5497,12.8514,7.128716273834351,268533.2661922257,19142.99589955292,249390.2702926729,0.012221
2026-06-16,navi,SOL,0.1321,6.6717,2.82839477039409,48108.0218512246,1360.685594698153,46747.33625652645,73.86843491
2026-06-16,navi,SUI,1.6992,2.620866666666667,81.04220923543657,23236094.35813926,18831217.67064236,4404876.687496894,0.79246
2026-06-16,navi,USDC,5.802966666666667,8.707099999999999,83.30804327413131,25708683.03739896,21416272.31749407,4292410.719904891,0.99975
2026-06-16,navi,USDSUI,1.0942,2.8647,47.74488794109508,4437369.644820299,2118458.335279828,2318911.309540471,0.99975
2026-06-16,navi,USDY,0.007799999999999999,0.2491,4.152060589354032,2258470.150208921,93773.05111186362,2164697.099097057,1.1342
2026-06-16,navi,WAL,5.4983,13.4464,58.41447097928945,4389475.76634957,2564090.381318171,1825385.385031399,0.03544701
2026-06-16,navi,WBTC,0.05748,0.3891,39.62007912086055,31593.03283633272,2011.96615602533,29581.06668030739,66257.78
2026-06-16,navi,WETH,0.001,0.5149,9.661967425726088,168449.6256106483,16275.54865957905,152174.0769510693,1792.07407509
2026-06-16,navi,XAUm,0.0094,8.0334,0.1670477134904615,1294796.862900169,2162.930167329465,1292633.932732839,4330.73199999
2026-06-16,navi,YBTC.B,0,0,0,4240.4959322666,0,4240.4959322666,66257.78
2026-06-16,navi,enzoBTC,0,0,0,28822134.3,0,28822134.3,66257.78
2026-06-16,navi,haSUI,0.0141,0.2687,8.068204896300072,18718493.35390677,1510246.431990294,17208246.92191647,0.79246
2026-06-16,navi,stBTC,0.0002,0.2499,3.124384542785052,33479.85866431624,1046.039553357497,32433.81911095875,66257.78
2026-06-16,navi,stSUI,0.0179,0.5466,4.100450504691544,10572.45765006541,433.5184142072468,10138.93923585816,0.79246
2026-06-16,navi,suiETH,0.125,1.2908,16.13489090478413,1673748.446184967,270057.5130045621,1403690.933180405,1792.07407509
2026-06-16,navi,suiUSDT,5.0765,8.3568,75.93345041371558,5264774.662645393,3997725.805720719,1267048.856924674,0.999392
2026-06-16,navi,suiUSDe,0.5939,2.1104,35.17454551635171,681920.3943892295,239862.4300334666,442057.9643557628,0.99975
2026-06-16,navi,vSUI,0.0082,0.4107,3.081204552724754,12609758.31547449,388532.588659372,12221225.72681512,0.79246
2026-06-16,navi,wBTC,0.498,1.2223,81.4858514606156,8511271.972931871,6935482.583236873,1575789.389694998,66257.78
2026-06-16,navi,wUSDC,1.4496,19.448,93.18082255733002,2158293.531843043,2011115.914277479,147177.6175655641,0.99975
2026-06-16,navi,wUSDT,1.4103,29.3418,96.12817917597538,1163089.899998643,1118057.261195452,45032.63880319102,0.999392
2026-06-16,navi,xBTC,0.9145,1.6254,80.3751536487545,10422796.32493788,8377338.809174084,2045457.5157638,66257.78
2026-06-16,scallop,CETUS,0.593537422178958,22.8663792986249,4.788267496267165,70627.50204902806,3381.833724039036,67245.66832498903,0.01918788
2026-06-16,scallop,DEEP,6.617166022492782,27.93480584865118,37.14702418627759,135683.889754696,50402.52734405913,85281.36241063684,0.01788599
2026-06-16,scallop,SBETH,1.4000299426838,6.861211592532035,26.18680465593739,658560.0667949115,172455.8382335943,486104.2285613173,1792.83910288
2026-06-16,scallop,SCA,5.429466017170892,25.74232812568105,23.30920750474613,315582.7939963121,73559.8483018759,242022.9456944362,0.01298099
2026-06-16,scallop,SUI,2.993611189635992,8.233045194016064,46.60019139119371,3942600.434532727,1837259.348282286,2105341.086250441,0.79193259
2026-06-16,scallop,USDC,5.204549739908537,9.286346035342753,71.41467520714868,3186195.271869441,2275411.004871089,910784.2669983521,0.99975877
2026-06-16,scallop,USDSUI,7.85657604810921,11.6639507180661,85.6893631385852,449738.2741509081,385377.8629103774,64360.41124053062,0.99975877
2026-06-16,scallop,USDT,5.777290896216036,9.690704059070843,75.90033876191445,939727.6753430944,713256.4890248722,226471.1863182221,0.99937819
2026-06-16,scallop,USDY,2.923052958239358,7.409877708072532,50.37945773234578,516716.0662308935,260318.7521830329,256397.3140478607,1.13635088
2026-06-16,scallop,WBTC,0,5.126749587580526,0,129.352300827711,0,129.352300827711,66268.24499998
2026-06-16,scallop,WETH,0.5740943319809233,5.943991705874918,12.39193045442704,9028.324551157773,1118.783699579433,7909.54085157834,1792.83910288
2026-06-16,scallop,afSUI,0.1399106037344833,5.347364896846529,3.354655832278922,120014.4433641617,4026.071523892932,115988.3718402687,0.79193259
2026-06-16,scallop,haSUI,0.3190218791068622,5.607236443349817,7.297261666217548,59869.07593623019,4368.803128213201,55500.27280801699,0.79193259
2026-06-16,scallop,vSUI,0.9379816441205335,6.374620472935555,18.88330627592637,25847.84849127814,4880.928396345464,20966.92009493268,0.79193259
2026-06-16,scallop,wUSDC,1.466667500829777,5.932103913781805,31.58025753152653,168696.7730288828,53274.87536989597,115421.8976589868,0.99975877
2026-06-16,scallop,wUSDT,1.075213266519115,5.373674859065392,25.53875375932267,73778.07285059117,18842.00035368617,54936.072496905,0.99937819
2026-06-16,suilend,AUSD,0.04565212923821698,4.104278667764392,1.390382236858559,1666507.215886255,23170.82030564862,1643336.395580607,0.99967046
2026-06-16,suilend,BTC,0.0641427449780055,0.5663159232177986,14.15789808044496,2239661.403940864,317088.9789170104,1922572.425023854,66365.71841845001
2026-06-16,suilend,COIN,1.960872897749871,8.928319489534811,29.28319489534811,556229.5339595049,162881.7784948483,393347.7554646566,74.1795196
2026-06-16,suilend,DEEP,0.2704879181535689,27.13597269562885,1.423981797085902,6341202.409550713,90297.5680283748,6250904.841522339,0.01799401
2026-06-16,suilend,ETH,0.03990763715097755,1.112136721735271,4.485468869410847,4697637.772889128,210711.0799006269,4486926.692988502,1798.20287575
2026-06-16,suilend,LBTC,0,3,0,3899409.69755044,0,3899409.69755044,66365.71841845001
2026-06-16,suilend,SEND,0.001183316592423458,50.00126217250367,0.003155431259157771,495202.9754406194,15.62578948333268,495187.3496511361,0.04956945
2026-06-16,suilend,SUI,1.371876051263771,3.360703321232729,51.02637454622732,43935503.2124002,22418694.42792907,21516808.78447113,0.7946925
2026-06-16,suilend,USDC,4.035925670360836,6.502654087546604,77.58227671394474,30568999.09761937,23716125.46859833,6852873.62902104,0.99975131
2026-06-16,suilend,USDSUI,0.3348432785120338,4.246416089096164,9.85664356384657,10184236.18327441,1003823.860285651,9180412.322988763,0.99967046
2026-06-16,suilend,USDT,2.503292350815182,6.178344292406751,50.64650479845697,2596360.647411161,1314965.919876342,1281394.727534819,0.99939562
2026-06-16,suilend,WAL,0.3613826604716281,20.98409931406467,2.460248285161668,1648044.568423755,40545.98823334546,1607498.58019041,0.0355279
2026-06-16,suilend,WBTC,0.1247628857384925,0.7898192379857952,19.74548094964488,3731871.811950567,736876.0376938664,2994995.774256701,66365.71841845001
2026-06-16,suilend,WETH,5.285859146633693,113.1350695656818,93.44333577423444,1028.410251275803,960.9808442362965,67.42940703950617,1798.20287575
2026-06-16,suilend,XBTC,0.1781258995509541,0.9746818955972706,24.36704738993176,4463080.308224017,1087520.893755659,3375559.414468358,66365.71841845001
2026-06-16,suilend,sSUI,0,0,0,48186879.85516273,0,48186879.85516273,0.8150158083702025
2026-06-16,suilend,wUSDC,5.782035169346883,12.31590403484148,58.68464013065553,40994.97553242447,24057.75386285359,16937.22166957088,0.99975131
2026-06-16,suilend,wUSDT,0.3142824980987256,8.707117254569457,36.09489672759277,20812.84885251185,7512.376299384129,13300.47255312772,0.99939562
2026-06-17,alphalend,ALPHA,1.360254574372891e-13,0.000001374497167842405,0.00001099597734273924,7036184.537736752,0.7736972575628551,7036183.764039494,0.7736972575628551
2026-06-17,alphalend,BLUE,1.637332690754298,2.814624471532472,72.71541490510825,530881.030187201,386035.3269798097,144845.7032073914,0.01149874322471503
2026-06-17,alphalend,BTCVC,0,20,0,3556843.639062599,0,3556843.639062599,64846.74170235
2026-06-17,alphalend,DEEP,2.703527385421386,6.914449782550178,52.13252423113428,3405439.27206947,1773856.898280795,1631582.373788676,0.01758954758205177
2026-06-17,alphalend,EBTC,4.165566309456991e-7,0.007215925364650912,0.007215925364650911,727970.7332679285,52.52982478911567,727918.2034431393,67452.296299441
2026-06-17,alphalend,EEARN,0,0,0,1123150.675824041,0,1123150.675824041,1.016421351267079
2026-06-17,alphalend,EGUSDC,0.001074093938665986,0.1517096238778492,0.8849728059541204,1340110.068684033,11914.25867889573,1328195.810005138,1.062246655
2026-06-17,alphalend,ESUI,7.347346096247326e-14,0.000003030541633412201,0.000003030541633412201,4642766.075245928,0.1406931258482864,4642765.934552802,0.8172358800895625
2026-06-17,alphalend,IKA,0.00706026549073289,1.715158857171063,0.6860635428684252,298857.7690085541,2047.106127483197,296810.6628810709,0.002058036404572331
2026-06-17,alphalend,STSUI,0.3353359689602941,2.350134506483696,16.78667504631211,6255774.9345541,1047025.791632715,5208749.142921385,0.817718033353247
2026-06-17,alphalend,SUI,2.300983152336118,4.441126381997472,60.80844786498104,12767156.35940394,8044509.961976352,4722646.397427588,0.7884742254486804
2026-06-17,alphalend,TBTC,0.397155584280215,0.9096194079087163,54.57716447452298,2994208.397005356,1634158.530843716,1360049.866161641,64931.25246848541
2026-06-17,alphalend,USDC,6.995684480476053,10.062430698796,81.77071783132666,34281266.95989633,27829458.20892778,6451808.750968554,0.9997565549292798
2026-06-17,alphalend,USDSUI,0.9954459968687139,5.152205933147346,25.76102966573673,7964023.04210134,2051304.455320188,5912718.586781153,0.9997411895203481
2026-06-17,alphalend,USDT,4.313362699776496,8.724425827806915,58.16283885204609,6539475.869705411,3825599.927243255,2713875.942462156,0.9991225729232531
2026-06-17,alphalend,WAL,0.9641206039534209,5.070486230911214,25.35243115455607,3652234.006698281,924611.3290504066,2727622.677647874,0.03479219665822381
2026-06-17,alphalend,WBTC,0.2369510312566264,1.293288643237093,21.55481072061821,5231602.783756885,1127666.576077371,4103936.207679513,64770.64115016185
2026-06-17,alphalend,XAUM,0.9055912225900427,3.217081592208823,40.21351990261029,1420343.840432215,571177.1948125812,849166.6456196341,4263.265088786425
2026-06-17,alphalend,XBTC,8.080138699492673,10.59391767777105,93.56567705048533,7200308.59074793,6574633.403829851,625675.1869180792,64990.63255555982
2026-06-17,bucket,BKT-AF-AFSUI-SUI,0,0,0,1.234419778598716,0,1.234419778598716,1
2026-06-17,bucket,BKT-KRIYA-FOUNTAIN-1,0,0,0,1.778653704721886,0,1.778653704721886,1
2026-06-17,bucket,BKT-PSM-BLUEFIN_STABLE_LP,0,0,0,141009.4161802579,0,141009.4161802579,1
2026-06-17,bucket,BKT-PSM-BUCKETUS,0,0,0,968702.7844642873,0,968702.7844642873,1
2026-06-17,bucket,BKT-PSM-CETABLE,0,0,0,0.2378793734194207,0,0.2378793734194207,1
2026-06-17,bucket,BKT-PSM-FDUSD,0,0,0,0.07021878584288413,0,0.07021878584288413,1
2026-06-17,bucket,BKT-PSM-STAPEARL,0,0,0,0.05956253816701314,0,0.05956253816701314,1
2026-06-17,bucket,BKT-PSM-USDC_CIRCLE,0,0,0,59511.59111764851,0,59511.59111764851,1
2026-06-17,bucket,BKT-PSM-USDC_WORMHOLE,0,0,0,1.591573935976405,0,1.591573935976405,1
2026-06-17,bucket,BKT-PSM-USDT_WORMHOLE,0,0,0,0.1211212393046141,0,0.1211212393046141,1
2026-06-17,bucket,BKT-SAVE-AFSUI_S,0,0,0,1493766.073258818,0,1493766.073258818,1
2026-06-17,bucket,BKT-SAVE-HASUI_NAVI_POND,0,0,0,0.9614949041602097,0,0.9614949041602097,1
2026-06-17,bucket,BKT-SAVE-HASUI_S,0,0,0,2565133.926598437,0,2565133.926598437,1
2026-06-17,bucket,BKT-SAVE-NAVI_STSUI,0,0,0,714234.9936280051,0,714234.9936280051,1
2026-06-17,bucket,BKT-SAVE-NAVI_VSUI,0,0,0,0.7304140450347956,0,0.7304140450347956,1
2026-06-17,bucket,BKT-SAVE-SUI_NAVI_POND,0,0,0,1047375.256694333,0,1047375.256694333,1
2026-06-17,bucket,BKT-SAVE-VSUI_S,0,0,0,1579994.847334147,0,1579994.847334147,1
2026-06-17,bucket,BKT-SCOIN-NAVI_CIRCLE_USDC,0,0,0,0.7062530243159165,0,0.7062530243159165,1
2026-06-17,bucket,BKT-SCOIN-NAVI_SUI_BRIDGE_USDT,0,0,0,19234.10865134554,0,19234.10865134554,1
2026-06-17,bucket,BKT-SCOIN-SCALLOP_CIRCLE_USDC,0,0,0,0.9648550535966987,0,0.9648550535966987,1
2026-06-17,bucket,BKT-SCOIN-SCALLOP_SUI_BRIDGE_USDT,0,0,0,0.3027191527571518,0,0.3027191527571518,1
2026-06-17,bucket,BKT-SCOIN-SCALLOP_USDC,0,0,0,0.5511148754043952,0,0.5511148754043952,1
2026-06-17,bucket,BKT-SCOIN-SCALLOP_USDT,0,0,0,0.1965257945337131,0,0.1965257945337131,1
2026-06-17,bucket,PSM-BUCK,0,0,0,2467753.777200796,2471284.549196,2467753.777200796,0.9985712806741122
2026-06-17,bucket,PSM-USDC,0,0,0,132695.9691112071,132728.281157,132695.9691112071,0.9997565549292798
2026-06-17,bucket,PSM-USDSUI,0,0,0,161663.7386207617,161705.589722,161663.7386207617,0.9997411895203481
2026-06-17,bucket,PSM-USDT,0,0,0,0,0,0,0.9991225729232531
2026-06-17,bucket,SAVING-USDB,0,0,0,8426175.300998,0,8426175.300998,1
2026-06-17,bucket,SUI,0,8,89.77526501666667,48064.25770266736,26932.579505,3067.420494999998,0.7884742254486804
2026-06-17,bucket,V1-AF_LP,0,0,0,0,0,0,0
2026-06-17,bucket,V1-BTC,0,0,1.215569612695753e-9,735.9793901745795,9e-9,735.9793901655795,64926.25812920507
2026-06-17,bucket,V1-CETUS,0,0,50.81863134818211,19.24950368544575,9.818140909,9.431362776445752,0.01924950368544575
2026-06-17,bucket,V1-COIN,0,0,0.0680034635980141,87.23075007340633,3e-9,87.23075007040633,0.9990534107411501
2026-06-17,bucket,V1-HAEDAL,0,0,100,28.79359330643094,50.493491719,0,0.01884700719296684
2026-06-17,bucket,V1-LBTC,0,0,37.33284442366441,1140.442976679046,427.603076987,712.8398996920463,65214.82664620896
2026-06-17,bucket,V1-LP_TOKEN,0,0,0,0,1487.982953506,0,0
2026-06-17,bucket,V1-MUSD,0,0,69.59797862692861,72.5347496831966,50.480380224,22.05436945919659,0.9996860686753621
2026-06-17,bucket,V1-NAVX,0,0,100,48.5661759789433,52.870769635,0,0.006834202879272938
2026-06-17,bucket,V1-SCA,0,0,100,1451.961396431268,1865.037219788,0,0.01251322161805872
2026-06-17,bucket,V1-SCALLOP_DEEP,0,0,15.33090223244899,8827.561667977461,1357.181489418,7470.380178559461,0.02232314515220804
2026-06-17,bucket,V1-SCALLOP_SB_USDT,0,0,66.15502038355936,531.742895200819,351.752143974,179.990751226819,1.130968921264535
2026-06-17,bucket,V1-SCALLOP_SCA,0,0,100,150.9387244602369,161.471204678,0,0.01670248624732747
2026-06-17,bucket,V1-SCALLOP_SUI,0,0,53.67503206812363,85137.16065537576,46074.664609529,39062.49604584676,0.8720096806827449
2026-06-17,bucket,V1-SCALLOP_USDC,0,0,52.05070996182241,13327.34272223792,6936.815729502,6390.526992735921,1.128665839569895
2026-06-17,bucket,V1-SCALLOP_WORMHOLE_USDC,0,0,67.40671432195266,643.7155542795224,433.909154048,209.8064002315224,1.159432670466472
2026-06-17,bucket,V1-SCALLOP_WORMHOLE_USDT,0,0,52.62153665705715,2096.717013860488,1103.287121769,993.429892091488,1.173322220903407
2026-06-17,bucket,V1-STSUI,0,0,86.66636098894816,41.6085452934224,36.308843496,5.299701797422401,0.817718033353247
2026-06-17,bucket,V1-SUI,0,0,15.18920651470539,0,3017.794346294,0,0
2026-06-17,bucket,V1-TBTC,0,0,89.78842716180813,319.1104840690937,287.95682578,31.15365828909376,64931.25246848541
2026-06-17,bucket,V1-TLP,0,0,0,0,12494.869472018,0,0
2026-06-17,bucket,V1-USDY,0,0,73.5232709853361,860.6241263073341,631.402612568,229.2215137393341,1.132891274561383
2026-06-17,bucket,V1-WAL,0,0,100,40434.94143600635,50584.022907858,0,0.03479219665822381
2026-06-17,bucket,V1-WETH,0,0,19.97372971825776,1551.319623711373,313.208336622,1238.111287089373,1755.454095321856
2026-06-17,bucket,V1-afSUI,0,0,51.99174248062758,6332.816606020645,3316.922776136,3015.893829884645,0.8380039571115675
2026-06-17,bucket,V1-haSUI,0,0,26.73361542478795,3360.894543743426,905.906536148,2454.988007595426,0.8508804333586215
2026-06-17,bucket,V1-sSUI,0,0,61.69229627023888,83.74898078349024,52.128022742,31.62095804149024,0.8109721427500369
2026-06-17,bucket,V1-vSUI,0,0,78.1111318990416,13696.97034037511,10784.652371709,2912.31796866611,0.840522491409431
2026-06-17,bucket,V1PSM-AUSD,0,0,0,7.307956001,7.307956001,7.307956001,0.999919043822458
2026-06-17,bucket,V1PSM-BLUEFIN_STABLE_LP,0,0,0,282087.505173162,282087.505173162,282087.505173162,1
2026-06-17,bucket,V1PSM-BUCKETUS,0,0,0,1937877.33561359,1937877.33561359,1937877.33561359,1
2026-06-17,bucket,V1PSM-CETABLE,0,0,0,0.238021,0.238021,0.238021,1
2026-06-17,bucket,V1PSM-COIN,0,0,0,1019.758977,1019.758977,1019.758977,0.9997565549292798
2026-06-17,bucket,V1PSM-FDUSD,0,0,0,0.070352,0.070352,0.070352,0.9981064624016962
2026-06-17,bucket,V1PSM-SCABLE,0,0,0,854.607426626,854.607426626,854.607426626,1
2026-06-17,bucket,V1PSM-STAPEARL,0,0,0,0.059598,0.059598,0.059598,1
2026-06-17,bucket,V1PSM-USDC,0,0,0,59526.082350565,59526.082350565,59526.082350565,0.9997565549292798
2026-06-17,bucket,V1PSM-USDT,0,0,0,0.057134295,0.057134295,0.057134295,0.9991225729232531
2026-06-17,bucket,WBTC,0,9,27.07428607694445,190773.1885391362,48689.602661,131310.397339,64770.64115016185
2026-06-17,bucket,XBTC,0,9,89.19284318333334,194992.516594764,106369.02533,13630.97467,64990.63255555982
2026-06-17,bucket,afSUI,0,9,75.843725805,28246.404090309,15168.745161,4831.254838999999,0.8380039571115675
2026-06-17,bucket,haSUI,0,9,81.63133210877777,4825031.546596482,1469363.977958,330636.022042,0.8508804333586215
2026-06-17,bucket,vSUI,0,9,3.13023895325,199162.821811007,6261.331727,193738.668273,0.840522491409431
2026-06-17,navi,AUSD,1.6618,5.5663,42.66507882945758,2424.460000606623,1034.169562226352,1390.290438380271,0.999737
2026-06-17,navi,BLUE,6.9515,30.33715,26.31165115724706,22748.03370607962,8636.235539449435,14111.79816663018,0.01183274
2026-06-17,navi,BUCK,0.036025,0.55535,9.255843655995804,20386912.85208645,1761131.381045107,18625781.47104134,0.99850841
2026-06-17,navi,CETUS,0.474075,5.20465,13.01203834291777,174223.6624656529,22654.5996845773,151569.0627810756,0.01851092
2026-06-17,navi,DEEP,4.6919,13.034025,51.42452514402449,5861366.070285222,3044637.885209834,2816728.185075388,0.017795
2026-06-17,navi,FDUSD,0.105625,4.576925,3.07803730477281,25724.09994563527,791.9159341423783,24932.18401149289,0.997775
2026-06-17,navi,HAEDAL,0.0341,30.129275,0.1616567570633116,80651.1552515691,129.3261804118741,80521.82907115722,0.0190964
2026-06-17,navi,IKA,1.494275,31.872375,15.62359540066653,125442.3855346455,18917.6700546904,106524.7154799551,0.00156316
2026-06-17,navi,LBTC,0.0054,0.29365,3.670649069177887,2906143.891977038,97586.81079715562,2808557.081179882,64430.38579077
2026-06-17,navi,MBTC,0,0,0,19273416.45376658,0,19273416.45376658,64246.85683608
2026-06-17,navi,NAVX,0.00685,0.8224750000000001,1.028145578781414,1751493.120674533,21178.66447884854,1730314.456195685,0.00717918
2026-06-17,navi,NS,0.54,12.808325,7.020791424692849,303281.1661916185,19100.35843705494,284180.8077545636,0.011853
2026-06-17,navi,SOL,0.131975,6.671225,2.826377327842489,44607.30420234322,1262.686941974862,43344.61726036837,68.49434525
2026-06-17,navi,SUI,1.716125,2.6308,81.54034401859141,22472057.71936717,18310312.58277716,4161745.136590006,0.77287917
2026-06-17,navi,USDC,5.594425,8.608375,81.22841854824783,25620735.69124423,21319003.13447443,4301732.556769795,0.999767
2026-06-17,navi,USDSUI,1.115125,2.89165,48.19488860625774,4273517.757108509,2107781.812909925,2165735.944198583,0.999767
2026-06-17,navi,USDY,0.0077,0.248075,4.134938246542275,2262782.576595224,93741.13890956,2169041.437685663,1.134329
2026-06-17,navi,WAL,5.4812,13.437875,58.26927970911854,4210760.297065375,2489053.417083604,1721706.879981771,0.03412911
2026-06-17,navi,WBTC,0.06436666666666667,0.2883333333333333,42.42699846003009,4462130.927569401,2815121.576082063,1647009.351487338,64246.85683608
2026-06-17,navi,WETH,0.001,0.514975,9.661750787009437,158122.4851031079,15277.2818963388,142845.2032067691,1682.21283599
2026-06-17,navi,XAUm,0.0094,8.0335,0.1676197550157183,1268909.044449504,2127.871031337398,1266781.173418166,4238.9
2026-06-17,navi,YBTC.B,0,0,0,4111.796910103415,0,4111.796910103415,64246.85683608
2026-06-17,navi,enzoBTC,0,0,0,27947382.7236948,0,27947382.7236948,64246.85683608
2026-06-17,navi,haSUI,0.014475,0.27205,8.168866182629865,17427906.93325082,1478178.226602541,15949728.70664828,0.77251821
2026-06-17,navi,stBTC,0.0002,0.2499,3.124387826386737,32463.73571111455,1014.275788253345,31449.45992286121,64246.85683608
2026-06-17,navi,stSUI,0.030525,0.703175,5.275037397118326,10306.06523732188,386.5488160333462,9919.516421288537,0.77251821
2026-06-17,navi,suiETH,0.125975,1.296125,16.20120199879688,1518295.331588634,249696.7844842279,1268598.547104406,1682.21283599
2026-06-17,navi,suiUSDT,5.08305,8.357025,75.93939540974078,5806049.583044701,4006886.545062689,1799163.037982013,0.999372
2026-06-17,navi,suiUSDe,0.5835,2.09135,34.85618225133128,681900.8065108964,228082.7752798399,453818.0312310566,0.999767
2026-06-17,navi,vSUI,0.008075,0.40715,3.054308989552803,12207897.11460744,377395.1992250151,11830501.91538243,0.77251821
2026-06-17,navi,wBTC,0.499125,1.223725,81.5802481489199,8252006.607243073,6724456.718035337,1527549.889207736,64246.85683608
2026-06-17,navi,wUSDC,1.449325,19.44465,93.181343612825,2155793.409950932,2008613.282490185,147180.1274607459,0.999767
2026-06-17,navi,wUSDT,1.40935,29.325875,96.11734383294795,1161702.32375494,1116379.874555004,45322.44919993577,0.999372
2026-06-17,navi,xBTC,1.5179,2.685475,80.72860210680936,10035059.05939117,8121843.7395648,1913215.319826373,64246.85683608
2026-06-17,scallop,CETUS,0.589624178665582,22.86168281952104,4.757673684078444,70655.76539036086,3364.29074158715,67291.47464877371,0.01922329
2026-06-17,scallop,DEEP,6.534544415002008,27.87427595105737,36.76819803302275,133266.8841738556,49004.96829503513,84261.91587882047,0.01758177
2026-06-17,scallop,SBETH,1.202190715342033,6.659756968602915,23.1671027880023,605883.9509759507,140371.0020455251,465512.9489304255,1755.38382733
2026-06-17,scallop,SCA,5.289444760925244,25.66048910273609,22.78804698294809,301754.5654455015,68880.29420353111,232874.2712419704,0.01246268
2026-06-17,scallop,SUI,3.010440103171019,8.245792333811718,46.78866865387687,3888559.996820165,1819317.30081374,2069242.696006425,0.78894489
2026-06-17,scallop,USDC,5.337443360159266,9.382014107236536,72.47745147114682,3147460.193609871,2281988.089472272,865472.1041375996,0.99972892
2026-06-17,scallop,USDSUI,6.772774786763447,10.34948669747357,83.17315367814766,459260.3869981291,383824.2987141788,75436.0882839502,0.99972892
2026-06-17,scallop,USDT,5.604034250469081,9.570498218021605,74.5685766263332,919336.5757866326,687415.8503340605,231920.7254525721,0.99912389
2026-06-17,scallop,USDY,2.136392699566936,6.608780530110836,41.28730376289699,629866.1703837318,260062.7103220717,369803.4600616601,1.13645949
2026-06-17,scallop,WBTC,0,5.126749587580526,0,126.5861040632018,0,126.5861040632018,64851.09970194
2026-06-17,scallop,WETH,0.574206603961469,5.944132600042384,12.39406147179892,8839.919942465054,1095.66392190945,7744.256020555604,1755.38382733
2026-06-17,scallop,afSUI,0.1399365048069922,5.347404147285639,3.355252433573672,119561.5999223344,4011.751315645486,115549.8486066889,0.78894489
2026-06-17,scallop,haSUI,0.3190482166926634,5.607272999230572,7.29781684528755,59650.0218749069,4353.308870542915,55296.71300436398,0.78894489
2026-06-17,scallop,vSUI,0.9381845693559043,6.37484725480626,18.88672094426623,25751.33326442911,4863.764471895902,20887.56879253321,0.78894489
2026-06-17,scallop,wUSDC,1.466991844527632,5.932537903871093,31.58494521799145,168701.9547754292,53286.05696973205,115415.8978056971,0.99972892
2026-06-17,scallop,wUSDT,1.075434564114441,5.374012381410109,25.54241895942294,73762.58114870408,18841.3071759056,54921.27397279847,0.99912389
2026-06-17,suilend,AUSD,0.04064510033606895,4.093094123644562,1.241254981927488,1664772.296870133,20177.49383854381,1644594.803031589,0.99982708
2026-06-17,suilend,BTC,0.06455430568169274,0.5681298517102968,14.20324629275742,2181398.076055178,309830.4455912667,1871567.630463911,64844.98499999
2026-06-17,suilend,COIN,1.961401947364724,8.928914398654829,29.2891439865483,541646.4329632194,158650.9281874311,382995.5047757882,72.22858871
2026-06-17,suilend,DEEP,0.271227909044487,27.14138880670543,1.427592537803618,6180008.081765543,88217.65952717006,6091790.422238372,0.01755999
2026-06-17,suilend,ETH,0.03949634745879835,1.111085988882325,4.443439555293019,4630201.029800875,205741.4336366576,4424459.596164217,1755.710025
2026-06-17,suilend,LBTC,0,3,0,3791601.266452015,0,3791601.266452015,64844.98499999
2026-06-17,suilend,SEND,0.001185214040100017,50.00126419634559,0.003160490863969357,494692.0319033234,15.64041220325618,494676.3914911202,0.0495117
2026-06-17,suilend,SUI,0.9478714688503191,2.346502478402638,50.4938429400989,44197775.37098762,22323786.7538661,21873988.61712153,0.78906346
2026-06-17,suilend,USDC,4.140010491140358,6.549005807707459,79.01918003893125,30136094.16337992,23922582.75575544,6213511.407624478,0.99975262
2026-06-17,suilend,USDSUI,0.339236938676169,4.249470033499888,9.978801339995496,10064623.20189753,1004160.387608089,9060462.814289441,0.99982708
2026-06-17,suilend,USDT,2.637537008759332,6.26377534627923,52.6327768009921,2487411.762888904,1322461.266290101,1164950.496598803,0.99911143
2026-06-17,suilend,WAL,0.3565890600641956,20.97162288750576,2.42905721876438,1627591.067996854,39413.5088869028,1588177.559109951,0.03463357
2026-06-17,suilend,WBTC,0.1352249992946116,0.8222668911882256,20.55667227970564,3654799.844415541,749963.5712051673,2904836.273210374,64844.98499999
2026-06-17,suilend,WETH,4.266495450523568,92.0460898702177,92.7033715743936,1011.467540015593,937.8342905641103,73.6332494514825,1755.710025
2026-06-17,suilend,XBTC,0.1351365643230743,0.84890887519777,21.22272187994425,4957760.778198107,1063399.814456973,3894360.963741134,64844.98499999
2026-06-17,suilend,sSUI,0,0,0,47996140.20297936,0,47996140.20297936,0.8109721427500369
2026-06-17,suilend,wUSDC,5.784354040224203,12.31866775120081,58.69500406700303,41007.48306095255,24070.23919810204,16937.24386285052,0.99975262
2026-06-17,suilend,wUSDT,0.3143621366199061,8.707640513763195,36.1018735168426,20809.6807768997,7512.990370920944,13296.69040597876,0.99911143
2026-06-18,alphalend,ALPHA,1.360254574372891e-13,0.000001374497167842405,0.00001099597734273924,6852582.85361147,0.7535084579755514,6852582.100103011,0.7535084579755514
2026-06-18,alphalend,BLUE,1.637694507510308,2.815175355293832,72.71725118431277,521431.279222218,379170.4930655956,142260.7861566225,0.01129388331161719
2026-06-18,alphalend,BTCVC,0,20,0,3533842.349673227,0,3533842.349673227,64427.3927449
2026-06-18,alphalend,DEEP,2.483205530565131,6.397431591409263,51.75421823761653,3383522.863390731,1751115.806838891,1632407.05655184,0.01736259272809134
2026-06-18,alphalend,EBTC,4.165566309456991e-7,0.007215925364650912,0.007215925364650911,723487.783446334,52.20633847585466,723435.5771078581,67036.915232809
2026-06-18,alphalend,EEARN,0,0,0,1127714.996953564,0,1127714.996953564,1.020551939931581
2026-06-18,alphalend,EGUSDC,0.001085895690487501,0.152542431367765,0.8898308496452961,1338880.678095053,11913.77331362991,1326966.904781423,1.062203381
2026-06-18,alphalend,ESUI,7.398592102287995e-14,0.000003041091930188891,0.000003041091930188891,4549029.180255136,0.1383401593026768,4549029.041914975,0.8035683417920901
2026-06-18,alphalend,ETHIRD,0,0,0,6670640.195142373,0,6670640.195142373,1.03173075087855
2026-06-18,alphalend,IKA,0.006926081769945012,1.698784095800215,0.6795136383200862,316700.3590849895,2152.02213259119,314548.3369523984,0.002152139578427074
2026-06-18,alphalend,STSUI,0.3185946193221453,2.29072931374166,16.36235224101186,6125539.770343414,1002282.393886858,5123257.376456556,0.8009824722623372
2026-06-18,alphalend,SUI,2.157644291472527,4.266380738790094,59.49785554092571,13364067.66925693,7951333.676246045,5412733.993010886,0.7676198006209772
2026-06-18,alphalend,TBTC,0.3971644151345822,0.9096295206641619,54.57777123984972,2977219.063880747,1624899.809994029,1352319.253886718,64562.40936178699
2026-06-18,alphalend,USDC,6.717287701326832,9.730317904524082,81.21719650754014,34269918.73609512,27833067.24286868,6436851.493226433,0.9998143030993364
2026-06-18,alphalend,USDSUI,0.9943758171498537,5.149435741644848,25.74717870822424,7962418.554404086,2050098.134699226,5912320.41970486,0.9990846723454359
2026-06-18,alphalend,USDT,4.339520887731151,8.750987394101662,58.33991596067774,6543666.138918197,3817569.326192202,2726096.812725995,0.9990212097160011
2026-06-18,alphalend,WAL,0.9641129417331965,5.070471225262852,25.35235612631426,3616313.247968207,916820.6132679819,2699492.634700225,0.03449688540846804
2026-06-18,alphalend,WBTC,0.2369774175717484,1.293360650048815,21.55601083414692,5209592.33923151,1122980.289059632,4086612.050171878,64499.99424743186
2026-06-18,alphalend,XAUM,0.905484448522962,3.216891931259936,40.2111491407492,1403844.583839039,564502.0393118459,839342.5445271932,4213.258637399786
2026-06-18,alphalend,XBTC,1.664343135740806,2.27660344634939,91.38301723174695,7126731.817459445,6512622.564809358,614109.2526500877,64375.63761803331
2026-06-18,bucket,BKT-AF-AFSUI-SUI,0,0,0,1.204599521344154,0,1.204599521344154,1
2026-06-18,bucket,BKT-KRIYA-FOUNTAIN-1,0,0,0,1.823410605033047,0,1.823410605033047,1
2026-06-18,bucket,BKT-PSM-BLUEFIN_STABLE_LP,0,0,0,141005.9685856532,0,141005.9685856532,1
2026-06-18,bucket,BKT-PSM-BUCKETUS,0,0,0,968679.1002694035,0,968679.1002694035,1
2026-06-18,bucket,BKT-PSM-CETABLE,0,0,0,0.2378856821190895,0,0.2378856821190895,1
2026-06-18,bucket,BKT-PSM-FDUSD,0,0,0,0.07022805777598308,0,0.07022805777598308,1
2026-06-18,bucket,BKT-PSM-STAPEARL,0,0,0,0.0595641178002508,0,0.0595641178002508,1
2026-06-18,bucket,BKT-PSM-USDC_CIRCLE,0,0,0,59510.13609538112,0,59510.13609538112,1
2026-06-18,bucket,BKT-PSM-USDC_WORMHOLE,0,0,0,1.591648815879541,0,1.591648815879541,1
2026-06-18,bucket,BKT-PSM-USDT_WORMHOLE,0,0,0,0.1211306294021388,0,0.1211306294021388,1
2026-06-18,bucket,BKT-SAVE-AFSUI_S,0,0,0,1458007.899197537,0,1458007.899197537,1
2026-06-18,bucket,BKT-SAVE-HASUI_NAVI_POND,0,0,0,0.9353481763560042,0,0.9353481763560042,1
2026-06-18,bucket,BKT-SAVE-HASUI_S,0,0,0,2495378.113780393,0,2495378.113780393,1
2026-06-18,bucket,BKT-SAVE-NAVI_STSUI,0,0,0,691884.8703842798,0,691884.8703842798,1
2026-06-18,bucket,BKT-SAVE-NAVI_VSUI,0,0,0,0.7099889228811169,0,0.7099889228811169,1
2026-06-18,bucket,BKT-SAVE-SUI_NAVI_POND,0,0,0,1021844.734304493,0,1021844.734304493,1
2026-06-18,bucket,BKT-SAVE-VSUI_S,0,0,0,1535812.252573876,0,1535812.252573876,1
2026-06-18,bucket,BKT-SCOIN-NAVI_CIRCLE_USDC,0,0,0,0.7062357568583087,0,0.7062357568583087,1
2026-06-18,bucket,BKT-SCOIN-NAVI_SUI_BRIDGE_USDT,0,0,0,19227.52252799744,0,19227.52252799744,1
2026-06-18,bucket,BKT-SCOIN-SCALLOP_CIRCLE_USDC,0,0,0,0.9648314634764983,0,0.9648314634764983,1
2026-06-18,bucket,BKT-SCOIN-SCALLOP_SUI_BRIDGE_USDT,0,0,0,0.3026154959817831,0,0.3026154959817831,1
2026-06-18,bucket,BKT-SCOIN-SCALLOP_USDC,0,0,0,0.5511408040952052,0,0.5511408040952052,1
2026-06-18,bucket,BKT-SCOIN-SCALLOP_USDT,0,0,0,0.1965410304773625,0,0.1965410304773625,1
2026-06-18,bucket,PSM-BUCK,0,0,0,2496991.741248595,2502558.070408,2496991.741248595,0.9977757442573558
2026-06-18,bucket,PSM-USDC,0,0,0,125434.6632616391,125468.274771,125434.6632616391,0.999732111488564
2026-06-18,bucket,PSM-USDSUI,0,0,0,161555.4718337287,161709.589722,161555.4718337287,0.999046946513585
2026-06-18,bucket,PSM-USDT,0,0,0,0,0,0,0.9987804544178196
2026-06-18,bucket,SAVING-USDB,0,0,0,8458020.566117,0,8458020.566117,1
2026-06-18,bucket,SUI,0,8,89.47297325333334,46892.65698020814,26841.891976,3158.108024000001,0.7692546012137496
2026-06-18,bucket,V1-AF_LP,0,0,0,0,0,0,0
2026-06-18,bucket,V1-BTC,0,0,1.230480451219479e-9,731.421615929003,9e-9,731.421615920003,64524.18270275494
2026-06-18,bucket,V1-CETUS,0,0,51.62530104881606,19.01807971970202,9.818140909,9.199938810702019,0.01901807971970202
2026-06-18,bucket,V1-COIN,0,0,0.06800524474983005,87.23751276222166,3e-9,87.23751275922166,0.9991308637874788
2026-06-18,bucket,V1-HAEDAL,0,0,100,28.73298519064326,50.493491719,0,0.01880733581253001
2026-06-18,bucket,V1-LBTC,0,0,37.7535193474564,1132.617791341906,427.603076987,705.0147143549062,64767.353062986
2026-06-18,bucket,V1-LP_TOKEN,0,0,0,0,1487.982953506,0,0
2026-06-18,bucket,V1-MUSD,0,0,69.39581552478074,72.7426860571641,50.480380224,22.26230583316409,1.002551882607775
2026-06-18,bucket,V1-NAVX,0,0,100,47.85155555764141,52.870769635,0,0.006733641926255635
2026-06-18,bucket,V1-SCA,0,0,100,1431.987921503641,1865.037219788,0,0.01234108720810372
2026-06-18,bucket,V1-SCALLOP_DEEP,0,0,15.49801050719203,8757.133625559125,1357.181489418,7399.952136141125,0.02214504666104784
2026-06-18,bucket,V1-SCALLOP_SB_USDT,0,0,66.1478031746551,531.7669326753633,351.752143974,180.0147887013633,1.131020046793246
2026-06-18,bucket,V1-SCALLOP_SCA,0,0,100,149.5602260456028,161.471204678,0,0.01654994520198125
2026-06-18,bucket,V1-SCALLOP_SUI,0,0,55.41730471441934,83141.29466772961,46074.664609529,37066.63005820062,0.8515672035179515
2026-06-18,bucket,V1-SCALLOP_USDC,0,0,52.04461953323659,13328.59341026027,6936.815729502,6391.777680758266,1.128771757822032
2026-06-18,bucket,V1-SCALLOP_WORMHOLE_USDC,0,0,67.40423135468895,643.741713728207,433.909154048,209.8325596802069,1.159479787736273
2026-06-18,bucket,V1-SCALLOP_WORMHOLE_USDT,0,0,52.62045485172755,2096.688682904417,1103.287121769,993.4015611354175,1.173306366908768
2026-06-18,bucket,V1-STSUI,0,0,90.08182460831925,40.30651427618486,36.308843496,3.997670780184855,0.7921296779980618
2026-06-18,bucket,V1-SUI,0,0,15.69778591776573,0,3017.794346294,0,0
2026-06-18,bucket,V1-TBTC,0,0,90.89033283642806,316.8178801789902,287.95682578,28.86105439899018,64464.76311940369
2026-06-18,bucket,V1-TLP,0,0,0,0,12494.869472018,0,0
2026-06-18,bucket,V1-USDY,0,0,73.45812909690753,859.5408300353529,631.402612568,228.1382174673529,1.131465266555358
2026-06-18,bucket,V1-WAL,0,0,100,39905.33315270154,50584.022907858,0,0.03433649584872153
2026-06-18,bucket,V1-WETH,0,0,20.21953120259228,1549.038568123897,313.208336622,1235.830231501897,1752.872881037264
2026-06-18,bucket,V1-afSUI,0,0,53.66129678352227,6181.219938677525,3316.922776136,2864.297162541525,0.8179435929763288
2026-06-18,bucket,V1-haSUI,0,0,27.70780933670503,3269.49895294656,905.906536148,2363.592416798559,0.8277417365348626
2026-06-18,bucket,V1-sSUI,0,0,63.83645215016626,81.65870907013468,52.128022742,29.53068632813468,0.7907312739722772
2026-06-18,bucket,V1-vSUI,0,0,81.00264086339449,13313.95156597004,10784.652371709,2529.299194261042,0.8170183232233796
2026-06-18,bucket,V1PSM-AUSD,0,0,0,7.307956001,7.307956001,7.307956001,0.9993803575379381
2026-06-18,bucket,V1PSM-BLUEFIN_STABLE_LP,0,0,0,282087.505173162,282087.505173162,282087.505173162,1
2026-06-18,bucket,V1PSM-BUCKETUS,0,0,0,1937877.33561359,1937877.33561359,1937877.33561359,1
2026-06-18,bucket,V1PSM-CETABLE,0,0,0,0.238021,0.238021,0.238021,1
2026-06-18,bucket,V1PSM-COIN,0,0,0,1019.758977,1019.758977,1019.758977,0.999732111488564
2026-06-18,bucket,V1PSM-FDUSD,0,0,0,0.070352,0.070352,0.070352,0.9982382558560251
2026-06-18,bucket,V1PSM-SCABLE,0,0,0,854.607426626,854.607426626,854.607426626,1
2026-06-18,bucket,V1PSM-STAPEARL,0,0,0,0.059598,0.059598,0.059598,1
2026-06-18,bucket,V1PSM-USDC,0,0,0,59526.082350565,59526.082350565,59526.082350565,0.999732111488564
2026-06-18,bucket,V1PSM-USDT,0,0,0,0.057134295,0.057134295,0.057134295,0.9987804544178196
2026-06-18,bucket,WBTC,0,9,27.05391000444445,190083.465881931,48697.038008,131302.961992,64526.29717826806
2026-06-18,bucket,XBTC,0,9,88.64085444166668,193125.6150252708,106369.02533,13630.97467,64368.39783579115
2026-06-18,bucket,afSUI,0,9,75.843725805,27570.23407135614,15168.745161,4831.254838999999,0.8179435929763288
2026-06-18,bucket,haSUI,0,9,81.63133210877777,4693820.464821949,1469363.977958,330636.022042,0.8277417365348626
2026-06-18,bucket,vSUI,0,9,3.193263338,193731.2304043821,6386.526676,193613.473324,0.8170183232233796
2026-06-18,navi,AUSD,1.6618,5.566300000000001,42.67191967184213,2424.906967561503,1034.754353314748,1390.152614246756,0.999638
2026-06-18,navi,BLUE,2.1173,13.4716,22.45362454924426,21707.8691178496,4874.203429363291,16833.66568848631,0.01129007
2026-06-18,navi,BUCK,0.0395,0.5816,9.693901060220993,20385670.73021814,1976166.751049777,18409503.97916836,0.99844152
2026-06-18,navi,CETUS,0.4744,5.2065,13.01660211792434,179909.4718294663,23418.10012050081,156491.3717089655,0.01913653
2026-06-18,navi,DEEP,4.6869,13.0314,51.37988088311113,5659023.723435826,2907601.385166836,2751422.33826899,0.017423
2026-06-18,navi,FDUSD,0.1056,4.5769,3.078254968154975,25737.57814484779,792.2682779265463,24945.30986692124,0.998281
2026-06-18,navi,HAEDAL,0.0342,30.1297,0.1622240912458544,79156.51146147984,128.4109313803063,79028.10053009953,0.01889321
2026-06-18,navi,IKA,1.5236,32.1294,15.81616352643199,165399.6418184674,26159.87782214159,139239.7639963258,0.00215348
2026-06-18,navi,LBTC,0.005500000000000001,0.2955,3.693255565639102,2998743.32831078,110751.2548720691,2887992.073438711,64916.22720349
2026-06-18,navi,MBTC,0,0,0,19379274.56709768,0,19379274.56709768,64599.72894199
2026-06-18,navi,NAVX,0.006000000000000001,0.7745000000000001,0.9681742523586155,1644198.755087475,15918.7101555865,1628280.044931888,0.0067337
2026-06-18,navi,NS,0.5638,12.9112,7.278704391839053,264196.6670064172,19230.11610981611,244966.5508966011,0.012268
2026-06-18,navi,SOL,0.1319,6.6709,2.825443389874776,47151.92042473074,1332.25081883957,45819.66960589118,72.36183229
2026-06-18,navi,SUI,1.76,2.6564,82.8193687792081,22098920.77699164,18302198.12033954,3796722.656652098,0.76805246
2026-06-18,navi,USDC,5.8632,8.7353,83.9014138260378,25374463.99646458,21289545.95597515,4084918.040489435,0.999756
2026-06-18,navi,USDSUI,1.1002,2.872533333333333,47.87582694664025,4448103.185650665,2129599.909374916,2318503.276275749,0.999756
2026-06-18,navi,USDY,0.007700000000000001,0.2478,4.129657111681996,2273060.331100669,93869.5976161211,2179190.733484548,1.134898
2026-06-18,navi,WAL,5.447500000000001,13.4211,57.98470441370483,4239585.802790213,2458312.603095702,1781273.199694511,0.0344088
2026-06-18,navi,WBTC,0.06016000000000001,0.28748,39.21055873620194,30802.46602249798,938.725524915701,29863.74049758228,64599.72894199
2026-06-18,navi,WETH,0.001,0.515,9.661897995038945,165111.3879492079,15952.89388184549,149158.4940673624,1756.55503009
2026-06-18,navi,XAUm,0.0094,8.0334,0.1671745516486563,1285814.537097,2149.554687425154,1283664.982409574,4327.63100001
2026-06-18,navi,YBTC.B,0,0,0,4134.380714295492,0,4134.380714295492,64599.72894199
2026-06-18,navi,enzoBTC,0,0,0,28100882.08976565,0,28100882.08976565,64599.72894199
2026-06-18,navi,haSUI,0.0141,0.2685,8.063521831024142,18155326.15242837,1463958.687794697,16691367.46463368,0.76849703
2026-06-18,navi,stBTC,0.0002,0.2499,3.124426360618276,32642.05793875845,1019.87706288686,31622.18087587159,64599.72894199
2026-06-18,navi,stSUI,0.0202,0.5803,4.3529988682643,10252.72998667751,446.3012202862665,9806.428766391244,0.76849703
2026-06-18,navi,suiETH,0.1236,1.2839,16.04926377565665,1610131.189787839,258414.201783169,1351716.98800467,1756.55503009
2026-06-18,navi,suiUSDT,5.2805,8.4573,78.04830303900371,5127159.58898397,4001661.053303545,1125498.535680424,0.999085
2026-06-18,navi,suiUSDe,0.599,2.1195,35.32686392175584,681901.1748817691,240894.3001313368,441006.8747504323,0.999756
2026-06-18,navi,vSUI,0.008,0.4053,3.040759702359603,12318101.24531331,374563.8587633438,11943537.38654997,0.76849703
2026-06-18,navi,wBTC,0.4979,1.2222,81.47893823941418,8299540.028576999,6762377.09403971,1537162.934537288,64599.72894199
2026-06-18,navi,wUSDC,1.4515,19.4711,93.18750332563924,2160420.554613115,2013241.97617789,147178.5784352246,0.999756
2026-06-18,navi,wUSDT,1.4094,29.3271,96.11809991757333,1163505.860377338,1118339.725424312,45166.13495302703,0.999085
2026-06-18,navi,xBTC,0.2709,0.4918,78.69249195373102,10381167.73889576,8169199.587633868,2211968.151261894,64599.72894199
2026-06-18,scallop,CETUS,0.5920992254762725,22.86465284403711,4.777025218242487,69972.29394525274,3342.594127547484,66629.69981770526,0.01909403
2026-06-18,scallop,DEEP,6.516442816399715,27.86098490728524,36.68499849200918,132686.7489885474,48676.13186554462,84010.61712300277,0.01745802
2026-06-18,scallop,SBETH,1.20234910986825,6.659921989329431,23.16958100986168,607492.6671755491,140753.5056502083,466739.1615253408,1760.015
2026-06-18,scallop,SCA,5.303855454221229,25.66893347170283,22.84184672830173,298949.6763058953,68285.62685654676,230664.0494493485,0.01235129
2026-06-18,scallop,SUI,2.916283313817458,8.174102730568578,45.72843623669486,3883457.20405062,1775844.251333621,2107612.952716999,0.77001269
2026-06-18,scallop,USDC,5.7957629153363,9.703412942673717,76.04106926976661,2998391.669086536,2280009.086069005,718382.5830175319,0.99975033
2026-06-18,scallop,USDSUI,6.830501162035296,10.38625914273916,83.5779100279787,459308.4845561794,383880.4319732361,75428.0525829433,0.99975033
2026-06-18,scallop,USDT,5.620092482866523,9.581733464996534,74.69313467989794,919371.213039664,686707.1783639276,232664.0346757363,0.99907051
2026-06-18,scallop,USDY,2.060484867134083,6.52489368996978,40.33128322476557,629943.9382372599,254064.4738877116,375879.4643495483,1.13656811
2026-06-18,scallop,WBTC,0,5.126749587580526,0,126.2424366511173,0,126.2424366511173,64675.03606707
2026-06-18,scallop,WETH,0.5742729490571419,5.94421586107321,12.3953207097335,8863.310251117655,1098.635731124719,7764.674519992936,1760.015
2026-06-18,scallop,afSUI,0.1399521330942344,5.347427852244024,3.355612395838285,116692.7156386475,3915.755231010777,112776.9604076367,0.77001269
2026-06-18,scallop,haSUI,0.3190847591852064,5.607323820846855,7.298586998625169,58218.85731538159,4249.153950768578,53969.70336461301,0.77001269
2026-06-18,scallop,vSUI,0.9383055392212736,6.374982433883192,18.88875646009246,25133.69683822626,4747.442785190519,20386.25405303575,0.77001269
2026-06-18,scallop,wUSDC,1.467185215502043,5.932796681115637,31.58773949079128,168708.8621740789,53291.31588142615,115417.5462926527,0.99975033
2026-06-18,scallop,wUSDT,1.075566510274006,5.374213673000838,25.54460387104452,73759.6982876381,18841.62274405476,54918.07554358334,0.99907051
2026-06-18,suilend,AUSD,0.039676772955039,4.090925571715428,1.21234095620571,1664008.131764402,20173.45209597333,1643834.679668429,0.9997092000000001
2026-06-18,suilend,BTC,0.06452847842487812,0.5680161900196073,14.20040475049018,2170303.574456592,308191.8918871922,1862111.6825694,64515.12
2026-06-18,suilend,COIN,1.961730940208349,8.929284319048238,29.29284319048238,542211.969488583,158829.3019823168,383382.6675062662,72.30160319
2026-06-18,suilend,DEEP,0.2712996543523954,27.1419138167922,1.427942544528136,6126085.491232367,87476.9810434724,6038608.510188894,0.01740656
2026-06-18,suilend,ETH,0.03949734340415521,1.111088535433275,4.443541417331001,4626324.698530487,205572.6540794157,4420752.044451071,1754.245
2026-06-18,suilend,LBTC,0,3,0,3707798.354933203,0,3707798.354933203,64515.12
2026-06-18,suilend,SEND,0.001186413762497807,50.00126547598475,0.003163689961854088,495492.4218112931,15.67584401059159,495476.7459672825,0.04959239
2026-06-18,suilend,SUI,0.9478895018350736,2.346518798383482,50.49445493938058,42989316.47305194,21707221.03523292,21282095.43781901,0.76723152
2026-06-18,suilend,USDC,4.119817971722538,6.540062691287059,78.7419434298988,30119475.23455634,23716660.15057673,6402815.083979608,0.99975188
2026-06-18,suilend,USDSUI,0.3390278302715851,4.24932478081728,9.972991232691188,10068143.15074082,1004095.033718181,9064048.117022643,0.9997092000000001
2026-06-18,suilend,USDT,2.724007558200252,6.318009023358775,53.89370979309152,2487486.317721203,1340598.657215523,1146887.660505679,0.99909848
2026-06-18,suilend,WAL,0.3551222601726662,20.9678029058374,2.419507264593488,1614781.834456471,39069.7637920103,1575712.070664461,0.03432238
2026-06-18,suilend,WBTC,0.1359311992512138,0.8244125158293445,20.61031289573361,3638161.624961674,749836.4945571074,2888325.130404566,64515.12
2026-06-18,suilend,WETH,3.930584209660457,85.025110044166,92.45702140505844,1015.783065538366,939.1627663337663,76.6202992046,1754.245
2026-06-18,suilend,XBTC,0.1376115994988783,0.8566962884597344,21.41740721149336,4939915.595982701,1058001.839095684,3881913.756887016,64515.12
2026-06-18,suilend,sSUI,0,0,0,45909084.96458706,0,45909084.96458706,0.791743489610963
2026-06-18,suilend,wUSDC,5.785690502368401,12.320260367415,58.70097637780624,41011.21489246736,24073.98356627862,16937.23132618874,0.99975188
2026-06-18,suilend,wUSDT,0.3144080050415721,8.707941868845364,36.10589158460486,20810.24117944087,7513.723118743715,13296.51806069715,0.99909848
2026-06-19,alphalend,ALPHA,1.360254574372891e-13,0.000001374497167842405,0.00001099597734273924,6472230.509775434,0.7116850004247632,6472229.798090433,0.7116850004247632
2026-06-19,alphalend,BLUE,1.638128137053498,2.815835543701701,72.719451812339,486713.4266892176,353935.3357854495,132778.0909037681,0.01054147209310984
2026-06-19,alphalend,BTCVC,0,20,0,3444289.499036199,0,3444289.499036199,62794.70625
2026-06-19,alphalend,DEEP,2.728965707411394,6.973755405881136,52.17591858966912,3306208.794200805,1725044.808866693,1581163.985334112,0.01710112053876639
2026-06-19,alphalend,EBTC,4.165566309456991e-7,0.007215925364650912,0.007215925364650911,703588.1415056825,50.77039516558449,703537.371110517,65193.054644612
2026-06-19,alphalend,EEARN,0,0,0,1143130.104407116,0,1143130.104407116,1.020910305473575
2026-06-19,alphalend,EGUSDC,0.001096115306769167,0.1532585565149743,0.89400824633735,1332742.739196538,11914.82999087933,1320827.909205659,1.062297642
2026-06-19,alphalend,ESUI,7.515664121625902e-14,0.000003065057936162443,0.000003065057936162444,4230968.148217337,0.1296816250034406,4230968.018535712,0.7532740231773183
2026-06-19,alphalend,ETHIRD,0,0,0,6688178.945120097,0,6688178.945120097,1.036224024582484
2026-06-19,alphalend,IKA,0.006765683116290958,1.678998103568881,0.6715992414275525,303973.4807991458,2041.48359118799,301931.9972079578,0.002051184334144091
2026-06-19,alphalend,STSUI,0.3113822324641499,2.264651967677075,16.17608548340768,5746206.00570031,929511.195534788,4816694.810165522,0.7495704465304575
2026-06-19,alphalend,SUI,2.245953075108254,4.378892321244698,60.34169240933524,12626072.17149163,7618785.633102152,5007286.538389475,0.729412048702215
2026-06-19,alphalend,TBTC,0.3971758798927736,0.9096426494929818,54.57855896957891,2894987.489710528,1580042.454233593,1314945.035476936,62778.48901401422
2026-06-19,alphalend,USDC,6.854393624719701,9.895400150027115,81.49233358337852,34036435.46551888,27737085.52945199,6299349.936066882,0.9999667722525512
2026-06-19,alphalend,USDSUI,1.033064119258851,5.248654733697899,26.2432736684895,7810621.915688334,2049762.884545106,5760859.031143227,0.9994770869691336
2026-06-19,alphalend,USDT,4.740651762374515,9.146505371588182,60.97670247725454,6252697.240061504,3812688.592875809,2440008.647185695,0.9990316032912696
2026-06-19,alphalend,WAL,0.8745548820620861,4.829230116867039,24.14615058433519,4042370.485269214,976076.8645498259,3066293.620719389,0.03858944111190275
2026-06-19,alphalend,WBTC,0.2369907808887123,1.293397116275937,21.55661860459895,5067303.296051423,1092339.245068077,3974964.050983346,62737.91590543021
2026-06-19,alphalend,XAUM,0.9003594651125313,3.207775312958956,40.09719141198696,1396221.265038471,559845.5131773413,836375.7518611295,4178.134109826879
2026-06-19,alphalend,XBTC,1.966340403227658,2.637598886999427,93.18799443499714,6830575.126118897,6365275.968405976,465299.1577129209,62915.22784730448
2026-06-19,bucket,BKT-AF-AFSUI-SUI,0,0,0,1.139881584671673,0,1.139881584671673,1
2026-06-19,bucket,BKT-KRIYA-FOUNTAIN-1,0,0,0,1.775368319700704,0,1.775368319700704,1
2026-06-19,bucket,BKT-PSM-BLUEFIN_STABLE_LP,0,0,0,141038.9749969752,0,141038.9749969752,1
2026-06-19,bucket,BKT-PSM-BUCKETUS,0,0,0,968905.8468471773,0,968905.8468471773,1
2026-06-19,bucket,BKT-PSM-CETABLE,0,0,0,0.237918055076477,0,0.237918055076477,1
2026-06-19,bucket,BKT-PSM-FDUSD,0,0,0,0.07017029039645604,0,0.07017029039645604,1
2026-06-19,bucket,BKT-PSM-STAPEARL,0,0,0,0.05957222365441654,0,0.05957222365441654,1
2026-06-19,bucket,BKT-PSM-USDC_CIRCLE,0,0,0,59524.0661158582,0,59524.0661158582,1
2026-06-19,bucket,BKT-PSM-USDC_WORMHOLE,0,0,0,1.591930224980591,0,1.591930224980591,1
2026-06-19,bucket,BKT-PSM-USDT_WORMHOLE,0,0,0,0.1211352366428055,0,0.1211352366428055,1
2026-06-19,bucket,BKT-SAVE-AFSUI_S,0,0,0,1374657.080545342,0,1374657.080545342,1
2026-06-19,bucket,BKT-SAVE-HASUI_NAVI_POND,0,0,0,0.8854417122586513,0,0.8854417122586513,1
2026-06-19,bucket,BKT-SAVE-HASUI_S,0,0,0,2362234.64764367,0,2362234.64764367,1
2026-06-19,bucket,BKT-SAVE-NAVI_STSUI,0,0,0,658355.9027819829,0,658355.9027819829,1
2026-06-19,bucket,BKT-SAVE-NAVI_VSUI,0,0,0,0.6725319359641497,0,0.6725319359641497,1
2026-06-19,bucket,BKT-SAVE-SUI_NAVI_POND,0,0,0,970449.1002145859,0,970449.1002145859,1
2026-06-19,bucket,BKT-SAVE-VSUI_S,0,0,0,1454787.186410681,0,1454787.186410681,1
2026-06-19,bucket,BKT-SCOIN-NAVI_CIRCLE_USDC,0,0,0,0.706401071192978,0,0.706401071192978,1
2026-06-19,bucket,BKT-SCOIN-NAVI_SUI_BRIDGE_USDT,0,0,0,19231.95069593154,0,19231.95069593154,1
2026-06-19,bucket,BKT-SCOIN-SCALLOP_CIRCLE_USDC,0,0,0,0.9650573094067044,0,0.9650573094067044,1
2026-06-19,bucket,BKT-SCOIN-SCALLOP_SUI_BRIDGE_USDT,0,0,0,0.3026851894242801,0,0.3026851894242801,1
2026-06-19,bucket,BKT-SCOIN-SCALLOP_USDC,0,0,0,0.55123824772516,0,0.55123824772516,1
2026-06-19,bucket,BKT-SCOIN-SCALLOP_USDT,0,0,0,0.1965485059757792,0,0.1965485059757792,1
2026-06-19,bucket,PSM-BUCK,0,0,0,2487381.940354185,2499367.982194,2487381.940354185,0.9952043708948797
2026-06-19,bucket,PSM-USDC,0,0,0,116013.7354426341,116017.665321,116013.7354426341,0.9999661268966671
2026-06-19,bucket,PSM-USDSUI,0,0,0,161454.3152544921,161709.589722,161454.3152544921,0.9984214017984537
2026-06-19,bucket,PSM-USDT,0,0,0,0,0,0,0.9990104771664607
2026-06-19,bucket,SAVING-USDB,0,0,0,8411222.776795,0,8411222.776795,1
2026-06-19,bucket,SUI,0,8,87.39102629,43304.82277817259,26217.307887,3782.692113000001,0.7305634706743638
2026-06-19,bucket,V1-AF_LP,0,0,0,0,0,0,0
2026-06-19,bucket,V1-BTC,0,0,1.265650031943679e-9,711.0970468019945,9e-9,711.0970467929944,62731.20012862062
2026-06-19,bucket,V1-CETUS,0,0,53.44508082538908,18.37052308158526,9.818140909,8.552382172585261,0.01837052308158526
2026-06-19,bucket,V1-COIN,0,0,0.0679932233093726,87.24083086779453,3e-9,87.24083086479453,0.9991688660365365
2026-06-19,bucket,V1-HAEDAL,0,0,100,27.01796760055039,50.493491719,0,0.01768476147758843
2026-06-19,bucket,V1-LBTC,0,0,38.85758858922222,1100.436472029565,427.603076987,672.8333950425655,62927.10396406832
2026-06-19,bucket,V1-LP_TOKEN,0,0,0,0,1487.982953506,0,0
2026-06-19,bucket,V1-MUSD,0,0,69.81510554078066,72.30581381061324,50.480380224,21.82543358661324,0.9965308361359075
2026-06-19,bucket,V1-NAVX,0,0,100,47.49408243872492,52.870769635,0,0.006683338525394488
2026-06-19,bucket,V1-SCA,0,0,100,1360.089829482743,1865.037219788,0,0.01172145864112917
2026-06-19,bucket,V1-SCALLOP_DEEP,0,0,15.7213156762208,8632.74752170264,1357.181489418,7275.566032284641,0.02183049898007513
2026-06-19,bucket,V1-SCALLOP_SB_USDT,0,0,66.15051073870842,531.7451672647023,351.752143974,179.9930232907024,1.130973753738391
2026-06-19,bucket,V1-SCALLOP_SCA,0,0,100,142.0136434394967,161.471204678,0,0.01571486001994095
2026-06-19,bucket,V1-SCALLOP_SUI,0,0,58.54539236566364,78699.04487402733,46074.664609529,32624.38026449833,0.8060678611121189
2026-06-19,bucket,V1-SCALLOP_USDC,0,0,52.03235984148027,13331.73384915739,6936.815729502,6394.918119655386,1.12903771527344
2026-06-19,bucket,V1-SCALLOP_WORMHOLE_USDC,0,0,67.39534131686352,643.8266289177886,433.909154048,209.9174748697886,1.159632733310394
2026-06-19,bucket,V1-SCALLOP_WORMHOLE_USDT,0,0,52.62844545085611,2096.370341775035,1103.287121769,993.0832200060349,1.173128223306907
2026-06-19,bucket,V1-STSUI,0,0,94.6695416259463,38.35324738284014,36.308843496,2.044403886840136,0.7537428141609273
2026-06-19,bucket,V1-SUI,0,0,16.52915117007291,0,3017.794346294,0,0
2026-06-19,bucket,V1-TBTC,0,0,93.27559096668084,308.7161633560291,287.95682578,20.75933757602917,62816.26002495206
2026-06-19,bucket,V1-TLP,0,0,0,0,12494.869472018,0,0
2026-06-19,bucket,V1-USDY,0,0,73.3085443926904,861.2947069113505,631.402612568,229.8920943433505,1.133774000122936
2026-06-19,bucket,V1-WAL,0,0,100,44809.15371898437,50584.022907858,0,0.03855598234875207
2026-06-19,bucket,V1-WETH,0,0,20.7016179902026,1512.965492698354,313.208336622,1199.757156076354,1712.05303513399
2026-06-19,bucket,V1-afSUI,0,0,56.91499043566611,5827.854403112454,3316.922776136,2510.931626976454,0.7711837173107595
2026-06-19,bucket,V1-haSUI,0,0,29.2695143848569,3095.051473135088,905.906536148,2189.144936987088,0.7835767247237584
2026-06-19,bucket,V1-sSUI,0,0,67.89594813074886,76.77633817207443,52.128022742,24.64831543007443,0.7434534832235582
2026-06-19,bucket,V1-vSUI,0,0,85.51412157800206,12611.54552335749,10784.652371709,1826.893151648488,0.7739147709598961
2026-06-19,bucket,V1PSM-AUSD,0,0,0,7.307956001,7.307956001,7.307956001,0.9997460407746712
2026-06-19,bucket,V1PSM-BLUEFIN_STABLE_LP,0,0,0,282087.505173162,282087.505173162,282087.505173162,1
2026-06-19,bucket,V1PSM-BUCKETUS,0,0,0,1937877.33561359,1937877.33561359,1937877.33561359,1
2026-06-19,bucket,V1PSM-CETABLE,0,0,0,0.238021,0.238021,0.238021,1
2026-06-19,bucket,V1PSM-COIN,0,0,0,1019.758977,1019.758977,1019.758977,0.9999661268966671
2026-06-19,bucket,V1PSM-FDUSD,0,0,0,0.070352,0.070352,0.070352,0.9974171366337282
2026-06-19,bucket,V1PSM-SCABLE,0,0,0,854.607426626,854.607426626,854.607426626,1
2026-06-19,bucket,V1PSM-STAPEARL,0,0,0,0.059598,0.059598,0.059598,1
2026-06-19,bucket,V1PSM-USDC,0,0,0,59526.082350565,59526.082350565,59526.082350565,0.9999661268966671
2026-06-19,bucket,V1PSM-USDT,0,0,0,0.057134295,0.057134295,0.057134295,0.9990104771664607
2026-06-19,bucket,WBTC,0,9,27.088179355,185008.8171549252,48758.722839,131241.277161,62834.68540789687
2026-06-19,bucket,XBTC,0,9,88.64085444166668,188760.7144552893,106369.02533,13630.97467,62913.58483045532
2026-06-19,bucket,afSUI,0,9,74.88307455,25627.43855026334,14976.61491,5023.38509,0.7711837173107595
2026-06-19,bucket,haSUI,0,9,81.63133210877777,4443376.845613033,1469363.977958,330636.022042,0.7835767247237584
2026-06-19,bucket,vSUI,0,9,3.9732461855,186170.5399099495,7946.492371,192053.507629,0.7739147709598961
2026-06-19,navi,AUSD,1.6618,5.566300000000001,42.67564856529746,2425.516484036762,1035.105268121859,1390.411215914903,0.999824
2026-06-19,navi,BLUE,2.1616,13.6116,22.68668703429885,20434.72426397828,4635.967514574292,15798.75674940399,0.01073426
2026-06-19,navi,BUCK,0.0395,0.5816,9.693861217579993,20397336.02990342,1977289.565490108,18420046.46441332,0.99901131
2026-06-19,navi,CETUS,0.4754,5.212,13.03025782713003,172442.6776548972,22469.73714017639,149972.9405147208,0.01835893
2026-06-19,navi,DEEP,4.6244,12.9986,50.82315455507234,5634310.313725404,2863527.020238248,2770783.293487156,0.017153
2026-06-19,navi,FDUSD,0.1057,4.577,3.078859520337808,25712.59833151456,791.6551829203986,24920.94314859416,0.997383
2026-06-19,navi,HAEDAL,0.0343,30.1302,0.1627999677488752,74290.24982459453,120.9449184537697,74169.30490614075,0.01778
2026-06-19,navi,IKA,1.5263,32.1532,15.82455550432668,158241.395611206,25041.07491840027,133200.3206928057,0.00206143
2026-06-19,navi,LBTC,0.005500000000000001,0.2955,3.693233967254976,2918912.896852194,107802.2860855722,2811110.610766622,63187.19253369
2026-06-19,navi,MBTC,0,0,0,18887234.2386114,0,18887234.2386114,62959.54
2026-06-19,navi,NAVX,0.006000000000000001,0.7749,0.9685747579734637,1625084.180530385,15740.15654851286,1609344.023981872,0.00665803
2026-06-19,navi,NS,0.5641,12.9125,7.281608012872742,259188.4863260893,18873.11535881297,240315.3709672763,0.012036
2026-06-19,navi,SOL,0.1322,6.6722,2.830266855022314,45405.43866384332,1285.096032868498,44120.34263097482,69.7877986
2026-06-19,navi,SUI,1.7954,2.6768,83.83967822299304,20750315.05540016,17396988.43123327,3353326.624166887,0.72940561
2026-06-19,navi,USDC,5.8182,8.7142,83.45770265564875,25236218.01407637,21061560.59909113,4174657.414985234,0.999845
2026-06-19,navi,USDSUI,1.1074,2.882,48.03284648024621,4433484.615404797,2129529.223460757,2303955.39194404,0.999845
2026-06-19,navi,USDY,0.0068,0.2332,3.886317952549193,2279015.639027954,88569.79618902512,2190445.842838929,1.136042
2026-06-19,navi,WAL,5.506233333333333,13.4504,58.48168771823968,4709847.330385463,2754414.226673814,1955433.103711649,0.03852806
2026-06-19,navi,WBTC,0.06106,0.2888,39.47924755345209,30020.392994601,914.8973892755705,29105.49560532543,62959.54
2026-06-19,navi,WETH,0.001,0.515,9.66202104375054,161036.8246849251,15559.41271637335,145477.4119685518,1713.2050125
2026-06-19,navi,XAUm,0.0084,8.03,0.150253398627446,1195222.672770169,1795.864332269905,1193426.808437899,4207.08300001
2026-06-19,navi,YBTC.B,0,0,0,4029.4086712138,0,4029.4086712138,62959.54
2026-06-19,navi,enzoBTC,0,0,0,27387399.9,0,27387399.9,62959.54
2026-06-19,navi,haSUI,0.0142,0.2695,8.092622210178439,17169963.40453409,1389500.311277261,15780463.09325683,0.72940561
2026-06-19,navi,stBTC,0.0002,0.2499,3.124447391401437,31813.2787106399,993.9891851627344,30819.28952547716,62959.54
2026-06-19,navi,stSUI,0.0202,0.5803,4.353078769145924,9731.176578961207,423.6058085100328,9307.570770451173,0.72940561
2026-06-19,navi,suiETH,0.1246,1.2888,16.11054790261334,1568252.07454393,252654.0329158909,1315598.041628039,1713.2050125
2026-06-19,navi,suiUSDT,4.9206,8.279,74.29376569725895,5388600.862413201,4003395.472592166,1385205.389821035,0.998896
2026-06-19,navi,suiUSDe,0.6005,2.1221,35.3691297982858,681975.9465811016,241208.9955406223,440766.9510404794,0.999845
2026-06-19,navi,vSUI,0.0071,0.3828,2.871636571556586,11734111.64462828,336961.0507765099,11397150.59385177,0.72940561
2026-06-19,navi,wBTC,0.4981,1.2224,81.49097089054457,8087881.553450679,6590893.372705961,1496988.180744719,62959.54
2026-06-19,navi,wUSDC,1.4523,19.4804,93.1908873072715,2161689.796412254,2014498.207428911,147191.5889833426,0.999845
2026-06-19,navi,wUSDT,1.4114,29.361,96.14072350588174,1162454.670311553,1117592.475162167,44862.19514938589,0.998896
2026-06-19,navi,xBTC,0.4119,0.7348,80.0782667860181,9944305.891594635,7963227.9350927,1981077.956501936,62959.54
2026-06-19,scallop,CETUS,0.5750772293433792,22.84421177658704,4.643837996688862,67186.6252803723,3120.038033462893,64066.5872469094,0.01833412
2026-06-19,scallop,DEEP,6.045869442302321,27.51180990200854,34.49579865894323,137475.7943917151,47423.37323814882,90052.4211535663,0.01716174
2026-06-19,scallop,SBETH,1.202563560011338,6.66014585417849,23.1729345705976,589927.1785721757,136703.4391047028,453223.7394674729,1709.07144137
2026-06-19,scallop,SCA,5.29139101700542,25.66163253961387,22.79532169417407,284651.4070986251,64887.20395512467,219764.2031435005,0.01172999
2026-06-19,scallop,SUI,2.98606105027952,8.227316834505638,46.51549073462278,3545944.948737895,1649413.694085,1896531.254652895,0.7279845500000001
2026-06-19,scallop,USDC,4.981612025218451,9.123169880592208,69.59982687777931,3130447.303369097,2178785.903645002,951661.3997240947,0.99980114
2026-06-19,scallop,USDSUI,15.38946553844893,21.62530334421091,91.38849908842379,423005.4372173516,386578.3201353624,36427.11708198919,0.99980114
2026-06-19,scallop,USDT,4.864331411186273,9.035917429202334,68.62829174789114,955458.2494149037,655714.6749377536,299743.5744771501,0.99891618
2026-06-19,scallop,USDY,2.061731080139251,6.526282347212553,40.34710789680594,629326.1090979906,253914.8842605369,375411.2248374536,1.13667675
2026-06-19,scallop,WBTC,0,5.126749587580526,0,122.68793361825,0,122.68793361825,62854.035
2026-06-19,scallop,WETH,0.5743613069713271,5.944327083290823,12.39699701590624,8606.896903361338,1066.996752271831,7539.900151089507,1709.07144137
2026-06-19,scallop,afSUI,0.1381191970158513,5.344647254804435,3.313373529118075,111745.7654152563,3702.554611179482,108043.2108040768,0.7279845500000001
2026-06-19,scallop,haSUI,0.2899072091154142,5.566476849901836,6.679523194567349,60151.37925899654,4017.825329456848,56133.5539295397,0.7279845500000001
2026-06-19,scallop,vSUI,0.9384662817300882,6.375162438645288,18.89145997978701,23762.47743055974,4489.078914000114,19273.39851655963,0.7279845500000001
2026-06-19,scallop,wUSDC,1.467442269221619,5.933141200003367,31.59145092247074,168724.1408904886,53302.4041637791,115421.7367267095,0.99980114
2026-06-19,scallop,wUSDT,1.075741872421565,5.374481572463363,25.54750571617268,73750.45684446023,18841.40217804194,54909.0546664183,0.99891618
2026-06-19,suilend,AUSD,0.03968126402929237,4.090935639916881,1.212475198891745,1664143.818863765,20177.33107761311,1643966.487786152,0.9997893600000002
2026-06-19,suilend,BTC,0.06515233652350332,0.5707553614443902,14.26888403610976,2116423.637791653,301990.0345893065,1814433.603202346,62952.31704762
2026-06-19,suilend,COIN,1.962101740774232,8.929701218750942,29.29701218750943,523419.4136707011,153346.2494148957,370073.1642558054,69.79069509
2026-06-19,suilend,DEEP,0.2704102875430573,27.13540438854934,1.423602925699563,6033014.017308146,85886.16405826352,5947127.853249882,0.01714106
2026-06-19,suilend,ETH,0.03956919805715862,1.111272233893067,4.45088935572269,4511032.053113854,200781.0454852832,4310251.00762857,1713.30386005
2026-06-19,suilend,LBTC,0,3,0,3617140.866788447,0,3617140.866788447,62952.31704762
2026-06-19,suilend,SEND,0.001188427324587048,50.0012676236755,0.003169059188742995,497759.6233546454,15.77429708177292,497743.8490575636,0.04983554
2026-06-19,suilend,SUI,0.9380649505985891,2.337629769203243,50.16111634512161,41393074.27197959,20763228.14439028,20629846.12758931,0.72943953
2026-06-19,suilend,USDC,4.184966159289018,6.56890178768599,79.63595541826568,29606033.42167958,23577047.57680559,6028985.844873994,0.99981809
2026-06-19,suilend,USDSUI,0.341105314473414,4.250767448611566,10.03069794446264,10013600.83706614,1004434.053330287,9009166.783735849,0.9997893600000002
2026-06-19,suilend,USDT,2.844754244033422,6.3925365856295,55.62647561588589,2522617.277198463,1403243.084582927,1119374.192615536,0.99888899
2026-06-19,suilend,WAL,0.3571791795768057,20.97315992925284,2.432899823132115,1811312.325428094,44067.4143617103,1767244.911066384,0.03868968000000001
2026-06-19,suilend,WBTC,0.1282163172598961,0.8006757060754875,20.01689265188719,3641951.689448907,729005.5601105795,2912946.129338327,62952.31704762
2026-06-19,suilend,WETH,1.388125057213725,30.66003548442205,90.54947492927795,996.4404144682106,902.2715632840857,94.16885118412478,1713.30386005
2026-06-19,suilend,XBTC,0.131211188473746,0.8365363143302939,20.91340785825735,4812309.029141784,1006417.814664166,3805891.214477618,62952.31704762
2026-06-19,suilend,sSUI,0,0,0,43187208.679411,0,43187208.679411,0.7422391110710748
2026-06-19,suilend,wUSDC,5.787521879961794,12.3224424463721,58.70915917389537,41022.0588384834,24083.70581989424,16938.35301858917,0.99981809
2026-06-19,suilend,wUSDT,0.3143891827266006,8.707818208781273,36.1042427837503,20807.67270270789,7512.452670233795,13295.2200324741,0.99888899
2026-06-20,alphalend,ALPHA,1.360254574372891e-13,0.000001374497167842405,0.00001099597734273924,6360231.574616455,0.6993696228905727,6360230.875246832,0.6993696228905727
2026-06-20,alphalend,BLUE,1.638549360079667,2.816476809663854,72.72158936554618,497831.1652767943,362030.7357463039,135800.4295304905,0.01078182455914702
2026-06-20,alphalend,BTCVC,0,20,0,3474959.38465511,0,3474959.38465511,63353.86553632
2026-06-20,alphalend,DEEP,3.09823522775218,7.824104176274327,52.79812500703,3200025.92151023,1689553.686296335,1510472.235213895,0.01674619546907192
2026-06-20,alphalend,EBTC,4.201304136866111e-7,0.007246813210703473,0.007246813210703472,708228.5873226022,51.32400282807291,708177.2633197741,65903.929052317
2026-06-20,alphalend,EEARN,0,0,0,1151977.683492285,0,1151977.683492285,1.016935928693505
2026-06-20,alphalend,EGUSDC,0.001099981575204517,0.1535286089117677,0.8955835519853113,1331077.376111472,11920.91004465201,1319156.46606682,1.062839725
2026-06-20,alphalend,ESUI,7.310118100002905e-14,0.000003022854218285035,0.000003022854218285035,4200164.857611172,0.126964860573225,4200164.730646311,0.7374933135176475
2026-06-20,alphalend,ETHIRD,0,0,0,6587738.040651462,0,6587738.040651462,1.031977878179982
2026-06-20,alphalend,IKA,0.006829407799550611,1.686886653911901,0.6747546615647603,293277.0283156227,1978.900419858266,291298.1278957644,0.00197898260890954
2026-06-20,alphalend,STSUI,0.3018331088278813,2.229656666682732,15.9261190477338,5690391.870788536,906258.5836243489,4784133.287164188,0.7365261758286502
2026-06-20,alphalend,SUI,2.519846711643587,4.715568738966964,62.86676554225223,12271213.08009207,7714514.756251667,4556698.323840398,0.7151705657442766
2026-06-20,alphalend,TBTC,0.3959938676178077,0.9082880733576579,54.49728440145947,2916339.622486327,1589325.898178823,1327013.724307504,63240.85559247273
2026-06-20,alphalend,USDC,6.896783853773623,9.946252757232864,81.57708792872144,34002358.34926746,27738133.76842087,6264224.580846588,0.9998168022581466
2026-06-20,alphalend,USDSUI,0.9976025650760685,5.157783930012497,25.78891965006249,7929399.068995569,2044906.35463607,5884492.714359499,0.9982187949531264
2026-06-20,alphalend,USDT,5.339307108178968,9.706856680456498,64.71237786971,5901286.063390022,3818862.536513486,2082423.526876537,0.9992581364636421
2026-06-20,alphalend,WAL,0.9078726598233915,4.92035949858244,24.6017974929122,3655488.269212307,899315.8213687729,2756172.447843534,0.03555042037208096
2026-06-20,alphalend,WBTC,0.2370036119665761,1.293432129145261,21.55720215242102,5123527.384263949,1104489.155560428,4019038.228703521,63433.62072021209
2026-06-20,alphalend,XAUM,0.894961179487273,3.198144425376821,39.97680531721026,1387731.815431257,554770.846179941,832960.9692513155,4139.898515931929
2026-06-20,alphalend,XBTC,1.905927673663768,2.566370798036297,92.83185399018149,6904448.086254002,6409527.166259195,494920.9199948068,63348.25847649143
2026-06-20,bucket,BKT-AF-AFSUI-SUI,0,0,0,1.118269883083656,0,1.118269883083656,1
2026-06-20,bucket,BKT-KRIYA-FOUNTAIN-1,0,0,0,1.734784299120807,0,1.734784299120807,1
2026-06-20,bucket,BKT-PSM-BLUEFIN_STABLE_LP,0,0,0,141007.4234015681,0,141007.4234015681,1
2026-06-20,bucket,BKT-PSM-BUCKETUS,0,0,0,968689.0945255728,0,968689.0945255728,1
2026-06-20,bucket,BKT-PSM-CETABLE,0,0,0,0.2379162802071664,0,0.2379162802071664,1
2026-06-20,bucket,BKT-PSM-FDUSD,0,0,0,0.07021282877405398,0,0.07021282877405398,1
2026-06-20,bucket,BKT-PSM-STAPEARL,0,0,0,0.05957177924547289,0,0.05957177924547289,1
2026-06-20,bucket,BKT-PSM-USDC_CIRCLE,0,0,0,59510.75008565369,0,59510.75008565369,1
2026-06-20,bucket,BKT-PSM-USDC_WORMHOLE,0,0,0,1.591652193293247,0,1.591652193293247,1
2026-06-20,bucket,BKT-PSM-USDT_WORMHOLE,0,0,0,0.1211605491693772,0,0.1211605491693772,1
2026-06-20,bucket,BKT-SAVE-AFSUI_S,0,0,0,1357959.200126829,0,1357959.200126829,1
2026-06-20,bucket,BKT-SAVE-HASUI_NAVI_POND,0,0,0,0.8685345120298071,0,0.8685345120298071,1
2026-06-20,bucket,BKT-SAVE-HASUI_S,0,0,0,2317128.602127308,0,2317128.602127308,1
2026-06-20,bucket,BKT-SAVE-NAVI_STSUI,0,0,0,643958.78382722,0,643958.78382722,1
2026-06-20,bucket,BKT-SAVE-NAVI_VSUI,0,0,0,0.65962586162895,0,0.65962586162895,1
2026-06-20,bucket,BKT-SAVE-SUI_NAVI_POND,0,0,0,945511.0908699722,0,945511.0908699722,1
2026-06-20,bucket,BKT-SAVE-VSUI_S,0,0,0,1426869.416910568,0,1426869.416910568,1
2026-06-20,bucket,BKT-SCOIN-NAVI_CIRCLE_USDC,0,0,0,0.7062430433797874,0,0.7062430433797874,1
2026-06-20,bucket,BKT-SCOIN-NAVI_SUI_BRIDGE_USDT,0,0,0,19236.25523478955,0,19236.25523478955,1
2026-06-20,bucket,BKT-SCOIN-SCALLOP_CIRCLE_USDC,0,0,0,0.9648414180350342,0,0.9648414180350342,1
2026-06-20,bucket,BKT-SCOIN-SCALLOP_SUI_BRIDGE_USDT,0,0,0,0.3027529371104209,0,0.3027529371104209,1
2026-06-20,bucket,BKT-SCOIN-SCALLOP_USDC,0,0,0,0.5511419735934558,0,0.5511419735934558,1
2026-06-20,bucket,BKT-SCOIN-SCALLOP_USDT,0,0,0,0.1965895769260494,0,0.1965895769260494,1
2026-06-20,bucket,PSM-BUCK,0,0,0,2477223.89895891,2496620.629259,2477223.89895891,0.9922308058850546
2026-06-20,bucket,PSM-USDC,0,0,0,99974.4178559781,100000.175288,99974.4178559781,0.9997424261312771
2026-06-20,bucket,PSM-USDSUI,0,0,0,152499.8494562295,152695.544881,152499.8494562295,0.9987183946661772
2026-06-20,bucket,PSM-USDT,0,0,0,0,0,0,0.999234077959044
2026-06-20,bucket,SAVING-USDB,0,0,0,8367436.834917,0,8367436.834917,1
2026-06-20,bucket,SUI,0,8,87.34273321,42192.00184313323,26202.819963,3797.180036999998,0.7117898959917945
2026-06-20,bucket,V1-AF_LP,0,0,0,0,0,0,0
2026-06-20,bucket,V1-BTC,0,0,1.255351904759534e-9,716.9304452303335,9e-9,716.9304452213335,63245.80792495986
2026-06-20,bucket,V1-CETUS,0,0,54.41179075419095,18.04414222158968,9.818140909,8.226001312589684,0.01804414222158968
2026-06-20,bucket,V1-COIN,0,0,0.06800510044536659,87.25906078924989,3e-9,87.25906078624989,0.9993776532496716
2026-06-20,bucket,V1-HAEDAL,0,0,100,27.01765478304506,50.493491719,0,0.01768455672114452
2026-06-20,bucket,V1-LBTC,0,0,38.33351035991689,1115.481136405706,427.603076987,687.8780594187064,63787.41456205848
2026-06-20,bucket,V1-LP_TOKEN,0,0,0,0,1487.982953506,0,0
2026-06-20,bucket,V1-MUSD,0,0,69.67309174676383,72.45319384918025,50.480380224,21.97281362518025,0.9985620525115037
2026-06-20,bucket,V1-NAVX,0,0,100,48.15056719254131,52.870769635,0,0.006775718662481583
2026-06-20,bucket,V1-SCA,0,0,100,1447.187340388297,1865.037219788,0,0.01247207808529707
2026-06-20,bucket,V1-SCALLOP_DEEP,0,0,16.34232778079874,8304.70118836196,1357.181489418,6947.51969894396,0.02100093514452829
2026-06-20,bucket,V1-SCALLOP_SB_USDT,0,0,66.13247883411731,531.8901546943578,351.752143974,180.1380107203578,1.131282128854249
2026-06-20,bucket,V1-SCALLOP_SCA,0,0,100,150.2937247260083,161.471204678,0,0.01663111225613331
2026-06-20,bucket,V1-SCALLOP_SUI,0,0,60.02352487843965,76761.01112495468,46074.664609529,30686.34651542568,0.7862177254290408
2026-06-20,bucket,V1-SCALLOP_USDC,0,0,52.03072834504086,13332.15188436462,6936.815729502,6395.336154862617,1.129073117834023
2026-06-20,bucket,V1-SCALLOP_WORMHOLE_USDC,0,0,67.39997683638819,643.78234891876,433.909154048,209.87319487076,1.159552978087484
2026-06-20,bucket,V1-SCALLOP_WORMHOLE_USDT,0,0,52.61930842419132,2096.734363885657,1103.287121769,993.447242116657,1.173331929972361
2026-06-20,bucket,V1-STSUI,0,0,96.78608803607698,37.51452737966421,36.308843496,1.205683883664207,0.7372597463993761
2026-06-20,bucket,V1-SUI,0,0,16.96511023001217,0,3017.794346294,0,0
2026-06-20,bucket,V1-TBTC,0,0,92.25904108871099,312.1177310992397,287.95682578,24.1609053192397,63508.39665144797
2026-06-20,bucket,V1-TLP,0,0,0,0,12494.869472018,0,0
2026-06-20,bucket,V1-USDY,0,0,72.91394408332732,865.9559162598887,631.402612568,234.5533036918887,1.139909830200719
2026-06-20,bucket,V1-WAL,0,0,100,40717.09620614345,50584.022907858,0,0.03503497639035726
2026-06-20,bucket,V1-WETH,0,0,20.72799557162661,1511.040156003957,313.208336622,1197.831819381957,1709.874347948323
2026-06-20,bucket,V1-afSUI,0,0,57.61483451362282,5757.063791186844,3316.922776136,2440.141015050845,0.7618161930935555
2026-06-20,bucket,V1-haSUI,0,0,29.83928511181314,3035.952546293941,905.906536148,2130.046010145941,0.7686146008525301
2026-06-20,bucket,V1-sSUI,0,0,68.35749577150237,76.25794677477302,52.128022742,24.12992403277302,0.738433708913235
2026-06-20,bucket,V1-vSUI,0,0,87.18726945469317,12369.52646775254,10784.652371709,1584.874096043544,0.7590631319090333
2026-06-20,bucket,V1PSM-AUSD,0,0,0,7.307956001,7.307956001,7.307956001,0.9997353344614959
2026-06-20,bucket,V1PSM-BLUEFIN_STABLE_LP,0,0,0,282087.505173162,282087.505173162,282087.505173162,1
2026-06-20,bucket,V1PSM-BUCKETUS,0,0,0,1937877.33561359,1937877.33561359,1937877.33561359,1
2026-06-20,bucket,V1PSM-CETABLE,0,0,0,0.238021,0.238021,0.238021,1
2026-06-20,bucket,V1PSM-COIN,0,0,0,1019.758977,1019.758977,1019.758977,0.9997424261312771
2026-06-20,bucket,V1PSM-FDUSD,0,0,0,0.070352,0.070352,0.070352,0.9980217872136398
2026-06-20,bucket,V1PSM-SCABLE,0,0,0,854.607426626,854.607426626,854.607426626,1
2026-06-20,bucket,V1PSM-STAPEARL,0,0,0,0.059598,0.059598,0.059598,1
2026-06-20,bucket,V1PSM-USDC,0,0,0,59526.082350565,59526.082350565,59526.082350565,0.9997424261312771
2026-06-20,bucket,V1PSM-USDT,0,0,0,0.057134295,0.057134295,0.057134295,0.999234077959044
2026-06-20,bucket,WBTC,0,9,27.11525054777778,186910.1833893088,48807.450986,131192.549014,63407.57137471944
2026-06-20,bucket,XBTC,0,9,88.64085444166668,190448.0736149381,106369.02533,13630.97467,63475.97840867606
2026-06-20,bucket,afSUI,0,9,74.887620735,25316.43011843478,14977.524147,5022.475853,0.7618161930935555
2026-06-20,bucket,haSUI,0,9,81.63133210877777,4358532.116726978,1469363.977958,330636.022042,0.7686146008525301
2026-06-20,bucket,vSUI,0,9,3.918260515,182617.7350102895,7836.52103,192163.47897,0.7590631319090333
2026-06-20,navi,AUSD,1.6618,5.566300000000001,42.67936974937635,2425.336845762969,1035.119000746096,1390.217845016872,0.999685
2026-06-20,navi,BLUE,2.2277,13.8182,23.03051036490371,20148.25266290308,4640.253195785858,15507.99946711722,0.01074017
2026-06-20,navi,BUCK,0.2488,3.6579,9.71796455033081,20345800.8296873,1977198.74115672,18368602.08853058,0.99647915
2026-06-20,navi,CETUS,0.4732,5.2,13.00008158716814,170484.3764589225,22163.12383474093,148321.2526241815,0.01816372
2026-06-20,navi,DEEP,4.5289,12.9481,49.96795264539912,5592381.912434283,2794401.589130716,2797980.323303566,0.016733
2026-06-20,navi,FDUSD,0.1057,4.577,3.079232649109557,25730.33098805945,792.2973064113529,24938.0336816481,0.998067
2026-06-20,navi,HAEDAL,0.0345,30.1309,0.1637076492955633,73731.18687055708,120.7041650547395,73610.48270550235,0.01772999
2026-06-20,navi,IKA,1.6009,32.7866,16.27944127437699,147464.6153147937,24006.51930167883,123458.0960131149,0.0019745
2026-06-20,navi,LBTC,0.005399999999999999,0.294,3.675525105024966,2959225.46407361,108767.0796971112,2850458.384376499,63752.17688985
2026-06-20,navi,MBTC,0,0,0,19084706.61989111,0,19084706.61989111,63617.80314912
2026-06-20,navi,NAVX,0.0061,0.7797,0.9746864482213965,1656936.88978204,16149.94127895897,1640786.948503081,0.00678794
2026-06-20,navi,NS,0.569,12.933,7.333146736907911,248045.8693052534,18189.60192657259,229856.2673786808,0.011596
2026-06-20,navi,SOL,0.1324,6.6733,2.835125741467834,45367.83856939825,1286.236584005566,44081.60198539268,69.83698556
2026-06-20,navi,SUI,1.805066666666667,2.682366666666667,84.11810798017461,20349594.33223624,17117032.49867499,3232561.833561245,0.71745188
2026-06-20,navi,USDC,5.2296,8.432366666666667,77.52296597892474,27038739.3607421,20962029.27472454,6076710.086017553,0.99972
2026-06-20,navi,USDSUI,1.2264,3.0329,50.54801231440177,4316474.341091587,2181892.497212616,2134581.843878971,0.99972
2026-06-20,navi,USDY,0.0069,0.2348,3.913985193715206,2283550.025704833,89377.81307557075,2194172.212629262,1.138455
2026-06-20,navi,WAL,5.633500000000001,13.5136,59.55318317960041,4278599.679536341,2548044.499569539,1730555.179966802,0.03562825
2026-06-20,navi,WBTC,0.06099999999999998,0.2888,39.47679633173074,30334.26934447937,924.469115953967,29409.8002285254,63617.80314912
2026-06-20,navi,WETH,0.001,0.515,9.662143835098886,160856.6265384138,15542.19976387067,145314.4267745432,1711.28562775
2026-06-20,navi,XAUm,0.0061,8.0216,0.1079011727644616,1181713.96438347,1275.084836487265,1180438.879546983,4174.692
2026-06-20,navi,YBTC.B,0,0,0,4071.537493009586,0,4071.537493009586,63617.80314912
2026-06-20,navi,enzoBTC,0,0,0,27673744.3698672,0,27673744.3698672,63617.80314912
2026-06-20,navi,haSUI,0.0147,0.2746,8.245538479568053,16890140.27046474,1392683.070550018,15497457.19991472,0.71751274
2026-06-20,navi,stBTC,0.0002,0.2499,3.124468342078357,32145.90119458718,1004.388544974431,31141.51264961275,63617.80314912
2026-06-20,navi,stSUI,0.0199,0.5756,4.318270935473688,9649.823058395345,416.7055406250529,9233.117517770292,0.71751274
2026-06-20,navi,suiETH,0.0992,1.1499,14.37337699127905,1588445.866484561,228313.3481191718,1360132.518365389,1711.28562775
2026-06-20,navi,suiUSDT,4.9053,8.2713,74.13196664528114,5395074.290589545,3999476.022215049,1395598.268374496,0.999044
2026-06-20,navi,suiUSDe,0.5969,2.1159,35.26578307174477,681904.6622031003,240479.0708400413,441425.5913630591,0.99972
2026-06-20,navi,vSUI,0.0071,0.3807,2.855912814883441,11574990.29754394,330571.650431139,11244418.6471128,0.71745188
2026-06-20,navi,wBTC,0.498,1.2223,81.48542327673663,8172491.560006769,6659389.577385028,1513101.982621741,63617.80314912
2026-06-20,navi,wUSDC,1.453,19.4884,93.19423781123176,2162492.122130738,2015318.471638655,147173.6504920829,0.99972
2026-06-20,navi,wUSDT,1.404,29.2328,96.05521308242776,1163521.8796393,1117623.433700552,45898.44593874781,0.999044
2026-06-20,navi,xBTC,2.5937,4.5546,81.35174279131961,9892241.743658839,8047512.136766265,1844729.606892573,63617.80314912
2026-06-20,scallop,CETUS,0.4801264876181488,22.72958826711844,3.896608709113941,65892.56562461138,2567.575450787226,63324.99017382415,0.01798092
2026-06-20,scallop,DEEP,6.024203187739463,27.49555337854397,34.39376345973735,132244.859641635,45483.9842128056,86760.87542882939,0.01650843
2026-06-20,scallop,SBETH,1.269443595712216,6.729303127603625,24.21021140402608,562863.0794280749,136270.3414447482,426592.7379833267,1706.54937706
2026-06-20,scallop,SCA,5.295429623169046,25.66399654756404,22.81040076445887,300153.1199712318,68466.129572465,231686.9903987668,0.01239117
2026-06-20,scallop,SUI,2.985960449742731,8.22723992769534,46.51436449806705,3463273.058719681,1610919.454096228,1852353.604623453,0.71097127
2026-06-20,scallop,USDC,5.106986525047841,9.215357924900513,70.62549152335801,3082106.5195939,2176752.878736654,905353.6408572453,0.99971994
2026-06-20,scallop,USDSUI,6.629425561118119,10.25776291923517,82.16320725478597,471427.4172924468,387339.8859258778,84087.53136656899,0.99971994
2026-06-20,scallop,USDT,4.803379486244386,8.99017195040126,68.11862986807057,960450.661305271,654245.8310399737,306204.8302652974,0.99905269
2026-06-20,scallop,USDY,2.0602710610091,6.524655406121105,40.32856783103598,629421.3622701252,253836.6210261381,375584.7412439871,1.13678539
2026-06-20,scallop,WBTC,0,5.126749587580526,0,123.7403547870545,0,123.7403547870545,63393.19899949
2026-06-20,scallop,WETH,0.5744510080452292,5.944439550070002,12.3986996446026,8594.331274331444,1065.585321166503,7528.74595316494,1706.54937706
2026-06-20,scallop,afSUI,0.1381391149960498,5.34467741693212,3.313832793355266,109134.635625104,3616.539344253475,105518.0962808506,0.71097127
2026-06-20,scallop,haSUI,0.2899510715072884,5.566538540855115,6.680460263281983,58746.08355661725,3924.508768234246,54821.574788383,0.71097127
2026-06-20,scallop,vSUI,0.9386274295184682,6.375342365632375,18.89417169080236,23207.73225598648,4384.908777987804,18822.82347799867,0.71097127
2026-06-20,scallop,wUSDC,1.467699817939594,5.933485564472085,31.59517330528075,168717.1618044708,53306.47966787348,115410.6821365973,0.99971994
2026-06-20,scallop,wUSDT,1.075917600127219,5.374749395250267,25.55041626565126,73762.69465528175,18846.67553318579,54916.01912209598,0.99905269
2026-06-20,suilend,AUSD,0.03968575547152683,4.090945708894797,1.212609451930623,1663988.8520943,20177.68609956736,1643811.165994733,0.9996949
2026-06-20,suilend,BTC,0.06518821120165282,0.5709124766619347,14.27281191654837,2139751.692636632,305402.7345711865,1834348.958065445,63662.72693249999
2026-06-20,suilend,COIN,1.962157899947665,8.929764357260375,29.29764357260374,524791.3362894562,153751.4952059892,371039.8410834671,69.96388633000001
2026-06-20,suilend,DEEP,0.270239478924344,27.13415387952109,1.422769253014063,5893814.300467135,83855.37769679227,5809958.922770344,0.01672388
2026-06-20,suilend,ETH,0.03957022379989358,1.111274855833828,4.450994233353128,4512085.300292,200832.6565199711,4311252.643772029,1713.69209205
2026-06-20,suilend,LBTC,0,3,0,3592290.761163909,0,3592290.761163909,63662.72693249999
2026-06-20,suilend,SEND,0.001190056434922519,50.00126936130502,0.003173403262553917,501372.7205861557,15.9105782726364,501356.8100078831,0.05019728
2026-06-20,suilend,SUI,0.9311076124766768,2.331308832935866,49.92408123509497,40725790.71926282,20331976.84231954,20393813.87694329,0.71739413
2026-06-20,suilend,USDC,4.14106002405294,6.549485979496235,79.0340653643833,29529563.47756626,23338414.50067677,6191148.976889485,0.99973067
2026-06-20,suilend,USDSUI,0.3460731508864266,4.254213520614248,10.16854082456992,9883926.203831695,1005051.07110699,8878875.132724704,0.9996949
2026-06-20,suilend,USDT,2.895493185688206,6.42347913581497,56.34588990769807,2501827.589283058,1409677.019137849,1092150.57014521,0.9990476
2026-06-20,suilend,WAL,0.3556264432457344,20.96911623799353,2.422790594983832,1676161.25164922,40609.8771617206,1635551.3744875,0.0356336
2026-06-20,suilend,WBTC,0.1280450383961941,0.8001407326095645,20.00351831523912,3684744.103010346,737078.4615153678,2947665.641494978,63662.72693249999
2026-06-20,suilend,WETH,0.6313400438583563,14.17427348613903,89.08252609571004,997.0828316661949,888.2265737148826,108.8562579513123,1713.69209205
2026-06-20,suilend,XBTC,0.1596867739664917,0.9228557820634575,23.07139455158644,4547130.432773417,1049086.402920415,3498044.029853002,63662.72693249999
2026-06-20,suilend,sSUI,0,0,0,43065844.19009143,0,43065844.19009143,0.73781867793166
2026-06-20,suilend,wUSDC,5.789353728730548,12.3246247462848,58.71734279856798,41026.60329182586,24089.73129346997,16936.87199835589,0.99973067
2026-06-20,suilend,wUSDT,0.3144520137280633,8.708230989510213,36.10974652680284,20812.76941303013,7515.438280253132,13297.331132777,0.9990476
2026-06-21,alphalend,ALPHA,1.360254574372891e-13,0.000001374497167842405,0.00001099597734273924,6346215.2124906,0.6978283868869374,6346214.514662213,0.6978283868869374
2026-06-21,alphalend,BLUE,1.662112860150922,2.852296638911306,72.84098879637102,497390.2456278472,362303.9730920225,135086.2725358247,0.0107892045281896
2026-06-21,alphalend,BTCVC,0,20,0,3519063.721698225,0,3519063.721698225,64157.95557862
2026-06-21,alphalend,DEEP,3.152801507172379,7.948230083879343,52.88894884186293,3209972.533864892,1697720.731273654,1512251.802591238,0.01682408366994412
2026-06-21,alphalend,EBTC,4.204664315830296e-7,0.00724971061131951,0.00724971061131951,715895.706255217,51.90036698236522,715843.8058882346,66644.024528892
2026-06-21,alphalend,EEARN,0,0,0,898391.2323540879,0,898391.2323540879,1.017093506683853
2026-06-21,alphalend,EGUSDC,0.001149787543876394,0.1569659342393661,0.9156346163963025,1302078.331246007,11922.27993348375,1290156.051312523,1.062961861
2026-06-21,alphalend,ESUI,7.328129731320016e-14,0.000003026575980237407,0.000003026575980237407,4207724.25471791,0.1273499716079157,4207724.127367938,0.7397302853204282
2026-06-21,alphalend,ETHIRD,0,0,0,6582778.266101645,0,6582778.266101645,1.032346330117462
2026-06-21,alphalend,IKA,0.006788235437551054,1.681794111154198,0.6727176444616791,285635.9072984463,1921.523147314853,283714.3841511314,0.001927216967147337
2026-06-21,alphalend,STSUI,0.2949045865804711,2.203917424557142,15.7422673182653,5650913.966035992,889581.9824585731,4761331.983577418,0.7286579238359557
2026-06-21,alphalend,SUI,2.518049401964659,4.713415879793465,62.85061909845099,12276479.43357219,7715843.32749413,4560636.106078058,0.7107737081960989
2026-06-21,alphalend,TBTC,0.3961767195116388,0.9084977521432,54.509865128592,2955041.132851281,1610788.936011651,1344252.196839631,64093.31106735396
2026-06-21,alphalend,USDC,6.924443478420949,9.979386790359063,81.6323113172651,33960157.7058748,27722461.66229391,6237696.04358089,0.9998982328571274
2026-06-21,alphalend,USDSUI,0.9482447925880366,5.028571149178228,25.14285574589114,8189701.222644399,2059124.764428964,6130576.458215434,0.999559725352001
2026-06-21,alphalend,USDT,4.44356702589788,8.855274625459987,59.03516416973326,6447894.238773308,3806524.949350595,2641369.289422713,0.9990309967562777
2026-06-21,alphalend,WAL,0.9033782861001973,4.908165403624719,24.54082701812359,3555632.681069782,872581.6656612054,2683051.015408577,0.03448913238716469
2026-06-21,alphalend,WBTC,0.2367415339692988,1.292716794341097,21.54527990568495,5184839.17689953,1117088.113322615,4067751.063576914,64192.30714553368
2026-06-21,alphalend,XAUM,0.8989119144979419,3.205195629416966,40.06494536771208,1361030.594551443,545296.1641448827,815734.4304065607,4068.844798259105
2026-06-21,alphalend,XBTC,0.9645915311166139,1.386947761541839,86.9347388077092,7467744.980568766,6492064.59368327,975680.3868854963,64159.96609103303
2026-06-21,bucket,BKT-AF-AFSUI-SUI,0,0,0,1.113303296739803,0,1.113303296739803,1
2026-06-21,bucket,BKT-KRIYA-FOUNTAIN-1,0,0,0,1.863994170002151,0,1.863994170002151,1
2026-06-21,bucket,BKT-PSM-BLUEFIN_STABLE_LP,0,0,0,141023.885460183,0,141023.885460183,1
2026-06-21,bucket,BKT-PSM-BUCKETUS,0,0,0,968802.1851435631,0,968802.1851435631,1
2026-06-21,bucket,BKT-PSM-CETABLE,0,0,0,0.237888964980923,0,0.237888964980923,1
2026-06-21,bucket,BKT-PSM-FDUSD,0,0,0,0.07022517996779803,0,0.07022517996779803,1
2026-06-21,bucket,BKT-PSM-STAPEARL,0,0,0,0.05956493979494686,0,0.05956493979494686,1
2026-06-21,bucket,BKT-PSM-USDC_CIRCLE,0,0,0,59517.69773019959,0,59517.69773019959,1
2026-06-21,bucket,BKT-PSM-USDC_WORMHOLE,0,0,0,1.5916453631,0,1.5916453631,1
2026-06-21,bucket,BKT-PSM-USDT_WORMHOLE,0,0,0,0.1211185729700378,0,0.1211185729700378,1
2026-06-21,bucket,BKT-SAVE-AFSUI_S,0,0,0,1351043.410300478,0,1351043.410300478,1
2026-06-21,bucket,BKT-SAVE-HASUI_NAVI_POND,0,0,0,0.8644535641977665,0,0.8644535641977665,1
2026-06-21,bucket,BKT-SAVE-HASUI_S,0,0,0,2306241.204085621,0,2306241.204085621,1
2026-06-21,bucket,BKT-SAVE-NAVI_STSUI,0,0,0,641496.685293805,0,641496.685293805,1
2026-06-21,bucket,BKT-SAVE-NAVI_VSUI,0,0,0,0.6566836396493715,0,0.6566836396493715,1
2026-06-21,bucket,BKT-SAVE-SUI_NAVI_POND,0,0,0,941929.4118533,0,941929.4118533,1
2026-06-21,bucket,BKT-SAVE-VSUI_S,0,0,0,1420504.950620457,0,1420504.950620457,1
2026-06-21,bucket,BKT-SCOIN-NAVI_CIRCLE_USDC,0,0,0,0.706325494459993,0,0.706325494459993,1
2026-06-21,bucket,BKT-SCOIN-NAVI_SUI_BRIDGE_USDT,0,0,0,19236.38014605337,0,19236.38014605337,1
2026-06-21,bucket,BKT-SCOIN-SCALLOP_CIRCLE_USDC,0,0,0,0.9649540594520222,0,0.9649540594520222,1
2026-06-21,bucket,BKT-SCOIN-SCALLOP_SUI_BRIDGE_USDT,0,0,0,0.3027549030466977,0,0.3027549030466977,1
2026-06-21,bucket,BKT-SCOIN-SCALLOP_USDC,0,0,0,0.5511396085000001,0,0.5511396085000001,1
2026-06-21,bucket,BKT-SCOIN-SCALLOP_USDT,0,0,0,0.1965214682609298,0,0.1965214682609298,1
2026-06-21,bucket,PSM-BUCK,0,0,0,2488186.325234282,2495382.74137,2488186.325234282,0.9971161072742823
2026-06-21,bucket,PSM-USDC,0,0,0,100016.5937372207,100030.683849,100016.5937372207,0.999859142102832
2026-06-21,bucket,PSM-USDSUI,0,0,0,151634.4423206226,151746.217612,151634.4423206226,0.9992634064088289
2026-06-21,bucket,PSM-USDT,0,0,0,0,0,0,0.9992405665187971
2026-06-21,bucket,SAVING-USDB,0,0,0,8617584.739731,0,8617584.739731,1
2026-06-21,bucket,SUI,0,8,87.82833134,42274.68483829883,26348.499402,3651.500597999999,0.7090935733792195
2026-06-21,bucket,V1-AF_LP,0,0,0,0,0,0,0
2026-06-21,bucket,V1-BTC,0,0,1.239744512938769e-9,725.9560261062036,9e-9,725.9560260972036,64042.02206021405
2026-06-21,bucket,V1-CETUS,0,0,52.9681751638883,18.53592440861289,9.818140909,8.717783499612885,0.01853592440861289
2026-06-21,bucket,V1-COIN,0,0,0.06800539227476846,87.2288297961175,3e-9,87.2288297931175,0.9990314178135028
2026-06-21,bucket,V1-HAEDAL,0,0,100,27.95201063239548,50.493491719,0,0.01829614455688591
2026-06-21,bucket,V1-LBTC,0,0,37.95441928394965,1126.62263065589,427.603076987,699.0195536688901,64424.52718492832
2026-06-21,bucket,V1-LP_TOKEN,0,0,0,0,1487.982953506,0,0
2026-06-21,bucket,V1-MUSD,0,0,69.57991537339221,72.5502179085777,50.480380224,22.06983768457769,0.9998992543482728
2026-06-21,bucket,V1-NAVX,0,0,100,48.18212347687811,52.870769635,0,0.006780159243707646
2026-06-21,bucket,V1-SCA,0,0,100,1380.765192652349,1865.037219788,0,0.01189964202948303
2026-06-21,bucket,V1-SCALLOP_DEEP,0,0,16.10216306330742,8428.566299335636,1357.181489418,7071.384809917637,0.02131416533827365
2026-06-21,bucket,V1-SCALLOP_SB_USDT,0,0,66.14066395523778,531.8243315671224,351.752143974,180.0721875931224,1.13114212903126
2026-06-21,bucket,V1-SCALLOP_SCA,0,0,100,143.0385123982388,161.471204678,0,0.01582826935044853
2026-06-21,bucket,V1-SCALLOP_SUI,0,0,60.22342957529525,76506.21184222572,46074.664609529,30431.54723269672,0.7836079667824017
2026-06-21,bucket,V1-SCALLOP_USDC,0,0,52.02248355230297,13334.26483287324,6936.815729502,6397.449103371239,1.129252059191813
2026-06-21,bucket,V1-SCALLOP_WORMHOLE_USDC,0,0,67.39615331765226,643.8188719805636,433.909154048,209.9097179325636,1.159618761849891
2026-06-21,bucket,V1-SCALLOP_WORMHOLE_USDT,0,0,52.63105755389953,2096.266297972679,1103.287121769,992.9791762036793,1.173070000425877
2026-06-21,bucket,V1-STSUI,0,0,97.15755821023613,37.37109512101205,36.308843496,1.062251625012053,0.7344409229188303
2026-06-21,bucket,V1-SUI,0,0,17.02961992528414,0,3017.794346294,0,0
2026-06-21,bucket,V1-TBTC,0,0,91.38368203126903,315.1074889732162,287.95682578,27.15066319321619,64116.73994640778
2026-06-21,bucket,V1-TLP,0,0,0,0,12494.869472018,0,0
2026-06-21,bucket,V1-USDY,0,0,72.88514062701763,866.298133112124,631.402612568,234.895520544124,1.140360310815955
2026-06-21,bucket,V1-WAL,0,0,100,39972.28601563103,50584.022907858,0,0.03439410535899028
2026-06-21,bucket,V1-WETH,0,0,20.3988912345016,1535.418435352291,313.208336622,1222.210098730291,1737.460507283142
2026-06-21,bucket,V1-afSUI,0,0,57.9097562632412,5727.744321799969,3316.922776136,2410.821545663969,0.7579364294914872
2026-06-21,bucket,V1-haSUI,0,0,29.98015163250324,3021.68763938423,905.906536148,2115.781103236231,0.7650031426484187
2026-06-21,bucket,V1-sSUI,0,0,68.76634452405439,75.80455686977177,52.128022742,23.67653412777177,0.7340433679285411
2026-06-21,bucket,V1-vSUI,0,0,87.57790550078988,12314.35292958877,10784.652371709,1529.700557879767,0.7556773758911064
2026-06-21,bucket,V1PSM-AUSD,0,0,0,7.307956001,7.307956001,7.307956001,0.9997653801068661
2026-06-21,bucket,V1PSM-BLUEFIN_STABLE_LP,0,0,0,282087.505173162,282087.505173162,282087.505173162,1
2026-06-21,bucket,V1PSM-BUCKETUS,0,0,0,1937877.33561359,1937877.33561359,1937877.33561359,1
2026-06-21,bucket,V1PSM-CETABLE,0,0,0,0.238021,0.238021,0.238021,1
2026-06-21,bucket,V1PSM-COIN,0,0,0,1019.758977,1019.758977,1019.758977,0.999859142102832
2026-06-21,bucket,V1PSM-FDUSD,0,0,0,0.070352,0.070352,0.070352,0.9981973500085006
2026-06-21,bucket,V1PSM-SCABLE,0,0,0,854.607426626,854.607426626,854.607426626,1
2026-06-21,bucket,V1PSM-STAPEARL,0,0,0,0.059598,0.059598,0.059598,1
2026-06-21,bucket,V1PSM-USDC,0,0,0,59526.082350565,59526.082350565,59526.082350565,0.999859142102832
2026-06-21,bucket,V1PSM-USDT,0,0,0,0.057134295,0.057134295,0.057134295,0.9992405665187971
2026-06-21,bucket,WBTC,0,9,27.67814728777778,190947.8237774252,49820.665118,130179.334882,64124.4478660669
2026-06-21,bucket,XBTC,0,9,88.64085444166668,192717.1418748456,106369.02533,13630.97467,64232.25451659255
2026-06-21,bucket,afSUI,0,9,74.887620735,25187.49906525126,14977.524147,5022.475853,0.7579364294914872
2026-06-21,bucket,haSUI,0,9,81.73413507627777,4338055.077421607,1471214.431373,328785.5686270001,0.7650031426484187
2026-06-21,bucket,vSUI,0,9,3.894112952,181916.5310556143,7788.225904,192211.774096,0.7556773758911064
2026-06-21,navi,AUSD,1.6618,5.566300000000001,42.68308074640368,2425.831217618959,1035.420150592479,1390.41106702648,0.999824
2026-06-21,navi,BLUE,2.1055,13.434,22.39198995728854,20353.65955754438,4557.598796281274,15796.06076126311,0.01084924
2026-06-21,navi,BUCK,0.2484,3.6577,9.702576237564303,20392357.56373062,1978585.330916581,18413772.23281404,0.99874969
2026-06-21,navi,CETUS,0.4705,5.1851,12.96335629124636,172902.5720576518,22413.99644644329,150488.5756112085,0.01842102
2026-06-21,navi,DEEP,4.6118,12.9919,50.71066163623075,5526792.723205723,2802676.70463583,2724116.018569893,0.016778
2026-06-21,navi,FDUSD,0.1057,4.577,3.079604749071019,25735.79220364344,792.561373846067,24943.23082979737,0.998275
2026-06-21,navi,HAEDAL,0.0345,30.131,0.1638426281994114,75971.13878143804,124.4738505541647,75846.66493088388,0.01826869
2026-06-21,navi,IKA,1.6024,32.7994,16.29203587784923,143990.4005934628,23459.09503643339,120531.3055570294,0.00192775
2026-06-21,navi,LBTC,0.0056,0.2981,3.725807547451248,2990425.739851023,111417.5142349525,2879008.22561607,64396.56993153
2026-06-21,navi,MBTC,0,0,0,19250474.18969836,0,19250474.18969836,64170.38008072
2026-06-21,navi,NAVX,0.0061,0.7799999999999999,0.974983818188283,1654485.067413282,16130.9641442898,1638354.103268992,0.00677822
2026-06-21,navi,NS,0.5709,12.941,7.353003685644402,253420.7331219811,18634.08000575879,234786.6531162224,0.011876
2026-06-21,navi,SOL,0.1195,6.6132,2.581807316600802,47684.4391757214,1231.121907223735,46453.31726849766,72.98335805
2026-06-21,navi,SUI,1.7896,2.6735,83.67353251501099,20270397.32970304,16960905.09919932,3309492.23050371,0.7108383
2026-06-21,navi,USDC,5.3524,8.4922,78.7837392220706,26575331.63274728,20937042.66018229,5638288.972564988,0.99975
2026-06-21,navi,USDSUI,1.2519,3.0642,51.07058594836868,4337644.30179984,2215261.017778896,2122383.284020945,0.99975
2026-06-21,navi,USDY,0.007200000000000001,0.2401,4.001554710091147,2313077.771828245,92559.07674339764,2220518.695084848,1.139464
2026-06-21,navi,WAL,5.473333333333334,13.434,58.20351432214272,4230840.137005291,2462500.227241763,1768339.909763528,0.03442854
2026-06-21,navi,WBTC,0.06064000000000001,0.2882,39.3610470417169,30597.75298064147,932.5051510412688,29665.2478296002,64170.38008072
2026-06-21,navi,WETH,0.001,0.515,9.662266284691064,163059.0439514512,15755.20047677804,147303.8434746732,1734.71385996
2026-06-21,navi,XAUm,0.006000000000000001,8.0215,0.1074892725125928,1180111.145871773,1268.494494923579,1178842.65137685,4174.692
2026-06-21,navi,YBTC.B,0,0,0,4106.902400054678,0,4106.902400054678,64170.38008072
2026-06-21,navi,enzoBTC,0,0,0,27914115.3351132,0,27914115.3351132,64170.38008072
2026-06-21,navi,haSUI,0.0147,0.2746,8.246136198609669,16731880.086266,1379733.689212823,15352146.39705317,0.7108383
2026-06-21,navi,stBTC,0.0002,0.2499,3.12324803208274,32425.12105541791,1012.717003907808,31412.4040515101,64170.38008072
2026-06-21,navi,stSUI,0.0202,0.5803,4.353383939083872,9483.099878912095,412.8357923468989,9070.264086565196,0.7108383
2026-06-21,navi,suiETH,0.0994,1.1512,14.38970761582571,1610199.937509242,231703.1081727473,1378496.829336495,1734.71385996
2026-06-21,navi,suiUSDT,4.907,8.2721,74.15036753568536,5394037.38427051,3999700.235951002,1394337.148319507,0.998815
2026-06-21,navi,suiUSDe,0.6318,2.1768,36.27949752205893,681939.3758245647,247404.2467826885,434535.1290418761,0.99975
2026-06-21,navi,vSUI,0.007,0.3793,2.845432574632538,11473983.50531906,326484.4880486438,11147499.01727041,0.7108383
2026-06-21,navi,wBTC,0.4984,1.2228,81.52221565471244,8240031.183119407,6717456.291048639,1522574.892070767,64170.38008072
2026-06-21,navi,wUSDC,1.4534,19.4932,93.19754103847193,2163608.078479939,2016430.055360197,147178.0231197419,0.99975
2026-06-21,navi,wUSDT,1.4062,29.2719,96.08129309697482,1163072.785831433,1117495.625655376,45577.16017605692,0.998815
2026-06-21,navi,xBTC,0.2793,0.4994,79.90543934150719,10158951.15092747,8117554.710652834,2041396.440274641,64170.38008072
2026-06-21,scallop,CETUS,0.4802498511372599,22.72973804401413,3.897584284017141,67750.410373678,2640.629347081592,65109.78102659639,0.01848238
2026-06-21,scallop,DEEP,6.022119762364131,27.49399172569682,34.38394319868374,134523.4591862115,46254.46979549148,88268.98939072007,0.01679868
2026-06-21,scallop,SBETH,1.268626084298696,6.728464680644541,24.19763695158041,573066.8849283304,138668.6443046885,434398.2406236419,1736.36195807
2026-06-21,scallop,SCA,5.313540776534675,25.67460677471394,22.87797783924895,287932.9360434596,65873.23329992153,222059.702743538,0.01191512
2026-06-21,scallop,SUI,2.979291531430195,8.222175639241836,46.43947280403971,3461417.803154347,1607464.179330052,1853953.623824295,0.71053899
2026-06-21,scallop,USDC,5.077109775038635,9.193489444100123,70.38226239169182,3080616.524714726,2168207.605706536,912408.9190081895,0.99975042
2026-06-21,scallop,USDSUI,6.630103539704946,10.2581997296763,82.16801259456707,471509.1578563469,387429.7042119403,84079.45364440662,0.99975042
2026-06-21,scallop,USDT,4.773336241710435,8.967522284655317,67.86619247051225,960209.7288674809,651657.7827137883,308551.9461536925,0.9988104800000001
2026-06-21,scallop,USDY,2.060558734356155,6.524976115824388,40.33222070154079,629513.5745474531,253896.8042326373,375616.7703148157,1.13689404
2026-06-21,scallop,WBTC,0,5.126749587580526,0,125.3529083855458,0,125.3529083855458,64219.32343838
2026-06-21,scallop,WETH,0.5745392012356687,5.944550461416642,12.4003729100499,8744.604584789991,1084.36357802328,7660.241006766711,1736.36195807
2026-06-21,scallop,afSUI,0.1382558366348485,5.344854600255888,3.316523770559494,108994.9520426188,3614.843493203372,105380.1085494154,0.71053899
2026-06-21,scallop,haSUI,0.2900331074472184,5.566654172752417,6.682212516198958,58703.47213313991,3922.690762324042,54780.78137081586,0.71053899
2026-06-21,scallop,vSUI,0.9387850483304261,6.375518778701106,18.89682264495592,23194.20113126779,4382.967051690033,18811.23407957776,0.71053899
2026-06-21,scallop,wUSDC,1.46877428837171,5.934923850347151,31.61068971347434,168665.4276284157,53316.30498152311,115349.1226468926,0.99975042
2026-06-21,scallop,wUSDT,1.07608954039855,5.375011958162368,25.55326143318955,73746.92190768708,18844.74375400142,54902.17815368566,0.9988104800000001
2026-06-21,suilend,AUSD,0.03969030795871387,4.09095591467466,1.212745528995462,1664228.518398828,20182.8569491492,1644045.661449679,0.99983751
2026-06-21,suilend,BTC,0.06521649266429047,0.5710363064827423,14.27590766206856,2157649.244967282,308024.0138828486,1849625.231084433,64208.34242185
2026-06-21,suilend,COIN,1.958105343092087,8.925206430262817,29.25206430262816,547954.0160526969,160287.8611245683,387666.1549281285,73.04657729
2026-06-21,suilend,DEEP,0.2693979163672574,27.12799114491942,1.418660763279611,5936287.456284489,84215.78093779736,5852071.675346692,0.01678311
2026-06-21,suilend,ETH,0.03963722315259702,1.111446091124856,4.45784364499424,4561743.774359939,203355.4049462249,4358388.369413714,1735.165
2026-06-21,suilend,LBTC,0,3,0,4329369.922186816,0,4329369.922186816,64208.34242185
2026-06-21,suilend,SEND,0.001202914243828183,50.00128307560109,0.003207689002725249,490550.9264743658,15.73534812128505,490535.1911262445,0.04957556
2026-06-21,suilend,SUI,0.9267627492285648,2.327350312363564,49.77563671363366,40605041.71391696,20211418.05093871,20393623.66297824,0.71009774
2026-06-21,suilend,USDC,4.573529447948538,6.737261972890299,84.85512115959928,27408120.75043567,23257194.07035146,4150926.680084213,0.9997856700000002
2026-06-21,suilend,USDSUI,0.3516532670064111,4.258078045461457,10.32312181845829,9743005.764567286,1005782.353855694,8737223.410711592,0.99983751
2026-06-21,suilend,USDT,2.782009370173291,6.353968261780004,54.72976208638508,2559534.400764488,1400827.088057586,1158707.312706901,0.99882
2026-06-21,suilend,WAL,0.357017023704476,20.97273770684021,2.431844267100521,1614733.69843869,39267.80887442148,1575465.889564268,0.03443593
2026-06-21,suilend,WBTC,0.1059640800979046,0.7278876290262961,18.1971907256574,3904692.371816869,710544.3181497114,3194148.053667157,64208.34242185
2026-06-21,suilend,WETH,0.5684039231938759,12.95788356472669,87.73098173858521,1019.804126690752,894.6841721564024,125.11995453435,1735.165
2026-06-21,suilend,XBTC,0.2724679122231252,1.205471774254103,30.13679435635256,4778314.570935335,1440030.835942412,3338283.734992922,64208.34242185
2026-06-21,suilend,sSUI,0,0,0,43037237.23003149,0,43037237.23003149,0.7368766644638061
2026-06-21,suilend,wUSDC,5.740509641761208,12.26631934387027,58.49869753951354,41034.55600360369,24004.68080323041,17029.87520037328,0.9997856700000002
2026-06-21,suilend,wUSDT,0.3145374239352406,8.708792060948012,36.11722747930683,20808.7560010856,7515.545740525997,13293.2102605596,0.99882
2026-06-22,alphalend,ALPHA,1.360254574372891e-13,0.000001374497167842405,0.00001099597734273924,5838409.855402862,0.6419902248763536,5838409.213412637,0.6419902248763536
2026-06-22,alphalend,BLUE,1.663775906108381,2.854820778913157,72.84940259637719,526506.0580012364,383556.5178876359,142949.5401136005,0.01142128146352264
2026-06-22,alphalend,BTCVC,0,20,0,3475772.121992363,0,3475772.121992363,63368.68299065
2026-06-22,alphalend,DEEP,3.083414236158118,7.790323192290584,52.77340721387116,3112671.195223422,1642662.645084127,1470008.550139295,0.01627543171799258
2026-06-22,alphalend,EBTC,4.204664315830296e-7,0.00724971061131951,0.00724971061131951,707550.3848162672,51.29535532845696,707499.0894609388,65867.14348069
2026-06-22,alphalend,EEARN,0,0,0,745973.9688429749,0,745973.9688429749,1.016629505484693
2026-06-22,alphalend,EGUSDC,0.001139494748977427,0.156261782342788,0.9115270636662633,1302057.719083722,11868.60849400377,1290189.110589718,1.062944212
2026-06-22,alphalend,ESUI,7.33378878978381e-14,0.000003027744372834299,0.000003027744372834299,4105445.977345374,0.1243024095588267,4105445.853042965,0.722028091
2026-06-22,alphalend,ETHIRD,0,0,0,6579357.012376757,0,6579357.012376757,1.031809790895797
2026-06-22,alphalend,IKA,0.006810760311047623,1.684582083565489,0.6738328334261955,272543.1270509618,1836.485075315852,270706.641975646,0.001836742167587063
2026-06-22,alphalend,STSUI,0.2930217086726319,2.196870480376399,15.69193200268857,5687373.046625099,892458.7112156476,4794914.335409451,0.7309911443149991
2026-06-22,alphalend,SUI,2.482660604479586,4.670881213224432,62.53160909918324,12220509.63149606,7641681.312695154,4578828.318800905,0.7028851616375127
2026-06-22,alphalend,TBTC,0.393527513233542,0.9054551263884989,54.32730758330992,2924902.310323741,1589020.674640917,1335881.635682824,63225.59275354358
2026-06-22,alphalend,USDC,6.290782293874678,9.210716130812461,80.3511935513541,34508652.2063116,27728113.92625706,6780538.280054538,0.9998763382213169
2026-06-22,alphalend,USDSUI,0.9841480882683988,5.122884833810988,25.61442416905494,8001134.541166367,2049444.539711121,5951690.001455246,0.9985899444613561
2026-06-22,alphalend,USDT,4.585784462813132,8.995866171041595,59.9724411402773,6298039.467795467,3777088.01281507,2520951.454980397,0.9989060722262872
2026-06-22,alphalend,WAL,0.8309487587999527,4.707295780806507,23.53647890403253,3638418.2500526,856355.5438640998,2782062.7061885,0.0338468872207899
2026-06-22,alphalend,WBTC,0.2367548847857348,1.292753244601891,21.54588741003151,5155207.23758707,1110735.147164306,4044472.090422764,63825.03736189551
2026-06-22,alphalend,XAUM,0.8952323823655255,3.198628960513329,39.98286200641661,1382130.158043316,552615.1938395269,829514.9642037892,4118.164066132345
2026-06-22,alphalend,XBTC,1.383724884005344,1.929406935972239,89.64703467986119,7152604.001302137,6412097.389560467,740506.6117416712,63366.76796653355
2026-06-22,bucket,BKT-AF-AFSUI-SUI,0,0,0,1.097729365227853,0,1.097729365227853,1
2026-06-22,bucket,BKT-KRIYA-FOUNTAIN-1,0,0,0,1.83749636896235,0,1.83749636896235,1
2026-06-22,bucket,BKT-PSM-BLUEFIN_STABLE_LP,0,0,0,141021.7470640375,0,141021.7470640375,1
2026-06-22,bucket,BKT-PSM-BUCKETUS,0,0,0,968787.4948458759,0,968787.4948458759,1
2026-06-22,bucket,BKT-PSM-CETABLE,0,0,0,0.2379319589368825,0,0.2379319589368825,1
2026-06-22,bucket,BKT-PSM-FDUSD,0,0,0,0.07020768674351559,0,0.07020768674351559,1
2026-06-22,bucket,BKT-PSM-STAPEARL,0,0,0,0.05957570503745604,0,0.05957570503745604,1
2026-06-22,bucket,BKT-PSM-USDC_CIRCLE,0,0,0,59516.79524183744,0,59516.79524183744,1
2026-06-22,bucket,BKT-PSM-USDC_WORMHOLE,0,0,0,1.591804599120158,0,1.591804599120158,1
2026-06-22,bucket,BKT-PSM-USDT_WORMHOLE,0,0,0,0.1211642090006333,0,0.1211642090006333,1
2026-06-22,bucket,BKT-SAVE-AFSUI_S,0,0,0,1320840.089429507,0,1320840.089429507,1
2026-06-22,bucket,BKT-SAVE-HASUI_NAVI_POND,0,0,0,0.858787730346285,0,0.858787730346285,1
2026-06-22,bucket,BKT-SAVE-HASUI_S,0,0,0,2291125.551811208,0,2291125.551811208,1
2026-06-22,bucket,BKT-SAVE-NAVI_STSUI,0,0,0,635335.3139608455,0,635335.3139608455,1
2026-06-22,bucket,BKT-SAVE-NAVI_VSUI,0,0,0,0.6509713600011843,0,0.6509713600011843,1
2026-06-22,bucket,BKT-SAVE-SUI_NAVI_POND,0,0,0,936649.795472762,0,936649.795472762,1
2026-06-22,bucket,BKT-SAVE-VSUI_S,0,0,0,1408148.435200169,0,1408148.435200169,1
2026-06-22,bucket,BKT-SCOIN-NAVI_CIRCLE_USDC,0,0,0,0.7063147841912336,0,0.7063147841912336,1
2026-06-22,bucket,BKT-SCOIN-NAVI_SUI_BRIDGE_USDT,0,0,0,19227.73518432258,0,19227.73518432258,1
2026-06-22,bucket,BKT-SCOIN-SCALLOP_CIRCLE_USDC,0,0,0,0.9649394275048556,0,0.9649394275048556,1
2026-06-22,bucket,BKT-SCOIN-SCALLOP_SUI_BRIDGE_USDT,0,0,0,0.3026188429080036,0,0.3026188429080036,1
2026-06-22,bucket,BKT-SCOIN-SCALLOP_USDC,0,0,0,0.5511947472135876,0,0.5511947472135876,1
2026-06-22,bucket,BKT-SCOIN-SCALLOP_USDT,0,0,0,0.1965955152011991,0,0.1965955152011991,1
2026-06-22,bucket,PSM-BUCK,0,0,0,2491052.470145859,2494480.192769,2491052.470145859,0.9986258769930999
2026-06-22,bucket,PSM-USDC,0,0,0,100015.0871479008,100030.693849,100015.0871479008,0.9998439808772815
2026-06-22,bucket,PSM-USDSUI,0,0,0,153745.962152023,153935.505993,153745.962152023,0.9987686801706056
2026-06-22,bucket,PSM-USDT,0,0,0,0,0,0,0.9987915009258002
2026-06-22,bucket,SAVING-USDB,0,0,0,8549469.796683,0,8549469.796683,1
2026-06-22,bucket,SUI,0,8,87.82833134,42037.7306507072,26348.499402,3651.500597999999,0.705119027093441
2026-06-22,bucket,V1-AF_LP,0,0,0,0,0,0,0
2026-06-22,bucket,V1-BTC,0,0,1.245528849939526e-9,722.5846274405425,9e-9,722.5846274315425,63744.60571548293
2026-06-22,bucket,V1-CETUS,0,0,54.20053159498067,18.11447345639914,9.818140909,8.296332547399135,0.01811447345639914
2026-06-22,bucket,V1-COIN,0,0,0.06799858936140946,87.26169657656055,3e-9,87.26169657356056,0.9994078409105653
2026-06-22,bucket,V1-HAEDAL,0,0,100,27.01859466583636,50.493491719,0,0.01768517192667096
2026-06-22,bucket,V1-LBTC,0,0,38.15245466724311,1120.774746255399,427.603076987,693.1716692683987,64090.12311982051
2026-06-22,bucket,V1-LP_TOKEN,0,0,0,0,1487.982953506,0,0
2026-06-22,bucket,V1-MUSD,0,0,69.61507074284789,72.51358029997586,50.480380224,22.03320007597586,0.9993943086902425
2026-06-22,bucket,V1-NAVX,0,0,100,47.70913236164825,52.870769635,0,0.006713600220345874
2026-06-22,bucket,V1-SCA,0,0,100,1272.74014305043,1865.037219788,0,0.01096866591035686
2026-06-22,bucket,V1-SCALLOP_DEEP,0,0,16.22861847335053,8362.889864264576,1357.181489418,7005.708374846577,0.02114808271565214
2026-06-22,bucket,V1-SCALLOP_SB_USDT,0,0,66.13275950671621,531.8878973109798,351.752143974,180.1357533369799,1.131277327604497
2026-06-22,bucket,V1-SCALLOP_SCA,0,0,100,134.0505223245287,161.471204678,0,0.01483368177105761
2026-06-22,bucket,V1-SCALLOP_SUI,0,0,60.44629153246493,76224.13789402263,46074.664609529,30149.47328449363,0.7807188498373681
2026-06-22,bucket,V1-SCALLOP_USDC,0,0,52.01334908464914,13336.60656654252,6936.815729502,6399.790837040518,1.129450375904527
2026-06-22,bucket,V1-SCALLOP_WORMHOLE_USDC,0,0,67.39109782263782,643.8671695035699,433.909154048,209.9580154555699,1.159705753263574
2026-06-22,bucket,V1-SCALLOP_WORMHOLE_USDT,0,0,52.62998010934879,2096.309212879639,1103.287121769,993.0220911106389,1.173094015595121
2026-06-22,bucket,V1-STSUI,0,0,98.09977530533969,37.01215765580216,36.308843496,0.7033141598021615,0.7273868517880467
2026-06-22,bucket,V1-SUI,0,0,17.12561082897775,0,3017.794346294,0,0
2026-06-22,bucket,V1-TBTC,0,0,91.85279700761616,313.498157008897,287.95682578,25.54133122889704,63789.27988070155
2026-06-22,bucket,V1-TLP,0,0,0,0,12494.869472018,0,0
2026-06-22,bucket,V1-USDY,0,0,73.76624049793313,855.9506466724321,631.402612568,224.5480341044321,1.126739292368021
2026-06-22,bucket,V1-WAL,0,0,100,40257.64778474392,50584.022907858,0,0.03463964454952991
2026-06-22,bucket,V1-WETH,0,0,20.58086652144801,1521.842320368751,313.208336622,1208.633983746751,1722.097943513467
2026-06-22,bucket,V1-afSUI,0,0,59.23396421541943,5599.697437222272,3316.922776136,2282.774661086272,0.7409923424213036
2026-06-22,bucket,V1-haSUI,0,0,30.17794504755761,3001.882781350341,905.906536148,2095.976245202341,0.7599891304659024
2026-06-22,bucket,V1-sSUI,0,0,68.84017779316099,75.72325408372016,52.128022742,23.59523134172017,0.7332560831878913
2026-06-22,bucket,V1-vSUI,0,0,88.34640242394501,12207.23433644422,10784.652371709,1422.581964735216,0.7491039815893951
2026-06-22,bucket,V1PSM-AUSD,0,0,0,7.307956001,7.307956001,7.307956001,0.9997499533921101
2026-06-22,bucket,V1PSM-BLUEFIN_STABLE_LP,0,0,0,282087.505173162,282087.505173162,282087.505173162,1
2026-06-22,bucket,V1PSM-BUCKETUS,0,0,0,1937877.33561359,1937877.33561359,1937877.33561359,1
2026-06-22,bucket,V1PSM-CETABLE,0,0,0,0.238021,0.238021,0.238021,1
2026-06-22,bucket,V1PSM-COIN,0,0,0,1019.758977,1019.758977,1019.758977,0.9998439808772815
2026-06-22,bucket,V1PSM-FDUSD,0,0,0,0.070352,0.070352,0.070352,0.9979486971730098
2026-06-22,bucket,V1PSM-SCABLE,0,0,0,854.607426626,854.607426626,854.607426626,1
2026-06-22,bucket,V1PSM-STAPEARL,0,0,0,0.059598,0.059598,0.059598,1
2026-06-22,bucket,V1PSM-USDC,0,0,0,59526.082350565,59526.082350565,59526.082350565,0.9998439808772815
2026-06-22,bucket,V1PSM-USDT,0,0,0,0.057134295,0.057134295,0.057134295,0.9987915009258002
2026-06-22,bucket,WBTC,0,9,25.97787165333333,186868.8794880481,46760.168976,133239.831024,63810.03958224929
2026-06-22,bucket,XBTC,0,9,88.64085444166668,191495.1411571615,106369.02533,13630.97467,63824.96401635921
2026-06-22,bucket,afSUI,0,9,74.887620735,24624.41862652882,14977.524147,5022.475853,0.7409923424213036
2026-06-22,bucket,haSUI,0,9,81.7406035905,4309623.574797878,1471330.864629,328669.135371,0.7599891304659024
2026-06-22,bucket,vSUI,0,9,3.869518409,180221.7320988778,7739.036818,192260.963182,0.7491039815893951
2026-06-22,navi,AUSD,1.6618,5.566300000000001,42.68681029666158,2426.099963444998,1035.625014964709,1390.474948480289,0.99987
2026-06-22,navi,BLUE,2.315,14.0866,23.47805332267777,20982.48527928853,4926.284330320991,16056.20094896754,0.01172471
2026-06-22,navi,BUCK,0.2483,3.6576,9.697425949693626,20395787.18614854,1977867.003470049,18417920.18267849,0.998908
2026-06-22,navi,CETUS,0.4709999999999999,5.188,12.96999276353483,168631.0516786999,21871.44495932475,146759.6067193751,0.01797258
2026-06-22,navi,DEEP,4.6587,13.0166,51.12932483031392,5368827.982372751,2745047.397948977,2623780.584423775,0.016427
2026-06-22,navi,FDUSD,0.1057,4.577,3.07997876093895,25732.12720752952,792.544400187835,24939.58280734169,0.998129
2026-06-22,navi,HAEDAL,0.0347,30.1316,0.1645742449544552,72960.91498406911,120.075231926586,72840.83975214254,0.01760864
2026-06-22,navi,IKA,1.6024,32.7994,16.30428309343635,137192.3720061091,22368.29340407009,114824.078602039,0.00183647
2026-06-22,navi,LBTC,0.005399999999999999,0.2944,3.680544666777141,2974025.517379876,109460.3406362529,2864565.176743623,63983.81500564
2026-06-22,navi,MBTC,0,0,0,19110583.43116479,0,19110583.43116479,63704.06205362
2026-06-22,navi,NAVX,0.0061,0.7799999999999999,0.9750307249670424,1631669.877374637,15909.2838463082,1615760.593528329,0.00668438
2026-06-22,navi,NS,0.5751,12.9585,7.396980127790489,248667.6236223247,18393.91651775921,230273.7071045655,0.011719
2026-06-22,navi,SOL,0.1193,6.6124,2.578607462421133,47733.20131664123,1230.852673137714,46502.34864350352,72.95423866
2026-06-22,navi,SUI,1.8,2.6795,83.97274615734202,19884969.80184438,16697914.38899579,3187055.412848588,0.69951022
2026-06-22,navi,USDC,5.364833333333333,8.498266666666668,78.91082997921897,26590529.66522554,20983606.60640202,5606923.058823518,0.99977
2026-06-22,navi,USDSUI,1.251833333333333,3.064133333333333,51.06888270819556,4341423.729824647,2217167.976127008,2124255.753697639,0.99977
2026-06-22,navi,USDY,0.0085,0.26,4.333775241165409,2310851.625608895,100147.1180622323,2210704.507546662,1.137244
2026-06-22,navi,WAL,5.4129,13.4037,57.69045177176446,4259797.481088371,2457497.788744197,1802299.692344174,0.03434604
2026-06-22,navi,WBTC,0.06076,0.28838,39.39351356530847,30375.40635878674,925.7349105945943,29449.67144819214,63704.06205362
2026-06-22,navi,WETH,0.001,0.515,9.66238933685149,161522.0386847912,15606.8889600161,145915.1497247751,1718.36
2026-06-22,navi,XAUm,0.006000000000000001,8.0214,0.1070547431326272,1183244.673274803,1266.720548715933,1181977.952726087,4185.77600001
2026-06-22,navi,YBTC.B,0,0,0,4077.058060309819,0,4077.058060309819,63704.06205362
2026-06-22,navi,enzoBTC,0,0,0,27711266.9933247,0,27711266.9933247,63704.06205362
2026-06-22,navi,haSUI,0.0147,0.2742,8.233816069002708,16489983.61274043,1357740.876536387,15132242.73620404,0.69951022
2026-06-22,navi,stBTC,0.0002,0.2484,3.1050720786321,32189.49583854914,999.5070720575357,31189.9887664916,63704.06205362
2026-06-22,navi,stSUI,0.0202,0.5803,4.353450079207968,9331.981483081494,406.2631775519027,8925.71830552959,0.69951022
2026-06-22,navi,suiETH,0.0999,1.1544,14.42958302053593,1593368.645960368,229916.4740370866,1363452.171923282,1718.36
2026-06-22,navi,suiUSDT,4.8971,8.2671,74.04508840493618,5402875.096479266,4000564.489958332,1402310.606520934,0.998805
2026-06-22,navi,suiUSDe,0.6803333333333333,2.258933333333333,37.64876700985398,681968.9795604411,256419.7054762096,425549.2740842316,0.99977
2026-06-22,navi,vSUI,0.007,0.3778,2.833988580885419,11299919.51186652,320238.4164022668,10979681.09546425,0.69951022
2026-06-22,navi,wBTC,0.4985,1.2228,81.5235867395639,8180287.361280522,6668863.811385308,1511423.549895214,63704.06205362
2026-06-22,navi,wUSDC,1.4541,19.5017,93.20093360426146,2164720.868103732,2017540.322530441,147180.5455732911,0.99977
2026-06-22,navi,wUSDT,1.4001,29.16576666666667,96.01054083366445,1163186.835712523,1116781.453698336,46405.38201418747,0.998805
2026-06-22,navi,xBTC,0.2793,0.4994,79.89912226212311,10091297.14521955,8062857.923391553,2028439.221828,63704.06205362
2026-06-22,scallop,CETUS,0.4796573795516457,22.72901807181207,3.892898923951972,66229.45914408623,2578.245902359343,63651.21324172689,0.01806735
2026-06-22,scallop,DEEP,6.024396577035418,27.49568884180433,34.39468548971365,132131.9729924307,45446.37654209993,86685.59645033079,0.01649887
2026-06-22,scallop,SBETH,1.2809889908723,6.741128036900301,24.38751780054458,565182.6884016164,137834.0287395406,427348.6596620758,1726.62662892
2026-06-22,scallop,SCA,5.348308116483191,25.69494261221241,23.00755460088966,263381.2235371194,60597.578813794,202783.6447233254,0.01095502
2026-06-22,scallop,SUI,2.868133276475215,8.137088941898597,45.18078110543065,3509694.632434326,1585707.449349202,1923987.183085124,0.70264116
2026-06-22,scallop,USDC,5.439221460851518,9.454505528498203,73.28217220353696,2958609.802859304,2168133.53056208,790476.2722972231,0.9998019
2026-06-22,scallop,USDSUI,6.463008739098997,10.149956570222,80.9750533849778,478607.9794267167,387553.0668455473,91054.91258116935,0.9998019
2026-06-22,scallop,USDT,4.835604696131868,9.014389996377403,68.38851250219507,952487.415852289,651391.9754719774,301095.4403803115,0.9987951
2026-06-22,scallop,USDY,2.058455093105893,6.52263060132412,40.3055021876286,629459.1453538989,253706.669600844,375752.4757530548,1.13700271
2026-06-22,scallop,WBTC,0,5.126749587580526,0,124.7382332255685,0,124.7382332255685,63904.42031075
2026-06-22,scallop,WETH,0.5746293492117305,5.944663161765718,12.40208455600476,8695.712309056073,1078.449593316048,7617.262715740025,1726.62662892
2026-06-22,scallop,afSUI,0.1382757441971361,5.344884607759703,3.316982843177608,107783.8507731991,3575.171837863169,104208.6789353359,0.70264116
2026-06-22,scallop,haSUI,0.2900769120139701,5.566715631305752,6.683148467065441,58051.42663016931,3879.663028943779,54171.76360122553,0.70264116
2026-06-22,scallop,vSUI,0.9389459170080716,6.375697847256401,18.8995309295687,22936.9768788476,4334.981039525823,18601.99583932177,0.70264116
2026-06-22,scallop,wUSDC,1.470970772826519,5.937861143521972,31.64240105929745,168531.6116406292,53327.44846702551,115204.1631736037,0.9998019
2026-06-22,scallop,wUSDT,1.066931971087026,5.361012710308999,25.40141372858772,73747.93526859897,18733.01815386789,55014.91711473108,0.9987951
2026-06-22,suilend,AUSD,0.03970323184986507,4.090984887222403,1.213131829632039,1663820.526951863,20184.33640040456,1643636.190551458,0.99979873
2026-06-22,suilend,BTC,0.06523603764336387,0.5711218680954349,14.27804670238587,2142230.105641927,305868.6149561246,1836361.490685803,63749.35000000001
2026-06-22,suilend,COIN,1.947298007986628,8.913034199108077,29.13034199108078,549219.5602778197,159989.5361908389,389230.0240869808,73.21006004
2026-06-22,suilend,DEEP,0.2697654760145603,27.13068309127792,1.420455394185283,5843562.603430675,83005.200213025,5760557.40321765,0.01652134
2026-06-22,suilend,ETH,0.03963853013391927,1.111449430998589,4.457977239943543,4528594.078073675,201883.6932899556,4326710.38478372,1722.55491081
2026-06-22,suilend,LBTC,0,3,0,4300271.684770565,0,4300271.684770565,63749.35000000001
2026-06-22,suilend,SEND,0.001204343978455604,50.00128460057304,0.003211501432616664,496646.5627077971,15.94981147640232,496630.6128963207,0.05018245
2026-06-22,suilend,SUI,0.9334332950267079,2.333424205347931,50.00340770054742,40241350.71506589,20122046.66226155,20119304.05280434,0.70321093
2026-06-22,suilend,USDC,4.578430205779882,6.739347225101804,84.91976397815593,27423665.0359703,23288111.62270605,4135553.413264253,0.99979607
2026-06-22,suilend,USDSUI,0.3516175448107304,4.258053326990647,10.3221330796259,9744624.776608404,1005853.137551718,8738771.639056684,0.99979873
2026-06-22,suilend,USDT,2.807298275561621,6.369553922486149,55.09212869780297,2564313.456712926,1412734.869787365,1151578.586925561,0.9988103500000002
2026-06-22,suilend,WAL,0.3961001087849205,21.07403683985957,2.68509209964892,1472215.032445465,39530.32952603696,1432684.702919428,0.03464619
2026-06-22,suilend,WBTC,0.1059675208202301,0.7278994464217915,18.19748616054479,3876794.110835554,705479.0717921152,3171315.039043438,63749.35000000001
2026-06-22,suilend,WETH,0.568579516099077,12.96132209780673,87.73480233089637,1012.708189921739,888.4975286166365,124.2106613051027,1722.55491081
2026-06-22,suilend,XBTC,0.2406566431029322,1.132917515333297,28.32293788333243,4808038.779230289,1361777.83684793,3446260.94238236,63749.35000000001
2026-06-22,suilend,sSUI,0,0,0,42089007.43980335,0,42089007.43980335,0.7183768742702961
2026-06-22,suilend,wUSDC,6.072609007746666,12.65806991157448,59.96776216840431,40043.36761412856,24013.11145506045,16030.25615906811,0.99979607
2026-06-22,suilend,wUSDT,0.3146002856704596,8.70920497313632,36.12273297515092,20810.34842076258,7517.266591230602,13293.08182953198,0.9988103500000002
2026-06-23,alphalend,ALPHA,1.360254574372891e-13,0.000001374497167842405,0.00001099597734273924,5524033.808624332,0.6074215060015872,5524033.201202826,0.6074215060015872
2026-06-23,alphalend,BLUE,1.664173830590777,2.855424664784053,72.85141554928018,531493.3802636073,387200.4510727564,144292.9291908508,0.01152902438973981
2026-06-23,alphalend,BTCVC,0,20,0,3502226.259023356,0,3502226.259023356,63850.98268248
2026-06-23,alphalend,DEEP,3.109887203464414,7.850642107414858,52.81754300542551,3151569.571419163,1664581.613730221,1486987.957688943,0.01648946276409839
2026-06-23,alphalend,EBTC,4.260163349524294e-7,0.007297399664884312,0.007297399664884312,707779.809798802,51.6495214683766,707728.1602773337,66321.919781677
2026-06-23,alphalend,EEARN,0,0,0,757337.8447069597,0,757337.8447069597,1.016802956959431
2026-06-23,alphalend,EGUSDC,0.001161727717990222,0.1577788496139605,0.920376622748103,1289472.25324517,11868.00117569176,1277604.252069478,1.062889821
2026-06-23,alphalend,ESUI,7.331299752568123e-14,0.0000030272305314776,0.0000030272305314776,4246160.753399228,0.1285410747425207,4246160.624858153,0.746648976
2026-06-23,alphalend,IKA,0.007186882926836951,1.730472349634264,0.6921889398537056,256392.8913013851,1774.723236159321,254618.1680652258,0.001774892415400918
2026-06-23,alphalend,STSUI,0.2930813301377106,2.197093968894032,15.69352834924308,5829319.275439407,914825.8730589746,4914493.402380432,0.7492717700668262
2026-06-23,alphalend,SUI,2.360463583296663,4.521821334265086,61.41366000698815,12695899.70945401,7797016.682392281,4898883.027061727,0.719050720304774
2026-06-23,alphalend,TBTC,0.3935384833164596,0.9054677466605997,54.32806479963599,2958856.474576351,1607489.462836065,1351367.011740286,63958.87106553873
2026-06-23,alphalend,USDC,6.150070422307413,9.037214616097856,80.0620243601631,34653288.38759027,27744124.1904701,6909164.197120179,0.999786536155115
2026-06-23,alphalend,USDSUI,1.055565665230396,5.305508245161553,26.52754122580777,8316539.243909566,2206173.376488592,6110365.867420974,0.9993688166051417
2026-06-23,alphalend,USDT,5.097805777019898,9.484791954386676,63.23194636257784,5967351.730038028,3773272.645204007,2194079.084834022,0.9990969265431293
2026-06-23,alphalend,WAL,0.8007955286661974,4.621098076334087,23.10549038167043,4049774.043529013,935720.1521069818,3114053.891422031,0.03697905476848362
2026-06-23,alphalend,WBTC,0.2343888475414022,1.286277385347716,21.43795642246193,5156180.389986823,1105379.705068903,4050800.684917921,63837.24077679619
2026-06-23,alphalend,XAUM,0.8992804901630777,3.205852666007822,40.07315832509777,1387178.830054808,555886.3688201021,831292.4612347056,4136.658440130766
2026-06-23,alphalend,XBTC,1.391068220056463,1.938647065944718,89.69323532972359,7222965.090235705,6478511.076168894,744454.0140668115,64020.0494171413
2026-06-23,bucket,BKT-AF-AFSUI-SUI,0,0,0,1.131648210533995,0,1.131648210533995,1
2026-06-23,bucket,BKT-KRIYA-FOUNTAIN-1,0,0,0,1.833228153909721,0,1.833228153909721,1
2026-06-23,bucket,BKT-PSM-BLUEFIN_STABLE_LP,0,0,0,141020.1022306563,0,141020.1022306563,1
2026-06-23,bucket,BKT-PSM-BUCKETUS,0,0,0,968776.1952127055,0,968776.1952127055,1
2026-06-23,bucket,BKT-PSM-CETABLE,0,0,0,0.2379324215827509,0,0.2379324215827509,1
2026-06-23,bucket,BKT-PSM-FDUSD,0,0,0,0.07022661682671523,0,0.07022661682671523,1
2026-06-23,bucket,BKT-PSM-STAPEARL,0,0,0,0.05957582087920305,0,0.05957582087920305,1
2026-06-23,bucket,BKT-PSM-USDC_CIRCLE,0,0,0,59516.10105662419,0,59516.10105662419,1
2026-06-23,bucket,BKT-PSM-USDC_WORMHOLE,0,0,0,1.591645999274482,0,1.591645999274482,1
2026-06-23,bucket,BKT-PSM-USDT_WORMHOLE,0,0,0,0.121166094136013,0,0.121166094136013,1
2026-06-23,bucket,BKT-SAVE-AFSUI_S,0,0,0,1370541.477514974,0,1370541.477514974,1
2026-06-23,bucket,BKT-SAVE-HASUI_NAVI_POND,0,0,0,0.8784803910431607,0,0.8784803910431607,1
2026-06-23,bucket,BKT-SAVE-HASUI_S,0,0,0,2343662.816273018,0,2343662.816273018,1
2026-06-23,bucket,BKT-SAVE-NAVI_STSUI,0,0,0,651480.1414952358,0,651480.1414952358,1
2026-06-23,bucket,BKT-SAVE-NAVI_VSUI,0,0,0,0.6664580759759879,0,0.6664580759759879,1
2026-06-23,bucket,BKT-SAVE-SUI_NAVI_POND,0,0,0,959380.3709608827,0,959380.3709608827,1
2026-06-23,bucket,BKT-SAVE-VSUI_S,0,0,0,1441648.518623608,0,1441648.518623608,1
2026-06-23,bucket,BKT-SCOIN-NAVI_CIRCLE_USDC,0,0,0,0.7063065459573519,0,0.7063065459573519,1
2026-06-23,bucket,BKT-SCOIN-NAVI_SUI_BRIDGE_USDT,0,0,0,19230.21513497983,0,19230.21513497983,1
2026-06-23,bucket,BKT-SCOIN-SCALLOP_CIRCLE_USDC,0,0,0,0.9649281727543346,0,0.9649281727543346,1
2026-06-23,bucket,BKT-SCOIN-SCALLOP_SUI_BRIDGE_USDT,0,0,0,0.3026578740154727,0,0.3026578740154727,1
2026-06-23,bucket,BKT-SCOIN-SCALLOP_USDC,0,0,0,0.5511398287883653,0,0.5511398287883653,1
2026-06-23,bucket,BKT-SCOIN-SCALLOP_USDT,0,0,0,0.1965985739358226,0,0.1965985739358226,1
2026-06-23,bucket,PSM-BUCK,0,0,0,2479406.118908388,2482832.266757,2479406.118908388,0.9986200647162172
2026-06-23,bucket,PSM-USDC,0,0,0,101463.3835971764,101480.399931,101463.3835971764,0.9998323190110089
2026-06-23,bucket,PSM-USDSUI,0,0,0,153775.6016368142,153985.514119,153775.6016368142,0.9986368037059411
2026-06-23,bucket,PSM-USDT,0,0,0,0,0,0,0.9989203228393244
2026-06-23,bucket,SAVING-USDB,3,0,0,8422155.666263,0,8422155.666263,1
2026-06-23,bucket,SUI,0,8,88.69967633,43744.01970743387,26609.902899,3390.097100999999,0.722230824214336
2026-06-23,bucket,V1-AF_LP,0,0,0,0,0,0,0
2026-06-23,bucket,V1-BTC,0,0,1.241287807442352e-9,725.0534441761992,9e-9,725.0534441671991,63962.3985433703
2026-06-23,bucket,V1-CETUS,0,0,53.30387682318521,18.41918729770416,9.818140909,8.601046388704159,0.01841918729770416
2026-06-23,bucket,V1-COIN,0,0,0.06800536509261391,87.26305423913159,3e-9,87.2630542361316,0.9994233902142351
2026-06-23,bucket,V1-HAEDAL,0,0,100,26.37898444647135,50.493491719,0,0.01726651148798319
2026-06-23,bucket,V1-LBTC,0,0,38.18042869340148,1119.953577317743,427.603076987,692.3505003307433,64043.16558576441
2026-06-23,bucket,V1-LP_TOKEN,0,0,0,0,1487.982953506,0,0
2026-06-23,bucket,V1-MUSD,0,0,69.61189516736587,72.51688824536593,50.480380224,22.03650802136593,0.9994398993476424
2026-06-23,bucket,V1-NAVX,0,0,100,49.36337234705017,52.870769635,0,0.006946383869528874
2026-06-23,bucket,V1-SCA,0,0,100,1314.436773772144,1865.037219788,0,0.01132801374304001
2026-06-23,bucket,V1-SCALLOP_DEEP,0,0,16.30820944090983,8322.07542057593,1357.181489418,6964.89393115793,0.02104487111713413
2026-06-23,bucket,V1-SCALLOP_SB_USDT,0,0,66.1199720946843,531.9907628973108,351.752143974,180.2386189233108,1.131496113379085
2026-06-23,bucket,V1-SCALLOP_SCA,0,0,100,129.5994508241939,161.471204678,0,0.01434113778815283
2026-06-23,bucket,V1-SCALLOP_SUI,0,0,59.03721008700915,78043.43149282303,46074.664609529,31968.76688329403,0.7993528002527432
2026-06-23,bucket,V1-SCALLOP_USDC,0,0,52.00899583683633,13337.7228648373,6936.815729502,6400.907135335304,1.12954491296104
2026-06-23,bucket,V1-SCALLOP_WORMHOLE_USDC,0,0,67.39073191085242,643.870665512277,433.909154048,209.961511464277,1.159712050123552
2026-06-23,bucket,V1-SCALLOP_WORMHOLE_USDT,0,0,52.62507516385434,2096.504600390187,1103.287121769,993.2174786211867,1.173203354388242
2026-06-23,bucket,V1-STSUI,0,0,95.66868976245252,37.95269234496225,36.308843496,1.64384884896225,0.7458708475849889
2026-06-23,bucket,V1-SUI,0,0,16.71985415361616,0,3017.794346294,0,0
2026-06-23,bucket,V1-TBTC,0,0,91.61595767435668,314.3085910901297,287.95682578,26.35176531012968,63954.1835819732
2026-06-23,bucket,V1-TLP,0,0,0,0,12494.869472018,0,0
2026-06-23,bucket,V1-USDY,0,0,73.39988597793791,860.2228793077188,631.402612568,228.8202667397188,1.132363089014507
2026-06-23,bucket,V1-WAL,0,0,100,43017.20538407984,50584.022907858,0,0.03701410256223017
2026-06-23,bucket,V1-WETH,0,0,20.52374877100694,1526.077619233269,313.208336622,1212.869282611269,1726.890555315052
2026-06-23,bucket,V1-afSUI,0,0,57.08590062769849,5810.406316908671,3316.922776136,2493.483540772671,0.7688748607320149
2026-06-23,bucket,V1-haSUI,0,0,29.50145409976898,3070.718253698192,905.906536148,2164.811717550192,0.7774162635637913
2026-06-23,bucket,V1-sSUI,0,0,67.97577368649999,76.68617790569206,52.128022742,24.55815516369206,0.742580428247426
2026-06-23,bucket,V1-vSUI,0,0,86.29346662639811,12497.64645381607,10784.652371709,1712.994082107074,0.7669252888101127
2026-06-23,bucket,V1PSM-AUSD,0,0,0,7.307956001,7.307956001,7.307956001,0.9998660664774781
2026-06-23,bucket,V1PSM-BLUEFIN_STABLE_LP,0,0,0,282087.505173162,282087.505173162,282087.505173162,1
2026-06-23,bucket,V1PSM-BUCKETUS,0,0,0,1937877.33561359,1937877.33561359,1937877.33561359,1
2026-06-23,bucket,V1PSM-CETABLE,0,0,0,0.238021,0.238021,0.238021,1
2026-06-23,bucket,V1PSM-COIN,0,0,0,1019.758977,1019.758977,1019.758977,0.9998323190110089
2026-06-23,bucket,V1PSM-FDUSD,0,0,0,0.070352,0.070352,0.070352,0.9982177738616562
2026-06-23,bucket,V1PSM-SCABLE,0,0,0,854.607426626,854.607426626,854.607426626,1
2026-06-23,bucket,V1PSM-STAPEARL,0,0,0,0.059598,0.059598,0.059598,1
2026-06-23,bucket,V1PSM-USDC,0,0,0,59526.082350565,59526.082350565,59526.082350565,0.9998323190110089
2026-06-23,bucket,V1PSM-USDT,0,0,0,0.057134295,0.057134295,0.057134295,0.9989203228393244
2026-06-23,bucket,WBTC,0,9,32.263679015,204948.4715363401,58074.622227,121925.377773,64079.97385965933
2026-06-23,bucket,XBTC,0,9,88.64085444166668,191839.4598197514,106369.02533,13630.97467,63939.7247675572
2026-06-23,bucket,afSUI,0,9,74.887620735,25551.00148567319,14977.524147,5022.475853,0.7688748607320149
2026-06-23,bucket,haSUI,0,9,81.23091129477777,4408533.094073568,1462156.403306,337843.5966940001,0.7774162635637913
2026-06-23,bucket,vSUI,0,9,3.973601952,184697.4005969593,7947.203904,192052.796096,0.7669252888101127
2026-06-23,navi,AUSD,1.6618,5.566300000000001,42.69052500719442,2426.092373645497,1035.712088219899,1390.380285425599,0.999802
2026-06-23,navi,BLUE,2.3166,14.0915,23.48823691573216,20474.53534336063,4809.115474700616,15665.41986866001,0.01144144
2026-06-23,navi,BUCK,0.2429,3.654300000000001,9.49697757361981,20390812.10834744,1936506.702655216,18454305.40569222,0.99865483
2026-06-23,navi,CETUS,0.4713,5.1897,12.97474642380459,172280.2505987107,22352.94143550793,149927.3091632027,0.01836564
2026-06-23,navi,DEEP,4.6057,12.9887,50.6558565324547,5435118.937999032,2753208.769119198,2681910.168879834,0.01647
2026-06-23,navi,FDUSD,0.1057,4.577,3.080351322985939,25742.56426848701,792.9619689193675,24949.60229956765,0.99853
2026-06-23,navi,HAEDAL,0.0348,30.1319,0.1649237917573262,71195.80929437708,117.4193804507375,71078.38991392634,0.017205
2026-06-23,navi,IKA,1.6217,32.9605,16.4065432165432,131935.8399720987,21646.20384174803,110289.6361303507,0.00177559
2026-06-23,navi,LBTC,0.005399999999999999,0.295,3.688068245289628,3000711.953616252,110668.3096089437,2890043.644007308,64612.6508031
2026-06-23,navi,MBTC,0,0,0,19298183.07977186,0,19298183.07977186,64329.41500002
2026-06-23,navi,NAVX,0.0061,0.7805,0.9756845540046588,1691687.228794023,16505.53298780544,1675181.695806218,0.00693475
2026-06-23,navi,NS,0.584,12.9958,7.489751202044928,251355.5690173155,18825.94213453787,232529.6268827776,0.01199
2026-06-23,navi,SOL,0.1207,6.6187,2.605288789160399,46934.57121533,1222.782354360694,45711.7888609693,72.51249999
2026-06-23,navi,SUI,1.7957,2.677,83.84963593981648,20500858.20079121,17189897.23153457,3310960.969256638,0.71957478
2026-06-23,navi,USDC,5.2436,8.4392,77.66686971172533,27028714.00571112,20992360.00230126,6036354.003409863,0.999751
2026-06-23,navi,USDSUI,1.2732,3.0901,51.50208897151193,4345631.09328386,2238091.330562877,2107539.762720983,0.99975
2026-06-23,navi,USDY,0.0089,0.2675,4.45754956944299,2299199.162211064,102487.9464498524,2196711.215761212,1.136651
2026-06-23,navi,WAL,5.520599999999999,13.4576,58.60359907942799,4493979.614071642,2633636.089392711,1860343.524678931,0.03679425
2026-06-23,navi,WBTC,0.06088,0.28856,39.43115025441985,30495.78528401642,929.4688800116885,29566.31640400473,63960.5875
2026-06-23,navi,WETH,0.001,0.515,9.662511900640814,162613.8505780955,15712.58380689985,146901.2667711957,1729.97294096
2026-06-23,navi,XAUm,0.0057,8.0201,0.1007104641242612,1179856.251596944,1188.240195273196,1178668.011401671,4211.03697893
2026-06-23,navi,YBTC.B,0,0,0,4117.08063011883,0,4117.08063011883,64329.41500002
2026-06-23,navi,enzoBTC,0,0,0,27983295.5250087,0,27983295.5250087,64329.41500002
2026-06-23,navi,haSUI,0.0147,0.2747,8.248287997926328,16931393.82398673,1396550.17968533,15534843.6443014,0.71971123
2026-06-23,navi,stBTC,0.0002,0.2484,3.105092756165042,32505.48879402256,1009.325615735204,31496.16317828736,64329.41500002
2026-06-23,navi,stSUI,0.0241,0.6333,4.750657500031083,9577.966872443898,455.0164456421481,9122.95042680175,0.71794836
2026-06-23,navi,suiETH,0.0989,1.1481,14.351334461627,1599483.864715152,229547.3143720365,1369936.550343115,1724.07886937
2026-06-23,navi,suiUSDT,6.0675,8.83,85.89419761865399,4660711.814968513,4003281.796297352,657430.0186711614,0.998834
2026-06-23,navi,suiUSDe,0.6765,2.2525,37.54244342532517,681969.7695087948,256028.171205648,425941.5983031468,0.999748
2026-06-23,navi,vSUI,0.007,0.3784,2.838452242269036,11596205.99789821,329152.7792082824,11267053.21868993,0.71780824
2026-06-23,navi,wBTC,0.4985,1.2228,81.52408881848453,8243491.941516331,6720431.929477884,1523060.012038447,64194.51974363
2026-06-23,navi,wUSDC,1.4541,19.502,93.20429994720057,2165749.953049932,2018572.50057645,147177.4524734826,0.999749
2026-06-23,navi,wUSDT,1.410666666666667,29.34796666666666,96.13202128316726,1162549.691840784,1117577.154191611,44972.53764917257,0.998839
2026-06-23,navi,xBTC,0.2796,0.4996,79.93720980752077,10108972.01499322,8080830.295603897,2028141.719389327,63793.37
2026-06-23,scallop,CETUS,0.4799260075309952,22.72934581445156,3.895023111293495,67413.44817224896,2625.769386428959,64787.67878582,0.01839005
2026-06-23,scallop,DEEP,6.022103767136655,27.49398255771236,34.38386466665234,131816.0348613671,45323.44703567973,86492.58782568735,0.01644332
2026-06-23,scallop,SBETH,1.229597445649944,6.688236349194687,23.59433604651721,564835.5020914121,133269.1864734805,431566.3156179316,1724.98
2026-06-23,scallop,SCA,5.230185469794724,25.62571599326224,22.56648751191693,272401.6263993533,61471.47900366866,210930.1473956846,0.01110605
2026-06-23,scallop,SUI,2.426963282282468,7.785950310020784,39.97573848968719,4056350.86116647,1621556.212484082,2434794.648682388,0.71842239
2026-06-23,scallop,USDC,3.747846182553838,8.148779852567255,58.70597212530411,3560478.892975185,2090213.746437349,1470265.146537836,0.99975015
2026-06-23,scallop,USDSUI,6.73692554401748,10.32669598671767,82.9223288171631,467748.3452187614,387867.8208591405,79880.52435962086,0.99975015
2026-06-23,scallop,USDT,4.835036862288655,9.01396634270586,68.38374738333168,952648.2389872763,651456.565200817,301191.6737864594,0.99883858
2026-06-23,scallop,USDY,2.056453989197848,6.520401342836024,40.28005667825821,629554.379819521,253584.8610117599,375969.518807761,1.13711137
2026-06-23,scallop,WBTC,0,5.126749587580526,0,124.8019198676445,0,124.8019198676445,63937.04750001
2026-06-23,scallop,WETH,0.5747193059055133,5.944776795577589,12.40379012808948,8687.556207391168,1077.586239224611,7609.969968166559,1724.98
2026-06-23,scallop,afSUI,0.1382956939899094,5.344915079312851,3.317442642394147,110205.0786143923,3655.990272037843,106549.0883423544,0.71842239
2026-06-23,scallop,haSUI,0.2901218052500543,5.566779259938204,6.684106906345202,59355.53992279454,3967.387743277994,55388.15217951654,0.71842239
2026-06-23,scallop,vSUI,0.9391073586030307,6.37587933701389,18.90224357925067,23452.7380386273,4433.093670064907,19019.64436856239,0.71842239
2026-06-23,scallop,wUSDC,1.471229842332256,5.938209023089236,31.64613185466865,168529.6238587407,53333.10698051421,115196.5168782265,0.99975015
2026-06-23,scallop,wUSDT,1.067106347832003,5.361280885707465,25.40430509654938,73753.28728502117,18736.51012062134,55016.77716439983,0.99883858
2026-06-23,suilend,AUSD,0.03970778445080337,4.090995093066046,1.213267907547277,1663709.132279407,20185.24897687932,1643523.883302527,0.99973188
2026-06-23,suilend,BTC,0.06521644711124612,0.571036107051236,14.2759026762809,2151924.092658013,307206.5891352987,1844717.503522714,64037.69157717
2026-06-23,suilend,COIN,1.947657996529714,8.913440055252345,29.13440055252344,538278.2764148039,156824.1491379083,381454.1272768956,71.7465
2026-06-23,suilend,DEEP,0.271181492189881,27.14104913436788,1.427366089578588,5844209.206654388,83418.26041981454,5760790.946234574,0.01654512
2026-06-23,suilend,ETH,0.03964098704095279,1.111455709355124,4.458228374204947,4541700.621132288,202479.385762762,4339221.235369526,1727.585
2026-06-23,suilend,LBTC,0,3,0,4319671.522337037,0,4319671.522337037,64037.69157717
2026-06-23,suilend,SEND,0.001205996570791473,50.00128636324757,0.003215908118923693,496936.8422251378,15.98103225504123,496920.8611928828,0.05021185
2026-06-23,suilend,SUI,0.9362152153717241,2.335951356809982,50.09817588037433,41250871.61556571,20665934.21415352,20584937.40141219,0.72113919
2026-06-23,suilend,USDC,4.596504179989894,6.747029707969642,85.15792094705891,27406654.43614218,23338937.11896357,4067717.317178609,0.9997505600000002
2026-06-23,suilend,USDSUI,0.3484333022134144,4.255848857839753,10.23395431359014,9814857.25931653,1004448.007862538,8810409.25145399,0.99973188
2026-06-23,suilend,USDT,2.864492900912198,6.404599807845189,55.90694553240066,2514316.607108857,1405677.616048453,1108638.991060404,0.99883502
2026-06-23,suilend,WAL,0.3883503296618694,21.05402403694011,2.63506009235027,1610826.27258901,42446.2402660864,1568380.032322924,0.0370829
2026-06-23,suilend,WBTC,0.1065418593530104,0.7298693696580588,18.24673424145147,3883895.768026979,708684.1390068632,3175211.629020115,64037.69157717
2026-06-23,suilend,WETH,0.5687550588452998,12.96475939153319,87.73862154614798,1015.981795252509,891.4084223143592,124.57337293815,1727.585
2026-06-23,suilend,XBTC,0.2403564537836574,1.132210707795229,28.30526769488072,4822482.641984625,1365016.621352904,3457466.020631721,64037.69157717
2026-06-23,suilend,sSUI,0,0,0,43467889.72406717,0,43467889.72406717,0.7406764918542817
2026-06-23,suilend,wUSDC,6.289499215023234,12.90823476050894,60.90588035190853,39438.48358624977,24020.35562564837,15418.1279606014,0.9997505600000002
2026-06-23,suilend,wUSDT,0.3146927692020232,8.709812404112043,36.13083205482723,20811.17058572086,7519.249092970408,13291.92149275045,0.99883502
2026-06-24,alphalend,ALPHA,1.360254574372891e-13,0.000001374497167842405,0.00001099597734273924,5419133.921058835,0.5958867381323263,5419133.325172097,0.5958867381323263
2026-06-24,alphalend,BLUE,1.652751431109669,2.838078402515222,72.79359467505074,498530.9278147563,362898.5829232435,135632.3448915128,0.01081379117508396
2026-06-24,alphalend,BTCVC,0,20,0,3432953.019898105,0,3432953.019898105,62588.0247624
2026-06-24,alphalend,DEEP,3.102534302334718,7.833897573560603,52.80529090748337,2999207.333904302,1583740.157586743,1415467.17631756,0.01568572069289076
2026-06-24,alphalend,EBTC,4.321578862152229e-7,0.00734981195520694,0.00734981195520694,690826.8393494021,50.77447362828059,690776.0648757737,65198.291701376
2026-06-24,alphalend,EEARN,0,0,0,762497.48504983,0,762497.48504983,1.017072354600102
2026-06-24,alphalend,EGUSDC,0.001160266674655252,0.1576796033545275,0.9197976862347435,1290118.844954215,11866.48328556727,1278252.361668648,1.063418673
2026-06-24,alphalend,ESUI,7.321234852929325e-14,0.000003025151825307559,0.000003025151825307559,4137457.445429151,0.1251643694317235,4137457.320264782,0.7270349065859179
2026-06-24,alphalend,IKA,0.007152371251939397,1.726312453847241,0.6905249815388963,310903.0088307012,2146.862944332073,308756.1458863691,0.002146896121683076
2026-06-24,alphalend,STSUI,0.2942845324031716,2.201599272626312,15.72570909018795,5597163.732597888,880193.6858898491,4716970.046708039,0.7206937522325039
2026-06-24,alphalend,SUI,2.647985156275535,4.867273592187308,64.00455194140481,11658430.07216867,7461925.931093553,4196504.141075116,0.7081650522218002
2026-06-24,alphalend,TBTC,0.3898444771810259,0.9012080748235323,54.07248448941193,2896178.945819683,1566035.911263962,1330143.034555721,62603.35865881187
2026-06-24,alphalend,USDC,6.972774879225826,10.03719475217146,81.72865792028577,33895640.29456832,27702451.90623829,6193188.388330035,0.9998062729020817
2026-06-24,alphalend,USDSUI,1.079149768421243,5.364450312744057,26.82225156372028,8258719.773257755,2215174.593525905,6043545.17973185,0.9982541512498151
2026-06-24,alphalend,USDT,5.094377688279224,9.481602329476766,63.21068219651178,6020083.898893624,3805336.101293024,2214747.7976006,0.9992563449438574
2026-06-24,alphalend,WAL,0.8670896611918939,4.808574733236156,24.04287366618078,3651077.759747438,877824.0132301,2773253.746517338,0.03468835856490322
2026-06-24,alphalend,WBTC,0.2344020266311163,1.286313546894973,21.43855911491622,5076669.969043045,1088364.892382492,3988305.076660553,62852.4420004907
2026-06-24,alphalend,XAUM,0.908215722667555,3.221739942803853,40.27174928504816,1356789.309475248,546402.789038208,810386.5204370398,4065.721304208349
2026-06-24,alphalend,XBTC,1.356874544086096,1.895547665599534,89.47773832799767,7081445.006690725,6336316.832927784,745128.173762941,62611.78614156743
2026-06-24,bucket,BKT-AF-AFSUI-SUI,0,0,0,1.1042957132583,0,1.1042957132583,1
2026-06-24,bucket,BKT-KRIYA-FOUNTAIN-1,0,0,0,1.872678975245075,0,1.872678975245075,1
2026-06-24,bucket,BKT-PSM-BLUEFIN_STABLE_LP,0,0,0,141018.3794258671,0,141018.3794258671,1
2026-06-24,bucket,BKT-PSM-BUCKETUS,0,0,0,968764.3599336044,0,968764.3599336044,1
2026-06-24,bucket,BKT-PSM-CETABLE,0,0,0,0.237836934454936,0,0.237836934454936,1
2026-06-24,bucket,BKT-PSM-FDUSD,0,0,0,0.07019340318167852,0,0.07019340318167852,1
2026-06-24,bucket,BKT-PSM-STAPEARL,0,0,0,0.05955191188863704,0,0.05955191188863704,1
2026-06-24,bucket,BKT-PSM-USDC_CIRCLE,0,0,0,59515.37396437058,0,59515.37396437058,1
2026-06-24,bucket,BKT-PSM-USDC_WORMHOLE,0,0,0,1.591646979078032,0,1.591646979078032,1
2026-06-24,bucket,BKT-PSM-USDT_WORMHOLE,0,0,0,0.1210703022553411,0,0.1210703022553411,1
2026-06-24,bucket,BKT-SAVE-AFSUI_S,0,0,0,1336887.926248659,0,1336887.926248659,1
2026-06-24,bucket,BKT-SAVE-HASUI_NAVI_POND,0,0,0,0.8625854924586916,0,0.8625854924586916,1
2026-06-24,bucket,BKT-SAVE-HASUI_S,0,0,0,2301257.449960157,0,2301257.449960157,1
2026-06-24,bucket,BKT-SAVE-NAVI_STSUI,0,0,0,638436.6742517346,0,638436.6742517346,1
2026-06-24,bucket,BKT-SAVE-NAVI_VSUI,0,0,0,0.6536856097918978,0,0.6536856097918978,1
2026-06-24,bucket,BKT-SAVE-SUI_NAVI_POND,0,0,0,936559.6311644971,0,936559.6311644971,1
2026-06-24,bucket,BKT-SAVE-VSUI_S,0,0,0,1414019.763541755,0,1414019.763541755,1
2026-06-24,bucket,BKT-SCOIN-NAVI_CIRCLE_USDC,0,0,0,0.706297917199602,0,0.706297917199602,1
2026-06-24,bucket,BKT-SCOIN-NAVI_SUI_BRIDGE_USDT,0,0,0,19231.11057888308,0,19231.11057888308,1
2026-06-24,bucket,BKT-SCOIN-SCALLOP_CIRCLE_USDC,0,0,0,0.9649163844854923,0,0.9649163844854923,1
2026-06-24,bucket,BKT-SCOIN-SCALLOP_SUI_BRIDGE_USDT,0,0,0,0.3026719671052355,0,0.3026719671052355,1
2026-06-24,bucket,BKT-SCOIN-SCALLOP_USDC,0,0,0,0.5511401680652905,0,0.5511401680652905,1
2026-06-24,bucket,BKT-SCOIN-SCALLOP_USDT,0,0,0,0.1964431464024932,0,0.1964431464024932,1
2026-06-24,bucket,PSM-BUCK,0,0,0,2483569.233087924,2486769.686409,2483569.233087924,0.9987130077471319
2026-06-24,bucket,PSM-USDC,0,0,0,1833.785612547656,1834.115562,1833.785612547656,0.9998201043275677
2026-06-24,bucket,PSM-USDSUI,0,0,0,667319.6323454751,668255.781942,667319.6323454751,0.9985991148571819
2026-06-24,bucket,PSM-USDT,0,0,0,0,0,0,0.9989668369894071
2026-06-24,bucket,SAVING-USDB,3,0,0,8272507.549604,0,8272507.549604,1
2026-06-24,bucket,SUI,0,8,87.21019884333333,41540.14818571653,26163.059653,3836.940347,0.7050511505299382
2026-06-24,bucket,V1-AF_LP,0,0,0,0,0,0,0
2026-06-24,bucket,V1-BTC,0,0,1.267792392573665e-9,709.895409746833,9e-9,709.895409737833,62625.19471778633
2026-06-24,bucket,V1-CETUS,0,0,55.54017781817237,17.67754676829207,9.818140909,7.859405859292075,0.01767754676829207
2026-06-24,bucket,V1-COIN,0,0,0.06800532323048457,87.19406553285741,3e-9,87.19406552985741,0.998633262853782
2026-06-24,bucket,V1-HAEDAL,0,0,100,25.65442847130076,50.493491719,0,0.01679224933075889
2026-06-24,bucket,V1-LBTC,0,0,38.7290060170963,1104.089985676992,427.603076987,676.4869086899924,63136.02564102961
2026-06-24,bucket,V1-LP_TOKEN,0,0,0,0,1487.982953506,0,0
2026-06-24,bucket,V1-MUSD,0,0,69.5403073772993,72.59154025608865,50.480380224,22.11116003208865,1.000468765862576
2026-06-24,bucket,V1-NAVX,0,0,100,47.70267245408144,52.870769635,0,0.006712691186064235
2026-06-24,bucket,V1-SCA,0,0,100,1179.48774279556,1865.037219788,0,0.01016500270438378
2026-06-24,bucket,V1-SCALLOP_DEEP,0,0,17.25204011106682,7866.788395346918,1357.181489418,6509.606905928918,0.01989354091606935
2026-06-24,bucket,V1-SCALLOP_SB_USDT,0,0,66.11733202218586,532.0120053482626,351.752143974,180.2598613742626,1.131541294146058
2026-06-24,bucket,V1-SCALLOP_SCA,0,0,100,128.4582506843062,161.471204678,0,0.01421485555203293
2026-06-24,bucket,V1-SCALLOP_SUI,0,0,60.51483153313089,76137.80529869585,46074.664609529,30063.14068916685,0.7798345960250034
2026-06-24,bucket,V1-SCALLOP_USDC,0,0,52.0039330269648,13339.02135037586,6936.815729502,6402.205620873864,1.129654879088654
2026-06-24,bucket,V1-SCALLOP_WORMHOLE_USDC,0,0,67.38803026147939,643.8964788914936,433.909154048,209.9873248434936,1.159758544067966
2026-06-24,bucket,V1-SCALLOP_WORMHOLE_USDT,0,0,52.62767455871729,2096.401049485951,1103.287121769,993.1139277169509,1.173145407332855
2026-06-24,bucket,V1-STSUI,0,0,97.62323196134443,37.19283081139651,36.308843496,0.8839873153965101,0.730937557452724
2026-06-24,bucket,V1-SUI,0,0,17.12725954284778,0,3017.794346294,0,0
2026-06-24,bucket,V1-TBTC,0,0,93.205824220079,308.947244648652,287.95682578,20.990418868652,62863.27946963062
2026-06-24,bucket,V1-TLP,0,0,0,0,12494.869472018,0,0
2026-06-24,bucket,V1-USDY,0,0,72.78541439518878,867.4850831236548,631.402612568,236.0824705556548,1.141922764470575
2026-06-24,bucket,V1-WAL,0,0,100,40577.25189966326,50584.022907858,0,0.03491464752527675
2026-06-24,bucket,V1-WETH,0,0,21.21344899917353,1476.461166848458,313.208336622,1163.252830226458,1670.745191585376
2026-06-24,bucket,V1-afSUI,0,0,58.52292705724279,5667.732191336964,3316.922776136,2350.809415200964,0.7499951916614066
2026-06-24,bucket,V1-haSUI,0,0,30.04507861595879,3015.157815785569,905.906536148,2109.251279637569,0.7633499818422496
2026-06-24,bucket,V1-sSUI,0,0,69.24730275835881,75.27805512353714,52.128022742,23.15003238153714,0.7289450581304868
2026-06-24,bucket,V1-vSUI,0,0,87.97956827508585,12258.13286329004,10784.652371709,1473.480491581044,0.7522273990700781
2026-06-24,bucket,V1PSM-AUSD,0,0,0,7.307956001,7.307956001,7.307956001,0.9997113562019248
2026-06-24,bucket,V1PSM-BLUEFIN_STABLE_LP,0,0,0,282087.505173162,282087.505173162,282087.505173162,1
2026-06-24,bucket,V1PSM-BUCKETUS,0,0,0,1937877.33561359,1937877.33561359,1937877.33561359,1
2026-06-24,bucket,V1PSM-CETABLE,0,0,0,0.238021,0.238021,0.238021,1
2026-06-24,bucket,V1PSM-COIN,0,0,0,1019.758977,1019.758977,1019.758977,0.9998201043275677
2026-06-24,bucket,V1PSM-FDUSD,0,0,0,0.070352,0.070352,0.070352,0.9977456672401427
2026-06-24,bucket,V1PSM-SCABLE,0,0,0,854.607426626,854.607426626,854.607426626,1
2026-06-24,bucket,V1PSM-STAPEARL,0,0,0,0.059598,0.059598,0.059598,1
2026-06-24,bucket,V1PSM-USDC,0,0,0,59526.082350565,59526.082350565,59526.082350565,0.9998201043275677
2026-06-24,bucket,V1PSM-USDT,0,0,0,0.057134295,0.057134295,0.057134295,0.9989668369894071
2026-06-24,bucket,WBTC,0,9,32.12616773055556,201028.6653115586,57827.101915,122172.898085,62854.39223645414
2026-06-24,bucket,XBTC,0,9,88.64085444166668,188692.8697505189,106369.02533,13630.97467,62890.97232021354
2026-06-24,bucket,afSUI,0,9,74.887620735,24923.59840994658,14977.524147,5022.475853,0.7499951916614066
2026-06-24,bucket,haSUI,0,9,81.23091129477777,4328766.73030378,1462156.403306,337843.5966940001,0.7633499818422496
2026-06-24,bucket,vSUI,0,9,3.6924182675,181347.2102131704,7384.836535,192615.163465,0.7522273990700781
2026-06-24,navi,AUSD,1.6618,5.566300000000001,42.69424653640133,2425.965775636163,1035.748304933945,1390.217470702217,0.999685
2026-06-24,navi,BLUE,2.3166,14.0915,23.49515371112029,19438.80733578169,4567.185048733102,14871.62228704859,0.01086168
2026-06-24,navi,BUCK,0.2429,3.654300000000001,9.495354909328292,20406427.70662273,1937663.696246711,18468764.01037602,0.99941015
2026-06-24,navi,CETUS,0.4711,5.1885,12.97186899134253,165202.4452593553,21429.85928324312,143772.5859761122,0.01761216
2026-06-24,navi,DEEP,4.6059,12.9888,50.65768127323771,5175929.975438077,2622008.722692718,2553921.252745359,0.015678
2026-06-24,navi,FDUSD,0.1057,4.577,3.080724568213211,25710.9532556804,792.0841806810206,24918.86907499938,0.9973
2026-06-24,navi,HAEDAL,0.0378,30.14333333333333,0.1791954649100439,63910.06167575346,114.5260036774961,63795.53567207596,0.01676724
2026-06-24,navi,IKA,1.658,33.2619,16.6177531115328,156913.718478042,26075.64280535619,130838.0756726858,0.002137
2026-06-24,navi,LBTC,0.005500000000000001,0.2968,3.710167061254503,2925597.379892731,108544.5549859145,2817052.824906817,62969.28392906
2026-06-24,navi,MBTC,0,0,0,18848268.53372771,0,18848268.53372771,62829.65
2026-06-24,navi,NAVX,0.0061,0.7805,0.9756892537480569,1638988.032551288,15991.43195770142,1622996.600593586,0.00671903
2026-06-24,navi,NS,0.5998,13.0612,7.65439229142526,236289.5752221576,18086.56375129827,218203.0114708593,0.011515
2026-06-24,navi,SOL,0.1207,6.6188,2.605715735876613,44622.42723531758,1162.734732410445,43459.69250290713,68.9391413
2026-06-24,navi,SUI,1.884333333333333,2.727266666666667,86.3647237501445,20151018.82329076,17392296.31154932,2758722.511741432,0.70601468
2026-06-24,navi,USDC,5.13,8.383333333333333,76.4914050724653,27253774.30706933,20897733.15266214,6356041.154407189,0.99975
2026-06-24,navi,USDSUI,1.1378,2.9212,48.68676316174543,4591190.120143105,2235302.362652859,2355887.757490246,0.999748
2026-06-24,navi,USDY,0.0089,0.2675,4.458601675459177,2299576.79226079,102528.973318661,2197047.818942129,1.136694
2026-06-24,navi,WAL,5.3537,13.374,57.18665571738274,4373644.8022403,2501143.422073034,1872501.380167265,0.03493042
2026-06-24,navi,WBTC,0.06124,0.28916,39.54132345492877,29801.13057183075,908.3027362937459,28892.82783553701,62503.64166694
2026-06-24,navi,WETH,0.001,0.515,9.66263467712556,155824.4264776715,15056.74611871259,140767.6803589589,1657.74117012
2026-06-24,navi,XAUm,0.0057,8.0201,0.100744730627858,1156669.493628635,1165.284965940063,1155504.208662695,4128.78100001
2026-06-24,navi,YBTC.B,0,0,0,4017.227396923775,0,4017.227396923775,62769.2075
2026-06-24,navi,enzoBTC,0,0,0,27330897.75,0,27330897.75,62829.65
2026-06-24,navi,haSUI,0.0148,0.275,8.258673775191175,16545949.13758683,1366476.013992461,15179473.12359437,0.70357352
2026-06-24,navi,stBTC,0.0002,0.2484,3.105113451857653,31772.24915811759,986.5644186483282,30785.68473946926,62878.30251502
2026-06-24,navi,stSUI,0.0202,0.5799,4.350225103765101,9354.013248777997,406.9206664100513,8947.092582367944,0.70061974
2026-06-24,navi,suiETH,0.1016,1.1637,14.54593572364683,1525501.393388065,221898.4852414549,1303602.90814661,1668.00779152
2026-06-24,navi,suiUSDT,5.7358,8.6756,82.64408862071963,4663438.189324237,3854056.86038123,809381.3289430067,0.998785
2026-06-24,navi,suiUSDe,0.6745,2.2492,37.48744335881967,681986.8672323296,255659.4944845919,426327.3727477376,0.99975
2026-06-24,navi,vSUI,0.0062,0.3564,2.673623448885829,12035089.51909534,321772.992217302,11713316.52687803,0.70560835
2026-06-24,navi,wBTC,0.4985,1.2229,81.52457663190752,8060680.932174905,6571436.226252099,1489244.705922806,62769.2075
2026-06-24,navi,wUSDC,1.4548,19.5109,93.2076348074808,2166810.837266893,2019633.533624393,147177.3036424996,0.999748
2026-06-24,navi,wUSDT,1.4113,29.3586,96.1393384772711,1161889.518994311,1117033.087295358,44856.43169895263,0.998766
2026-06-24,navi,xBTC,1.9037,3.3595,80.95316216303264,9826044.52839582,7954494.52463598,1871550.003759841,62805.57251502
2026-06-24,scallop,CETUS,0.4838210427508205,22.73406769296802,3.925821142330034,64799.6222952071,2543.917272215247,62255.70502299185,0.01767803
2026-06-24,scallop,DEEP,5.841180018387671,27.3576339560816,33.52729291598751,124858.1518996184,41861.5583168737,82996.59358274472,0.01573926
2026-06-24,scallop,SBETH,1.808300591466838,7.250274155542469,32.00263067210905,403245.303015129,129049.1050265588,274196.1979885703,1670.04571415
2026-06-24,scallop,SCA,5.224789117798712,25.62254353327704,22.54628198200974,248918.4108785675,56121.84682181943,192796.564056748,0.01013566
2026-06-24,scallop,SUI,2.41052966184836,7.772420121333323,39.77484445556477,3965528.612686433,1577282.837536944,2388245.775149489,0.70827457
2026-06-24,scallop,USDC,3.706784639143801,8.113914475488372,58.31436515788801,3507678.628799534,2045480.52416336,1462198.104636175,0.99974988
2026-06-24,scallop,USDSUI,6.227141143401704,9.994802979249062,79.26295451919317,487838.4127406019,386675.1392177371,101163.2735228648,0.99974988
2026-06-24,scallop,USDT,4.139502518739491,8.472696931142632,62.33825200538832,944943.0137244096,589060.9572028336,355882.056521576,0.99873502
2026-06-24,scallop,USDY,1.804616615456278,6.231468648432914,36.9813208248652,617591.9655723552,228393.6661769037,389198.2993954514,1.13722007
2026-06-24,scallop,WBTC,0,5.126749587580526,0,122.7975016979221,0,122.7975016979221,62910.16762618
2026-06-24,scallop,WETH,0.5748074511087609,5.944887473933824,12.40546264445843,8411.02173240799,1043.426159031154,7367.595573376836,1670.04571415
2026-06-24,scallop,afSUI,0.1383156175076339,5.344945318850058,3.317901946910225,108648.826072835,3604.861515565698,105043.9645572693,0.70827457
2026-06-24,scallop,haSUI,0.2901656623140569,5.566840951076268,6.685043751166708,58517.59770279197,3911.927008563368,54605.6706942286,0.70827457
2026-06-24,scallop,vSUI,0.9392684585333377,6.376059265201639,18.90495372028328,23122.05535311811,4371.213863685261,18750.84148943285,0.70827457
2026-06-24,scallop,wUSDC,1.471475256771182,5.938536993761012,31.64967375346308,168536.3099098626,53341.19224259696,115195.1176672656,0.99974988
2026-06-24,scallop,wUSDT,1.067280208515164,5.361546895958913,25.40719395595189,73747.78038482323,18737.24160058148,55010.53878424175,0.99873502
2026-06-24,suilend,AUSD,0.03971337147115821,4.091007617762812,1.213434903504154,1663718.787420084,20188.14446271137,1643530.642957373,0.99976322
2026-06-24,suilend,BTC,0.06522595268611771,0.5710777210070347,14.27694302517586,2113989.898010963,301813.1332969985,1812176.764713964,62912.43100979001
2026-06-24,suilend,COIN,1.952359690014878,8.918738255196939,29.18738255196939,523528.2010102682,152804.1787963102,370724.0222139579,69.89050001
2026-06-24,suilend,DEEP,0.2616358587188018,27.07102696683781,1.38068464455854,5538109.169762884,76463.8229058046,5461645.346857081,0.01571012
2026-06-24,suilend,ETH,0.03883865518067032,1.109401999865109,4.376079994604374,4471230.802829936,195664.6366752294,4275566.166154707,1669.40071007
2026-06-24,suilend,LBTC,0,3,0,4243774.911912376,0,4243774.911912376,62912.43100979001
2026-06-24,suilend,SEND,0.001207658857067601,50.00128813626164,0.003220340654095508,493986.015181135,15.9080324724245,493970.1071486626,0.04991406
2026-06-24,suilend,SUI,0.9537074817131401,2.351762657319723,50.6910996494896,40607622.68940888,20584450.482777,20023172.20663188,0.7066549400000002
2026-06-24,suilend,USDC,3.958394936057672,6.46780370019301,76.50191470598331,28601545.27801795,21880729.77318249,6720815.504835457,0.99975018
2026-06-24,suilend,USDSUI,0.8669416137285844,4.590210907030897,23.60843628123591,7898217.89732069,1864645.739642126,6033572.157678564,0.99976322
2026-06-24,suilend,USDT,3.230335921624506,6.622488229091421,60.97285132637554,2548560.263802396,1553929.86061132,994630.4031910769,0.99873501
2026-06-24,suilend,WAL,0.3825213254858297,21.03894747955316,2.597368698882907,1536216.530438511,39901.20730867489,1496315.323129836,0.03493091
2026-06-24,suilend,WBTC,0.1068542212685341,0.7309385106441378,18.27346276610345,3813586.504311909,696874.3099185828,3116712.194393327,62912.43100979001
2026-06-24,suilend,WETH,13.40640755753106,270.8946376707793,98.97875921651857,886.497783401925,877.4445064931657,9.053276908759315,1669.40071007
2026-06-24,suilend,XBTC,0.1964132716751146,1.023492769360851,25.58731923402128,4823126.059170839,1234108.661819313,3589017.397351527,62912.43100979001
2026-06-24,suilend,sSUI,0,0,0,43761091.29085062,0,43761091.29085062,0.7256070284712312
2026-06-24,suilend,wUSDC,6.300942672633712,12.9213146946767,60.95493010503764,39420.68394471289,24028.85034542753,15391.83359928536,0.99975018
2026-06-24,suilend,wUSDT,0.3164267806420906,8.72118943473792,36.2825257965056,20727.0396936724,7520.293523708644,13206.74616996376,0.99873501
2026-06-25,alphalend,ALPHA,1.360254574372891e-13,0.000001374497167842405,0.00001099597734273924,5272591.531559615,0.5797729701854833,5272590.951786646,0.5797729701854833
2026-06-25,alphalend,BLUE,1.653373407303126,2.839023574572958,72.79674524857653,480757.8484915325,349976.0662289184,130781.782262614,0.01042800745562922
2026-06-25,alphalend,BTCVC,0,20,0,3338824.387216193,0,3338824.387216193,60871.91470817
2026-06-25,alphalend,DEEP,2.934692644084721,7.449752399028448,52.52420907245984,2857261.321895462,1500753.910458902,1356507.41143656,0.01486106653752414
2026-06-25,alphalend,EBTC,4.321578862152229e-7,0.00734981195520694,0.00734981195520694,671496.323352351,49.35371705252614,671446.9696352985,63373.932037092
2026-06-25,alphalend,EEARN,0,0,0,762360.0452728274,0,762360.0452728274,1.020780900542514
2026-06-25,alphalend,EGUSDC,0.001165002543092404,0.1580010766074806,0.92167294687697,1287413.716191412,11865.7439365197,1275547.972254892,1.063352416
2026-06-25,alphalend,ESUI,7.297789464554637e-14,0.000003020304095731636,0.000003020304095731636,4031704.782551871,0.1217697446752224,4031704.660782126,0.7073167495421652
2026-06-25,alphalend,ETHIRD,0,0,0,6606582.871048166,0,6606582.871048166,1.036095743590401
2026-06-25,alphalend,IKA,0.007163184639553602,1.727616932795192,0.6910467731180769,274725.4720383096,1898.481509454143,272826.9905288554,0.001901306231393294
2026-06-25,alphalend,STSUI,0.3170748694368138,2.285259200671426,16.3232800047959,5295232.4911486,864355.6264351152,4430876.864713484,0.7080841206284733
2026-06-25,alphalend,SUI,2.49634558352077,4.687362427515701,62.65521820636776,10902962.4421472,6831274.909085653,4071687.53306155,0.6790480348240766
2026-06-25,alphalend,TBTC,0.3898666397508646,0.9012336911964812,54.07402147178887,2810719.988019647,1519869.329833605,1290850.658186042,60756.31998377087
2026-06-25,alphalend,USDC,6.698358404726728,9.707452801591256,81.1790880026521,33634688.57818861,27304333.44030571,6330355.137882904,0.9997455322377322
2026-06-25,alphalend,USDSUI,1.064342067176385,5.32751866488552,26.6375933244276,8334433.438339227,2220092.485199912,6114340.953139315,1.000327844828562
2026-06-25,alphalend,USDT,4.68948603102716,9.097012467929005,60.64674978619337,6232093.648853387,3779562.241661362,2452531.407192025,0.9986683524257874
2026-06-25,alphalend,WAL,0.870176885325666,4.81712745752256,24.0856372876128,3310990.517213955,797473.166603408,2513517.350610546,0.03151170244044368
2026-06-25,alphalend,WBTC,0.234413945910183,1.286346250825592,21.43910418042653,4913054.263808505,1053314.822058793,3859739.441749712,60826.22104135829
2026-06-25,alphalend,XAUM,0.9133191198859814,3.230778977073011,40.38473721341263,1323739.289125031,534588.6333038404,789150.6558211908,3977.477309473289
2026-06-25,alphalend,XBTC,1.827454560317892,2.473125799299237,92.36562899649618,6684559.47816544,6174235.407652413,510324.070513028,61007.13937228121
2026-06-25,bucket,BKT-AF-AFSUI-SUI,0,0,0,1.064590159630579,0,1.064590159630579,1
2026-06-25,bucket,BKT-KRIYA-FOUNTAIN-1,0,0,0,1.843698465580149,0,1.843698465580149,1
2026-06-25,bucket,BKT-PSM-BLUEFIN_STABLE_LP,0,0,0,141018.6843944425,0,141018.6843944425,1
2026-06-25,bucket,BKT-PSM-BUCKETUS,0,0,0,968766.4549987157,0,968766.4549987157,1
2026-06-25,bucket,BKT-PSM-CETABLE,0,0,0,0.2378006532383998,0,0.2378006532383998,1
2026-06-25,bucket,BKT-PSM-FDUSD,0,0,0,0.0700747247056517,0,0.0700747247056517,1
2026-06-25,bucket,BKT-PSM-STAPEARL,0,0,0,0.05954282744674692,0,0.05954282744674692,1
2026-06-25,bucket,BKT-PSM-USDC_CIRCLE,0,0,0,59515.50267325866,0,59515.50267325866,1
2026-06-25,bucket,BKT-PSM-USDC_WORMHOLE,0,0,0,1.591645851004382,0,1.591645851004382,1
2026-06-25,bucket,BKT-PSM-USDT_WORMHOLE,0,0,0,0.1210330804392201,0,0.1210330804392201,1
2026-06-25,bucket,BKT-SAVE-AFSUI_S,0,0,0,1293293.97507119,0,1293293.97507119,1
2026-06-25,bucket,BKT-SAVE-HASUI_NAVI_POND,0,0,0,0.8254088557669542,0,0.8254088557669542,1
2026-06-25,bucket,BKT-SAVE-HASUI_S,0,0,0,2202075.382907922,0,2202075.382907922,1
2026-06-25,bucket,BKT-SAVE-NAVI_STSUI,0,0,0,612695.7566739059,0,612695.7566739059,1
2026-06-25,bucket,BKT-SAVE-NAVI_VSUI,0,0,0,0.6269667021770411,0,0.6269667021770411,1
2026-06-25,bucket,BKT-SAVE-SUI_NAVI_POND,0,0,0,899762.0949226887,0,899762.0949226887,1
2026-06-25,bucket,BKT-SAVE-VSUI_S,0,0,0,1356222.769296033,0,1356222.769296033,1
2026-06-25,bucket,BKT-SCOIN-NAVI_CIRCLE_USDC,0,0,0,0.7062994446506372,0,0.7062994446506372,1
2026-06-25,bucket,BKT-SCOIN-NAVI_SUI_BRIDGE_USDT,0,0,0,19223.43160723776,0,19223.43160723776,1
2026-06-25,bucket,BKT-SCOIN-SCALLOP_CIRCLE_USDC,0,0,0,0.9649184712289111,0,0.9649184712289111,1
2026-06-25,bucket,BKT-SCOIN-SCALLOP_SUI_BRIDGE_USDT,0,0,0,0.3025511103588869,0,0.3025511103588869,1
2026-06-25,bucket,BKT-SCOIN-SCALLOP_USDC,0,0,0,0.5511397774468247,0,0.5511397774468247,1
2026-06-25,bucket,BKT-SCOIN-SCALLOP_USDT,0,0,0,0.1963827519825782,0,0.1963827519825782,1
2026-06-25,bucket,PSM-BUCK,0,0,0,2487668.349600067,2491948.743453,2487668.349600067,0.9982823106357308
2026-06-25,bucket,PSM-USDC,0,0,0,1835.899203303825,1836.225562,1835.899203303825,0.9998222665543225
2026-06-25,bucket,PSM-USDSUI,0,0,0,667625.9229432152,668256.784492,667625.9229432152,0.9990559593805481
2026-06-25,bucket,PSM-USDT,0,0,0,0,0,0,0.9985679500928656
2026-06-25,bucket,SAVING-USDB,3,0,0,7926195.729829,0,7926195.729829,1
2026-06-25,bucket,SUI,0,8,87.22595973666667,39906.7856921726,26167.787921,3832.212079000001,0.677349609271219
2026-06-25,bucket,V1-AF_LP,0,0,0,0,0,0,0
2026-06-25,bucket,V1-BTC,0,0,1.30803704915638e-9,688.0539053388864,9e-9,688.0539053298863,60698.39191318044
2026-06-25,bucket,V1-CETUS,0,0,58.21551621328843,16.86516164011767,9.818140909,7.047020731117666,0.01686516164011767
2026-06-25,bucket,V1-COIN,0,0,0.06800537142955677,87.16725861643238,3e-9,87.16725861343238,0.9983262433536247
2026-06-25,bucket,V1-HAEDAL,0,0,100,24.30915282953132,50.493491719,0,0.01591169165158625
2026-06-25,bucket,V1-LBTC,0,0,40.16703924358687,1064.562101263841,427.603076987,636.959024276841,60875.67226746456
2026-06-25,bucket,V1-LP_TOKEN,0,0,0,0,1487.982953506,0,0
2026-06-25,bucket,V1-MUSD,0,0,69.65619002100084,72.47077425391846,50.480380224,21.99039402991846,0.9988043485940741
2026-06-25,bucket,V1-NAVX,0,0,100,48.11837308625404,52.870769635,0,0.006771188327336822
2026-06-25,bucket,V1-SCA,0,0,100,1175.907753816971,1865.037219788,0,0.01013414982111195
2026-06-25,bucket,V1-SCALLOP_DEEP,0,0,18.34350098041038,7398.70481031608,1357.181489418,6041.52332089808,0.01870985076413146
2026-06-25,bucket,V1-SCALLOP_SB_USDT,0,0,66.13339018895769,531.8828249526699,351.752143974,180.1306809786699,1.131266539158318
2026-06-25,bucket,V1-SCALLOP_SCA,0,0,100,121.6041529379155,161.471204678,0,0.01345639894153543
2026-06-25,bucket,V1-SCALLOP_SUI,0,0,62.91899838550988,73228.54112715802,46074.664609529,27153.87651762903,0.750036720435594
2026-06-25,bucket,V1-SCALLOP_USDC,0,0,52.00200333783,13339.51633447102,6936.815729502,6402.700604969022,1.129696798295729
2026-06-25,bucket,V1-SCALLOP_WORMHOLE_USDC,0,0,67.38929103376564,643.8844323656533,433.909154048,209.9752783176533,1.159736846385609
2026-06-25,bucket,V1-SCALLOP_WORMHOLE_USDT,0,0,52.64460361359292,2095.726904635919,1103.287121769,992.4397828669189,1.172768156074139
2026-06-25,bucket,V1-STSUI,0,0,100,35.69326533996686,36.308843496,0,0.7014671272914529
2026-06-25,bucket,V1-SUI,0,0,17.82771242623464,0,3017.794346294,0,0
2026-06-25,bucket,V1-TBTC,0,0,96.17918864710572,299.3961893737241,287.95682578,11.43936359372412,60919.87111309878
2026-06-25,bucket,V1-TLP,0,0,0,0,12494.869472018,0,0
2026-06-25,bucket,V1-USDY,0,0,73.35824467576246,860.7111788984984,631.402612568,229.3085663304984,1.133005867120368
2026-06-25,bucket,V1-WAL,0,0,100,36483.95928268539,50584.022907858,0,0.03139257882301488
2026-06-25,bucket,V1-WETH,0,0,21.93306376050983,1428.019085896824,313.208336622,1114.810749274824,1615.928732041717
2026-06-25,bucket,V1-afSUI,0,0,60.49559968548696,5482.915771362686,3316.922776136,2165.992995226687,0.7255389503215901
2026-06-25,bucket,V1-haSUI,0,0,31.39831703141329,2885.207303441332,905.906536148,1979.300767293332,0.7304503038489373
2026-06-25,bucket,V1-sSUI,0,0,72.51715684412461,71.88371002195936,52.128022742,19.75568727995936,0.6960763677356028
2026-06-25,bucket,V1-vSUI,0,0,91.72891883640675,11757.09090275315,10784.652371709,972.4385310441521,0.7214806699390577
2026-06-25,bucket,V1PSM-AUSD,0,0,0,7.307956001,7.307956001,7.307956001,0.999596705655342
2026-06-25,bucket,V1PSM-BLUEFIN_STABLE_LP,0,0,0,282087.505173162,282087.505173162,282087.505173162,1
2026-06-25,bucket,V1PSM-BUCKETUS,0,0,0,1937877.33561359,1937877.33561359,1937877.33561359,1
2026-06-25,bucket,V1PSM-CETABLE,0,0,0,0.238021,0.238021,0.238021,1
2026-06-25,bucket,V1PSM-COIN,0,0,0,1019.758977,1019.758977,1019.758977,0.9998222665543225
2026-06-25,bucket,V1PSM-FDUSD,0,0,0,0.070352,0.070352,0.070352,0.9960587432575009
2026-06-25,bucket,V1PSM-SCABLE,0,0,0,854.607426626,854.607426626,854.607426626,1
2026-06-25,bucket,V1PSM-STAPEARL,0,0,0,0.059598,0.059598,0.059598,1
2026-06-25,bucket,V1PSM-USDC,0,0,0,59526.082350565,59526.082350565,59526.082350565,0.9998222665543225
2026-06-25,bucket,V1PSM-USDT,0,0,0,0.057134295,0.057134295,0.057134295,0.9985679500928656
2026-06-25,bucket,WBTC,0,9,32.12616773055556,194297.8939130749,57827.101915,122172.898085,60749.92347883424
2026-06-25,bucket,XBTC,0,9,88.64085444166668,182253.1338119736,106369.02533,13630.97467,60744.62065787456
2026-06-25,bucket,afSUI,0,9,74.887620735,24110.87648246321,14977.524147,5022.475853,0.7255389503215901
2026-06-25,bucket,haSUI,0,9,81.23091129477777,4142200.889047772,1462156.403306,337843.5966940001,0.7304503038489373
2026-06-25,bucket,vSUI,0,9,3.7180544775,173961.4725247233,7436.108955,192563.891045,0.7214806699390577
2026-06-25,navi,AUSD,1.6283,5.548100000000001,41.92656212086595,2426.265229447752,1017.249972105116,1409.015257342636,0.999744
2026-06-25,navi,BLUE,2.3427,14.1705,23.61948958926723,18769.3677648486,4433.234332655328,14336.13343219327,0.01053906
2026-06-25,navi,BUCK,0.2429,3.654300000000001,9.49737883338439,20391875.07707129,1936701.033706737,18455174.04336455,0.9986935
2026-06-25,navi,CETUS,0.4799,5.2365,13.09174615513403,157616.1114717591,20634.71191372482,136981.3995580343,0.01695625
2026-06-25,navi,DEEP,4.5657,12.9676,50.29849672468955,4933393.178631287,2481424.428678054,2451968.749953233,0.014833
2026-06-25,navi,FDUSD,0.1111,4.5808,3.232333348640207,24638.99591515654,796.4148839916429,23842.5810311649,0.996337
2026-06-25,navi,HAEDAL,0.038,30.14399999999999,0.1800165976940812,60476.73971370723,108.8685424881601,60367.87117121907,0.01592586
2026-06-25,navi,IKA,1.6705,33.3651,16.69237560543847,140021.040454955,23372.91202552198,116648.128429433,0.00191376
2026-06-25,navi,LBTC,0.005399999999999999,0.2952,3.689427427073322,2835992.883433629,104631.6541853998,2731361.229248229,61054.07944679
2026-06-25,navi,MBTC,0,0,0,18233860.4550107,0,18233860.4550107,60781.55499998
2026-06-25,navi,NAVX,0.0061,0.7805,0.9756456447266656,1664803.434335583,16242.5836307907,1648560.850704792,0.00682441
2026-06-25,navi,NS,0.6032,13.0754,7.688686336447536,233419.0290870589,17946.88167860934,215472.1474084495,0.011422
2026-06-25,navi,SOL,0.1207,6.6189,2.606068764535513,43956.344404961,1145.533402997284,42810.81100196372,67.907
2026-06-25,navi,SUI,1.8405,2.7026,85.12870574391518,19699673.14798836,16770115.12476382,2929558.023224537,0.68087735
2026-06-25,navi,USDC,5.2173,8.4263,77.39567162426549,27074083.25383607,20954170.97124568,6119912.282590384,0.99969
2026-06-25,navi,USDSUI,1.614033333333333,3.478433333333333,57.97415774259935,4288873.690704423,2562531.163995327,1726342.526709096,0.999688
2026-06-25,navi,USDY,0.009,0.2677,4.461986757610699,2293573.63132377,102338.9546882625,2191234.676635507,1.137294
2026-06-25,navi,WAL,5.3306,13.3624,56.98930580957377,3973546.796585047,2264498.218330104,1709048.578254943,0.03160512
2026-06-25,navi,WBTC,0.0607,0.28832,39.38365006426027,28979.34608078894,883.2832561222262,28096.06282466671,60781.55499998
2026-06-25,navi,WETH,0.001,0.515,9.663249788358797,152174.0660068099,14704.96088933442,137469.1051174754,1619.11448725
2026-06-25,navi,XAUm,0.0057,8.0202,0.1009342662884848,1122476.225283038,1132.964176563968,1121343.261106474,4013.385
2026-06-25,navi,YBTC.B,0,0,0,3890.01769655207,0,3890.01769655207,60781.55499998
2026-06-25,navi,enzoBTC,0,0,0,26439976.4249913,0,26439976.4249913,60781.55499998
2026-06-25,navi,haSUI,0.0147,0.2747,8.250483184559952,16021833.29902747,1321878.700091302,14699954.59893616,0.680864
2026-06-25,navi,stBTC,0.0002,0.2484,3.105134215269793,30712.77099240313,953.6727875188387,29759.09820488429,60781.55499998
2026-06-25,navi,stSUI,0.0226,0.6133,4.600556628918977,8647.156336728629,397.817350581461,8249.338986147168,0.68493499
2026-06-25,navi,suiETH,0.1109,1.2159,15.19873283462576,1429957.98037179,217335.5186182961,1212622.461753494,1618.07475682
2026-06-25,navi,suiUSDT,5.5446,8.5848,80.7332263451617,4751522.860640202,3836058.428891973,915464.4317482287,0.99847
2026-06-25,navi,suiUSDe,0.6696,2.241,37.3494235699768,681975.9479019239,254714.1261750385,427261.8217268854,0.999711
2026-06-25,navi,vSUI,0.0061,0.3543,2.657813927532962,11618751.93607284,308804.8082829696,11309947.12778987,0.68087735
2026-06-25,navi,wBTC,0.4983,1.2227,81.51446169425496,7816338.805112786,6371446.664978276,1444892.140134509,60856.91171358
2026-06-25,navi,wUSDC,1.4554,19.5184,93.21010634052045,2167475.371895654,2020306.403566288,147168.9683293661,0.99969
2026-06-25,navi,wUSDT,1.4109,29.353,96.13536048254707,1160253.214766162,1115413.754432946,44839.46033321523,0.998459
2026-06-25,navi,xBTC,0.2036,0.4263000000000001,68.21408120440317,9506723.055257048,6484923.884718616,3021799.170538431,60856.91171358
2026-06-25,scallop,CETUS,0.2028456709157966,22.38885116797147,1.671217137489865,61817.89815928234,1033.111308073958,60784.78685120838,0.01686905
2026-06-25,scallop,DEEP,4.660784301967458,26.4392270220833,27.73361712953555,116001.3433600485,32171.36843259377,83829.97492745474,0.0147599
2026-06-25,scallop,SBETH,1.808677453357688,7.250618616986193,32.00777214323999,390662.0594508337,125042.2218391116,265619.8376117221,1617.88284332
2026-06-25,scallop,SCA,5.233519725159641,25.62767315930965,22.57897153074223,248362.3772831321,56077.67045983301,192284.7068232991,0.01012136
2026-06-25,scallop,SUI,2.392817901385658,7.757799016042055,39.55772060882868,3746698.754134675,1482108.62521506,2264590.128919615,0.67940754
2026-06-25,scallop,USDC,3.52349951818467,7.956029495224559,56.53940403526844,3580854.331746838,2024593.698540756,1556260.633206082,0.9996852700000001
2026-06-25,scallop,USDSUI,6.041796447901215,9.870852527734009,77.89348126883642,493899.6368253372,384715.6210973952,109184.015727942,0.9996852700000001
2026-06-25,scallop,USDT,3.88065054001947,8.260329663075105,59.95807727195643,944694.6127766644,566420.7259126421,378273.8868640224,0.99846
2026-06-25,scallop,USDY,1.514539429888018,5.875717480333043,32.90740417068388,617676.949266315,203261.4501642163,414415.4991020987,1.13732876
2026-06-25,scallop,WBTC,0,5.126749587580526,0,118.6886390527333,0,118.6886390527333,60805.16358141
2026-06-25,scallop,WETH,0.5748955932019628,5.944998152413961,12.40713503186794,8148.436460726863,1010.987514668343,7137.44894605852,1617.88284332
2026-06-25,scallop,afSUI,0.138335516560173,5.344975481062852,3.318360706477933,104221.0366917173,3458.429929461896,100762.6067622554,0.67940754
2026-06-25,scallop,haSUI,0.2902055225176836,5.56689713963987,6.685895060304355,56133.75853703033,3753.044189190485,52380.71434783984,0.67940754
2026-06-25,scallop,vSUI,0.9394293953707056,6.376239193692879,18.90766044048979,22180.23941880747,4193.764354195782,17986.47506461169,0.67940754
2026-06-25,scallop,wUSDC,1.463971208889792,5.928491689075988,31.54128495248267,168532.12870405,53157.19895102925,115374.9297530208,0.9996852700000001
2026-06-25,scallop,wUSDT,1.058208267960414,5.347632496214638,25.2562330356597,73729.60344037255,18621.32046116827,55108.28297920428,0.99846
2026-06-25,suilend,AUSD,0.040094854392472,4.091862629316138,1.224835057548503,1663719.57935948,20377.8206672934,1643341.758692186,0.99976231
2026-06-25,suilend,BTC,0.06509720964880818,0.5705138457952103,14.26284614488026,2041787.240828865,291216.9727652167,1750570.268063648,60702.73
2026-06-25,suilend,COIN,1.971941703703206,8.940753828377009,29.40753828377009,502674.6376504636,147824.2365098626,354850.401140601,67.59621326
2026-06-25,suilend,DEEP,0.2675586126404531,27.11451293827318,1.409675292182121,5090739.415686543,71762.8957323097,5018976.519954234,0.01473333
2026-06-25,suilend,ETH,0.0387319461398631,1.109128337616197,4.365133504647897,4326163.65561618,188842.8191972022,4137320.836418978,1614.7613724
2026-06-25,suilend,LBTC,0,3,0,4095026.138819252,0,4095026.138819252,60702.73
2026-06-25,suilend,SEND,0.001209315613168092,50.00128990337703,0.003224758442578809,494916.0782558626,15.95984801723588,494900.1184078454,0.05000809
2026-06-25,suilend,SUI,0.9510041196322612,2.349327913623632,50.59979676088622,38950754.97750784,19709002.85544974,19241752.1220581,0.6776504
2026-06-25,suilend,USDC,3.873169212858177,6.429178004300907,75.30451813332813,29742506.33315239,22397451.07495502,7345055.258197379,0.9997003600000002
2026-06-25,suilend,USDSUI,1.242368826234732,4.807561679105828,32.30246716423314,8830728.276350629,2852543.101830813,5978185.174519815,0.99976231
2026-06-25,suilend,USDT,3.420579438494936,6.731829670953828,63.51503984967648,2445355.02453168,1553168.218297363,892186.8062343169,0.99844519
2026-06-25,suilend,WAL,0.3673712328801739,20.99966553486364,2.499163837159108,1436682.037994607,35905.0379485217,1400777.000046085,0.03141443
2026-06-25,suilend,WBTC,0.1176620064012292,0.7670137104420923,19.17534276105231,3680757.159433811,705797.8015234058,2974959.357910405,60702.73
2026-06-25,suilend,WETH,13.41902023315121,271.1271465470161,98.98691742270232,864.3879731087463,855.6310091529251,8.756963955821268,1614.7613724
2026-06-25,suilend,XBTC,0.1882575719596252,1.002018155416691,25.05045388541727,4642802.543411575,1163043.110128297,3479759.433283279,60702.73
2026-06-25,suilend,sSUI,0,0,0,42343259.7892855,0,42343259.7892855,0.7021389411135218
2026-06-25,suilend,wUSDC,6.234455407690698,12.84515465369607,60.66932995136025,39427.19765600719,23920.21663649798,15506.98101950922,0.9997003600000002
2026-06-25,suilend,wUSDT,0.3100578785809012,8.679290527307755,35.72387369743672,20663.85455479595,7381.929302177331,13281.92525261862,0.99844519
2026-06-26,alphalend,ALPHA,1.360254574372891e-13,0.000001374497167842405,0.00001099597734273924,5329060.007404682,0.5859822309951971,5329059.421422452,0.5859822309951971
2026-06-26,alphalend,BLUE,1.653935799643093,2.839878139050482,72.79959379683494,483842.205106326,352235.1599350543,131607.0451712717,0.01049457254429385
2026-06-26,alphalend,BTCVC,0,20,0,3278720.807881704,0,3278720.807881704,59776.13381927
2026-06-26,alphalend,DEEP,2.624959828483843,6.73089697985024,51.99821730232944,2859750.17373631,1487019.10964315,1372731.06409316,0.01472251966198007
2026-06-26,alphalend,EBTC,4.325301358449238e-7,0.007352976742831128,0.007352976742831128,657243.9618086495,48.3269956554519,657195.6348129939,62055.543556444
2026-06-26,alphalend,EEARN,0,0,0,772574.9230828221,0,772574.9230828221,1.020514380294613
2026-06-26,alphalend,EGUSDC,0.001236482849407784,0.1627761071494777,0.9495272917052864,1249600.510611444,11865.29788554428,1237735.2127259,1.063312443
2026-06-26,alphalend,ESUI,7.304512010682699e-14,0.000003021694890844106,0.000003021694890844106,4022371.691354806,0.1215437998884278,4022371.569811006,0.7060043173563395
2026-06-26,alphalend,ETHIRD,0,0,0,6605485.600572211,0,6605485.600572211,1.035923661094519
2026-06-26,alphalend,IKA,0.006666465284432615,1.666641493697307,0.6666565974789227,267664.7662206464,1784.404823136474,265880.3613975099,0.001784431791061491
2026-06-26,alphalend,STSUI,0.3168309138706956,2.284379898917026,16.31699927797876,5226622.839987118,852828.0110633709,4373794.828923747,0.6984769909863143
2026-06-26,alphalend,SUI,2.573356079409443,4.779342447634642,63.34506835725981,10951017.62850964,6936929.602595001,4014088.025914634,0.6826065280894031
2026-06-26,alphalend,TBTC,0.3898867216596893,0.9012569020305398,54.07541412183239,2776010.433156214,1501139.137794496,1274871.295361718,60006.10664816526
2026-06-26,alphalend,USDC,6.785974692844414,9.813136616855406,81.35522769475901,33577587.06982313,27317122.41506056,6260464.654762562,0.9996605866399274
2026-06-26,alphalend,USDSUI,1.19234956055608,5.638793158247204,28.19396579123602,7858076.681159612,2215503.451335235,5642573.229824376,0.9981182813671265
2026-06-26,alphalend,USDT,4.628615359333282,9.037778904003249,60.25185936002165,6045908.600770806,3642772.347171878,2403136.253598927,0.9983380631526189
2026-06-26,alphalend,WAL,0.8711308706250145,4.819767271352465,24.09883635676233,3195081.817198833,769977.5385914147,2425104.278607418,0.03042126508015098
2026-06-26,alphalend,WBTC,0.2343372964590207,1.286135926744788,21.43559877907981,4821399.990083089,1033495.957408805,3787904.032674285,59679.6725428756
2026-06-26,alphalend,XAUM,0.8959974349457197,3.19999541954265,39.99994274428312,1331811.434425508,532723.811232019,799087.6231934889,3979.692718719369
2026-06-26,alphalend,XBTC,2.083000669160072,2.773811615626189,93.86905807813095,6447291.552595183,6052011.851972003,395279.7006231797,59795.23520429717
2026-06-26,bucket,BKT-AF-AFSUI-SUI,0,0,0,1.063145455317355,0,1.063145455317355,1
2026-06-26,bucket,BKT-KRIYA-FOUNTAIN-1,0,0,0,1.829588036131236,0,1.829588036131236,1
2026-06-26,bucket,BKT-PSM-BLUEFIN_STABLE_LP,0,0,0,140999.8341007715,0,140999.8341007715,1
2026-06-26,bucket,BKT-PSM-BUCKETUS,0,0,0,968636.9577462508,0,968636.9577462508,1
2026-06-26,bucket,BKT-PSM-CETABLE,0,0,0,0.2377660204445808,0,0.2377660204445808,1
2026-06-26,bucket,BKT-PSM-FDUSD,0,0,0,0.07013036961134655,0,0.07013036961134655,1
2026-06-26,bucket,BKT-PSM-STAPEARL,0,0,0,0.05953415575287947,0,0.05953415575287947,1
2026-06-26,bucket,BKT-PSM-USDC_CIRCLE,0,0,0,59507.54709837734,0,59507.54709837734,1
2026-06-26,bucket,BKT-PSM-USDC_WORMHOLE,0,0,0,1.591486530071749,0,1.591486530071749,1
2026-06-26,bucket,BKT-PSM-USDT_WORMHOLE,0,0,0,0.121014003027262,0,0.121014003027262,1
2026-06-26,bucket,BKT-SAVE-AFSUI_S,0,0,0,1288386.797145998,0,1288386.797145998,1
2026-06-26,bucket,BKT-SAVE-HASUI_NAVI_POND,0,0,0,0.8284599861704696,0,0.8284599861704696,1
2026-06-26,bucket,BKT-SAVE-HASUI_S,0,0,0,2210215.372083808,0,2210215.372083808,1
2026-06-26,bucket,BKT-SAVE-NAVI_STSUI,0,0,0,614335.6725262045,0,614335.6725262045,1
2026-06-26,bucket,BKT-SAVE-NAVI_VSUI,0,0,0,0.629229118377338,0,0.629229118377338,1
2026-06-26,bucket,BKT-SAVE-SUI_NAVI_POND,0,0,0,900740.2849599788,0,900740.2849599788,1
2026-06-26,bucket,BKT-SAVE-VSUI_S,0,0,0,1361116.71398849,0,1361116.71398849,1
2026-06-26,bucket,BKT-SCOIN-NAVI_CIRCLE_USDC,0,0,0,0.7062050319704419,0,0.7062050319704419,1
2026-06-26,bucket,BKT-SCOIN-NAVI_SUI_BRIDGE_USDT,0,0,0,19222.15790871611,0,19222.15790871611,1
2026-06-26,bucket,BKT-SCOIN-SCALLOP_CIRCLE_USDC,0,0,0,0.9647894883453358,0,0.9647894883453358,1
2026-06-26,bucket,BKT-SCOIN-SCALLOP_SUI_BRIDGE_USDT,0,0,0,0.3025310640471846,0,0.3025310640471846,1
2026-06-26,bucket,BKT-SCOIN-SCALLOP_USDC,0,0,0,0.551084609330564,0,0.551084609330564,1
2026-06-26,bucket,BKT-SCOIN-SCALLOP_USDT,0,0,0,0.1963517978446894,0,0.1963517978446894,1
2026-06-26,bucket,PSM-BUCK,0,0,0,2426871.112487461,2432814.834893,2426871.112487461,0.9975568537644994
2026-06-26,bucket,PSM-USDC,0,0,0,3296.783817108887,3297.810696,3296.783817108887,0.9996886179997055
2026-06-26,bucket,PSM-USDSUI,0,0,0,667499.8517569929,668258.826047,667499.8517569929,0.9988642510051132
2026-06-26,bucket,PSM-USDT,0,0,0,0,0,0,0.9985017873729213
2026-06-26,bucket,SAVING-USDB,3,0,0,7687687.314317,0,7687687.314317,1
2026-06-26,bucket,SUI,0,8,87.27340430666666,40108.02980835892,26182.021292,3817.978707999999,0.678086000194209
2026-06-26,bucket,V1-AF_LP,0,0,0,0,0,0,0
2026-06-26,bucket,V1-BTC,0,0,1.332573834657626e-9,675.3847153476748,9e-9,675.3847153386748,59580.74770922762
2026-06-26,bucket,V1-CETUS,0,0,59.13435905467605,16.60310700234711,9.818140909,6.784966093347109,0.01660310700234711
2026-06-26,bucket,V1-COIN,0,0,0.06801217932843186,87.153519185065,3e-9,87.153519182065,0.9981688857044279
2026-06-26,bucket,V1-HAEDAL,0,0,100,24.19481678431675,50.493491719,0,0.01583685235509271
2026-06-26,bucket,V1-LBTC,0,0,40.91766494744951,1045.032940017887,427.603076987,617.4298630308871,59758.92124067545
2026-06-26,bucket,V1-LP_TOKEN,0,0,0,0,1487.982953506,0,0
2026-06-26,bucket,V1-MUSD,0,0,69.48275108122071,72.65167172927823,50.480380224,22.17129150527823,1.001297507897243
2026-06-26,bucket,V1-NAVX,0,0,100,49.16878261799754,52.870769635,0,0.006919001320671311
2026-06-26,bucket,V1-SCA,0,0,100,1162.714147394123,1865.037219788,0,0.01002044533729006
2026-06-26,bucket,V1-SCALLOP_DEEP,0,0,18.46135901122958,7351.471192302046,1357.181489418,5994.289702884046,0.01859040635233923
2026-06-26,bucket,V1-SCALLOP_SB_USDT,0,0,66.12358475043902,531.9616976326507,351.752143974,180.2095536586507,1.131434294196702
2026-06-26,bucket,V1-SCALLOP_SCA,0,0,100,122.0179258526353,161.471204678,0,0.01350218597493152
2026-06-26,bucket,V1-SCALLOP_SUI,0,0,62.94884171238164,73193.82431220557,46074.664609529,27119.15970267657,0.7496811365931453
2026-06-26,bucket,V1-SCALLOP_USDC,0,0,51.99753790095352,13340.66190348369,6936.815729502,6403.846173981691,1.129793814230444
2026-06-26,bucket,V1-SCALLOP_WORMHOLE_USDC,0,0,67.38946018753967,643.8828161562125,433.909154048,209.9736621082125,1.159733935338928
2026-06-26,bucket,V1-SCALLOP_WORMHOLE_USDT,0,0,52.64089477771291,2095.87455993645,1103.287121769,992.5874381674498,1.17285078393665
2026-06-26,bucket,V1-STSUI,0,0,100,35.78880044203623,36.308843496,0,0.7033446448837999
2026-06-26,bucket,V1-SUI,0,0,17.80835180589357,0,3017.794346294,0,0
2026-06-26,bucket,V1-TBTC,0,0,98.38275824238355,292.6903361161788,287.95682578,4.733510336178824,59555.39243684189
2026-06-26,bucket,V1-TLP,0,0,0,0,12494.869472018,0,0
2026-06-26,bucket,V1-USDY,0,0,73.3606704952913,860.6827177356931,631.402612568,229.2801051676931,1.132968401980802
2026-06-26,bucket,V1-WAL,0,0,100,35273.62180980634,50584.022907858,0,0.03035114540222285
2026-06-26,bucket,V1-WETH,0,0,22.66308732304025,1382.019722897944,313.208336622,1068.811386275944,1563.876421915327
2026-06-26,bucket,V1-afSUI,0,0,60.7260139306542,5462.11180586255,3316.922776136,2145.18902972655,0.7227860195962392
2026-06-26,bucket,V1-haSUI,0,0,31.28268035455145,2895.872495197477,905.906536148,1989.965959049477,0.7331504192096571
2026-06-26,bucket,V1-sSUI,0,0,71.47853927395332,72.92821491806195,52.128022742,20.80019217606196,0.7061906923014751
2026-06-26,bucket,V1-vSUI,0,0,91.39910416961831,11799.51649383222,10784.652371709,1014.864122123216,0.7240841408254752
2026-06-26,bucket,V1PSM-AUSD,0,0,0,7.307956001,7.307956001,7.307956001,0.9995651253080244
2026-06-26,bucket,V1PSM-BLUEFIN_STABLE_LP,0,0,0,282087.505173162,282087.505173162,282087.505173162,1
2026-06-26,bucket,V1PSM-BUCKETUS,0,0,0,1937877.33561359,1937877.33561359,1937877.33561359,1
2026-06-26,bucket,V1PSM-CETABLE,0,0,0,0.238021,0.238021,0.238021,1
2026-06-26,bucket,V1PSM-COIN,0,0,0,1019.758977,1019.758977,1019.758977,0.9996886179997055
2026-06-26,bucket,V1PSM-FDUSD,0,0,0,0.070352,0.070352,0.070352,0.9968496931337639
2026-06-26,bucket,V1PSM-SCABLE,0,0,0,854.607426626,854.607426626,854.607426626,1
2026-06-26,bucket,V1PSM-STAPEARL,0,0,0,0.059598,0.059598,0.059598,1
2026-06-26,bucket,V1PSM-USDC,0,0,0,59526.082350565,59526.082350565,59526.082350565,0.9996886179997055
2026-06-26,bucket,V1PSM-USDT,0,0,0,0.057134295,0.057134295,0.057134295,0.9985017873729213
2026-06-26,bucket,WBTC,0,9,31.07947397444444,188535.049251471,55943.053154,124056.946846,59468.15040227377
2026-06-26,bucket,XBTC,0,9,88.64085444166668,178858.8402044153,106369.02533,13630.97467,59613.30909532392
2026-06-26,bucket,afSUI,0,9,74.887620735,24019.3919761465,14977.524147,5022.475853,0.7227860195962392
2026-06-26,bucket,haSUI,0,9,81.30154828255554,4157659.903515565,1463427.869086,336572.1309140001,0.7331504192096571
2026-06-26,bucket,vSUI,0,9,3.7407851525,174862.1588372767,7481.570305,192518.429695,0.7240841408254752
2026-06-26,navi,AUSD,1.6283,5.548100000000001,41.93024072288582,2426.271248018024,1017.341970113314,1408.92927790471,0.999683
2026-06-26,navi,BLUE,2.4299,14.4317,24.05602951169912,18296.01507644241,4401.303546181613,13894.7115302608,0.01045904
2026-06-26,navi,BUCK,0.2341,3.6489,9.163248734719952,20387020.22661242,1868114.497366448,18518905.72924597,0.99844634
2026-06-26,navi,CETUS,0.5571,5.642399999999999,14.10613883790374,142748.893534386,20136.37483314529,122612.5187012407,0.01654437
2026-06-26,navi,DEEP,4.538,12.9529,50.04964646878852,4924251.83949667,2464573.937046001,2459677.902450669,0.014743
2026-06-26,navi,FDUSD,0.1111,4.5808,3.232723544886443,24649.01211141198,796.835059517079,23852.17705189491,0.996738
2026-06-26,navi,HAEDAL,0.038,30.1442,0.180254591950801,60273.35409629022,108.6460821274129,60164.7080141628,0.01588025
2026-06-26,navi,IKA,1.6723,33.3796,16.70522944900132,130802.7853675456,21851.0157461381,108951.7696214075,0.00178752
2026-06-26,navi,LBTC,0.005500000000000001,0.2956,3.694635296383176,2785301.444343819,102906.7355912942,2682394.708752525,59950.84075708
2026-06-26,navi,MBTC,0,0,0,17884427.50365482,0,17884427.50365482,59616.73978139
2026-06-26,navi,NAVX,0.0061,0.7809,0.9761441582476412,1687321.829387296,16470.69577049392,1670851.133616802,0.00692075
2026-06-26,navi,NS,0.6126,13.1142,7.785793062130407,220718.9379690514,17184.75749717779,203534.1804718737,0.010985
2026-06-26,navi,SOL,0.1216,6.623,2.623050542449907,43109.93334860239,1130.796664853533,41979.13668374886,67.02129791
2026-06-26,navi,SUI,1.8454,2.705366666666666,85.26776761507269,19739641.97370413,16842715.08432786,2896926.889376271,0.6836311
2026-06-26,navi,USDC,5.552133333333334,8.5884,80.80870223107765,25847864.85626332,20879672.44527703,4968192.410986291,0.999651
2026-06-26,navi,USDSUI,1.8574,3.7324,62.20652125363619,4129462.985790002,2568795.927921779,1560667.057868223,0.99965
2026-06-26,navi,USDY,0.0094,0.2736,4.559211088340891,2273409.836828546,103649.5582781475,2169760.278550399,1.1363
2026-06-26,navi,WAL,5.2797,13.3367,56.55412895429583,3865584.907493175,2186150.173655869,1679434.733837306,0.03053392
2026-06-26,navi,WBTC,0.06013999999999999,0.2883,39.20596114351,28239.0263417597,868.4728411371296,27370.55350062257,59762.00339044
2026-06-26,navi,WETH,0.001,0.515,9.66337223524092,146307.2410666458,14138.21450605817,132169.0265605876,1556.69003187
2026-06-26,navi,XAUm,0.0057,8.0203,0.1013569656578223,1123200.971669385,1138.444079484806,1122062.527589901,4031.91400806
2026-06-26,navi,YBTC.B,0,0,0,3825.876495756192,0,3825.876495756192,59779.34826776
2026-06-26,navi,enzoBTC,0,0,0,25933281.80490465,0,25933281.80490465,59616.73978139
2026-06-26,navi,haSUI,0.0146,0.2732,8.203564815548818,16124397.92395169,1322775.495044018,14801622.42890767,0.68549565
2026-06-26,navi,stBTC,0.0002,0.2484,3.105154881337642,30006.50099523343,931.7483711433277,29074.7526240901,59383.8175
2026-06-26,navi,stSUI,0.0226,0.6133,4.600629914102338,8643.861991034466,397.6721427411315,8246.189848293334,0.68467352
2026-06-26,navi,suiETH,0.1148,1.2373,15.46601707396758,1362749.703931274,210763.1419158754,1151986.562015398,1568.26197931
2026-06-26,navi,suiUSDT,5.5269,8.5763,80.55416503194901,4763736.254622731,3837389.126386223,926347.1282365083,0.998459
2026-06-26,navi,suiUSDe,0.6696,2.241,37.34959640839548,681949.6816125789,254705.5187279792,427244.1628845998,0.99965
2026-06-26,navi,vSUI,0.0063,0.3589,2.692456982792637,11664813.80575778,314070.1452076169,11350743.66055016,0.68341336
2026-06-26,navi,wBTC,0.4984,1.2228,81.51731601709038,7677926.014982694,6258839.469998281,1419086.544984413,59779.34826776
2026-06-26,navi,wUSDC,1.456,19.5255,93.21339588023288,2168439.123325912,2021276.248949997,147162.874375915,0.99965
2026-06-26,navi,wUSDT,1.4091,29.32143333333334,96.11466243358035,1161223.883817302,1116104.046613964,45119.83720333833,0.998542
2026-06-26,navi,xBTC,0.2028,0.4255,68.08331738705662,9356547.573176578,6370248.137828578,2986299.435347999,59779.34826776
2026-06-26,scallop,CETUS,0.2029569768562167,22.38898993201131,1.672123858653023,60960.79091396937,1019.339929296066,59941.45098467331,0.01663498
2026-06-26,scallop,DEEP,4.584785610882802,26.37827143654372,27.34758292657411,116568.9125503631,31878.78002631621,84690.13252404689,0.01471987
2026-06-26,scallop,SBETH,1.813923097228964,7.255412217673873,32.07929117725322,377890.8316614733,121224.7002208278,256666.1314406455,1568.18919124
2026-06-26,scallop,SCA,5.24931607133674,25.63695211280459,22.63808158118852,246481.4168227485,55798.66422280316,190682.7525999454,0.01006471
2026-06-26,scallop,SUI,2.607543467091045,7.932414362196294,42.14885940414192,3515453.842151911,1481723.697346114,2033730.144805797,0.683387
2026-06-26,scallop,USDC,10.96103557544694,15.88796532089109,88.16557084650526,2296542.74896388,2024760.024358029,271782.724605851,0.9996501400000001
2026-06-26,scallop,USDSUI,6.128731144412236,9.929219098680097,78.5385311344758,488117.0009077285,383359.9227305859,104757.0781771427,0.9996501400000001
2026-06-26,scallop,USDT,3.992174799707726,8.35262307695277,60.99304872520119,924828.7843434766,564081.2710593026,360747.513284174,0.99850824
2026-06-26,scallop,USDY,1.512778760372235,5.873472420499537,32.88164684467731,617745.3876510728,203124.8567667086,414620.5308843641,1.13743747
2026-06-26,scallop,WBTC,0,5.126749587580526,0,116.6510841574478,0,116.6510841574478,59761.3074912
2026-06-26,scallop,WETH,0.5749838498381177,5.945109142116212,12.40880919081563,7898.279103011579,980.0823832507713,6918.196719760807,1568.18919124
2026-06-26,scallop,afSUI,0.1383554367907935,5.345005797958979,3.318819875126845,104831.8809735226,3479.181301218583,101352.699672304,0.683387
2026-06-26,scallop,haSUI,0.2884534970772235,5.564427661017612,6.648460011298954,56788.86856047667,3775.585217112415,53013.28334336424,0.683387
2026-06-26,scallop,vSUI,0.939590520396183,6.376419512954268,18.91036965447419,22310.7243677292,4219.040450528442,18091.68391720076,0.683387
2026-06-26,scallop,wUSDC,1.464227892925374,5.92883596070255,31.54499509948857,168532.8974994249,53163.69425721968,115369.2032422053,0.9996501400000001
2026-06-26,scallop,wUSDT,1.05398155750005,5.341133116843411,25.18570925708058,73735.28190151376,18570.75371960401,55164.52818190975,0.99850824
2026-06-26,suilend,AUSD,0.0405621233917185,4.092909435880435,1.238792478405801,1663444.31442985,20606.62304962592,1642837.691380224,0.99959551
2026-06-26,suilend,BTC,0.06509569119057793,0.5705071918502778,14.26267979625694,2004165.528251707,285847.7118815024,1718317.816370205,59582.60295294
2026-06-26,suilend,COIN,1.968508269610813,8.9368996056986,29.36899605698598,503423.4249222412,147850.4058153568,355573.0191068844,67.59162242000001
2026-06-26,suilend,DEEP,0.2665064674087564,27.10679734679878,1.404531564532518,5092196.652237925,71521.50930874984,5020675.142929175,0.01467287
2026-06-26,suilend,ETH,0.03959383193081823,1.111335198384493,4.453407935379705,4175921.562022058,185970.8222183225,3989950.739803735,1562.6302
2026-06-26,suilend,LBTC,0,3,0,4031332.016038165,0,4031332.016038165,59582.60295294
2026-06-26,suilend,SEND,0.001210430274348809,50.00129109228759,0.003227730718965404,494092.3955631873,15.94797203166505,494076.4475911556,0.04990247000000001
2026-06-26,suilend,SUI,0.9839854727357642,2.378816535957112,51.70562009839169,38405483.2015622,19857793.24115139,18547689.96041081,0.68025827
2026-06-26,suilend,USDC,3.817778972796906,6.403892602187345,74.5206706678077,29927111.82735981,22301884.44525333,7625227.382106477,0.99965019
2026-06-26,suilend,USDSUI,1.295578132980376,4.83701985639221,33.4807942556884,8748310.869790157,2929003.963162466,5819306.90662769,0.99959551
2026-06-26,suilend,USDT,3.354956778869048,6.694401137198478,62.64482643986462,2449688.16152833,1534602.897107333,915085.2644209975,0.99849522
2026-06-26,suilend,WAL,0.3666916479742358,20.99790018392923,2.494750459823078,1390807.233684332,34697.1698575925,1356110.063826739,0.03034017
2026-06-26,suilend,WBTC,0.1321529576858958,0.8128743989261066,20.32185997315267,3616896.083962223,735020.5575572454,2881875.526404978,59582.60295294
2026-06-26,suilend,WETH,13.43049361459296,271.3386226929074,98.99433763834763,842.6538848277297,834.1796318690158,8.474252958714,1562.6302
2026-06-26,suilend,XBTC,0.1825981383539887,0.9868417998280878,24.6710449957022,4592058.511195165,1132908.821525932,3459149.689669234,59582.60295294
2026-06-26,suilend,sSUI,0,0,0,42701362.30190162,0,42701362.30190162,0.7061510178206839
2026-06-26,suilend,wUSDC,6.236405464706198,12.84739409986766,60.67772787450373,39433.63890977193,23927.43610868583,15506.2028010861,0.99965019
2026-06-26,suilend,wUSDT,0.3101188663468771,8.679693211434556,35.72924281912742,20666.64569589819,7384.036023256212,13282.60967264199,0.99849522
2026-06-27,alphalend,ALPHA,1.360254574372891e-13,0.000001374497167842405,0.00001099597734273924,5441434.272972546,0.5983388797761089,5441433.674633665,0.5983388797761089
2026-06-27,alphalend,BLUE,1.656376685657107,2.843586420167419,72.8119547338914,521483.8709130246,379702.6000337361,141781.2708792884,0.01131210703405169
2026-06-27,alphalend,BTCVC,0,20,0,3287851.575595908,0,3287851.575595908,59942.60178795
2026-06-27,alphalend,DEEP,2.629872656097953,6.742402764509291,52.00663616915314,2997205.197880792,1558745.60250481,1438459.595375982,0.01543007685359622
2026-06-27,alphalend,EBTC,4.325335948911509e-7,0.007353006144523059,0.007353006144523059,660178.6302408874,48.54297524644061,660130.087265641,62332.877802741
2026-06-27,alphalend,EEARN,0,0,0,917140.0331938295,0,917140.0331938295,1.020622571185954
2026-06-27,alphalend,EGUSDC,0.001236684304501837,0.1627893668321453,0.9496046398541813,1250500.409386066,11874.80990892562,1238625.599477141,1.064164866
2026-06-27,alphalend,ESUI,7.297847871121771e-14,0.000003020316181942251,0.00000302031618194225,4104357.016107298,0.1239645591221708,4104356.892142739,0.7200656390516594
2026-06-27,alphalend,ETHIRD,0,0,0,6580262.477884101,0,6580262.477884101,1.0319679746879
2026-06-27,alphalend,IKA,0.006666253295641864,1.666614994487562,0.6666459977950249,254025.7804039618,1693.45269843059,252332.3277055312,0.001693513444098498
2026-06-27,alphalend,STSUI,0.3029843781086619,2.233904862243339,15.95646330173813,5544844.819813225,884761.1288118253,4660083.691001399,0.7222353257636838
2026-06-27,alphalend,SUI,2.467585028361436,4.652676784009291,62.39507588006968,11572037.66582099,7220381.68245925,4351655.983361739,0.6952549463915535
2026-06-27,alphalend,TBTC,0.3898976287126144,0.9012695082407999,54.07617049444799,2773824.212031817,1499977.910114604,1273846.301917213,59958.20979603439
2026-06-27,alphalend,USDC,7.246726523912521,10.36274664162793,82.27124440271322,33193651.38393579,27308830.05626242,5884821.327673374,0.9998275127139055
2026-06-27,alphalend,USDSUI,1.381440464070348,6.069465575749588,30.34732787874794,7579714.924743865,2300240.940486413,5279473.984257452,0.9977240508596342
2026-06-27,alphalend,USDT,5.895686278766696,10.20007463533827,68.00049756892179,5456662.268622421,3710557.493318862,1746104.775303559,0.998252066635447
2026-06-27,alphalend,WAL,0.8721575604882008,4.822606654740984,24.11303327370492,3318780.201568842,800258.5742854263,2518521.627283416,0.03161349186775232
2026-06-27,alphalend,WBTC,0.2343193794952221,1.286086758106948,21.43477930178246,4837343.648480386,1036873.935120562,3800469.713359823,59872.66885971532
2026-06-27,alphalend,XAUM,0.8976292293692371,3.202908016821565,40.03635021026957,1359659.253241008,544357.9402939059,815301.312947102,4061.831369585105
2026-06-27,alphalend,XBTC,1.824304650014541,2.469365608782775,92.34682804391387,6576531.852191083,6073218.560796124,503313.2913949596,60000.64012734013
2026-06-27,bucket,BKT-AF-AFSUI-SUI,0,0,0,1.094017443778819,0,1.094017443778819,1
2026-06-27,bucket,BKT-KRIYA-FOUNTAIN-1,0,0,0,1.847209110007556,0,1.847209110007556,1
2026-06-27,bucket,BKT-PSM-BLUEFIN_STABLE_LP,0,0,0,141015.1655679167,0,141015.1655679167,1
2026-06-27,bucket,BKT-PSM-BUCKETUS,0,0,0,968742.2814566506,0,968742.2814566506,1
2026-06-27,bucket,BKT-PSM-CETABLE,0,0,0,0.2377803608148821,0,0.2377803608148821,1
2026-06-27,bucket,BKT-PSM-FDUSD,0,0,0,0.07014477599779044,0,0.07014477599779044,1
2026-06-27,bucket,BKT-PSM-STAPEARL,0,0,0,0.05953774643348839,0,0.05953774643348839,1
2026-06-27,bucket,BKT-PSM-USDC_CIRCLE,0,0,0,59514.01758828284,0,59514.01758828284,1
2026-06-27,bucket,BKT-PSM-USDC_WORMHOLE,0,0,0,1.591635377327929,0,1.591635377327929,1
2026-06-27,bucket,BKT-PSM-USDT_WORMHOLE,0,0,0,0.1210154332000672,0,0.1210154332000672,1
2026-06-27,bucket,BKT-SAVE-AFSUI_S,0,0,0,1324832.38275097,0,1324832.38275097,1
2026-06-27,bucket,BKT-SAVE-HASUI_NAVI_POND,0,0,0,0.850294810941467,0,0.850294810941467,1
2026-06-27,bucket,BKT-SAVE-HASUI_S,0,0,0,2268467.630685571,0,2268467.630685571,1
2026-06-27,bucket,BKT-SAVE-NAVI_STSUI,0,0,0,630586.9893814321,0,630586.9893814321,1
2026-06-27,bucket,BKT-SAVE-NAVI_VSUI,0,0,0,0.6457659681352111,0,0.6457659681352111,1
2026-06-27,bucket,BKT-SAVE-SUI_NAVI_POND,0,0,0,927571.3406352855,0,927571.3406352855,1
2026-06-27,bucket,BKT-SAVE-VSUI_S,0,0,0,1396888.393881822,0,1396888.393881822,1
2026-06-27,bucket,BKT-SCOIN-NAVI_CIRCLE_USDC,0,0,0,0.7062818204242329,0,0.7062818204242329,1
2026-06-27,bucket,BKT-SCOIN-NAVI_SUI_BRIDGE_USDT,0,0,0,19235.88619075593,0,19235.88619075593,1
2026-06-27,bucket,BKT-SCOIN-SCALLOP_CIRCLE_USDC,0,0,0,0.9648943937052383,0,0.9648943937052383,1
2026-06-27,bucket,BKT-SCOIN-SCALLOP_SUI_BRIDGE_USDT,0,0,0,0.3027471288507707,0,0.3027471288507707,1
2026-06-27,bucket,BKT-SCOIN-SCALLOP_USDC,0,0,0,0.5511361507231377,0,0.5511361507231377,1
2026-06-27,bucket,BKT-SCOIN-SCALLOP_USDT,0,0,0,0.1963541183778054,0,0.1963541183778054,1
2026-06-27,bucket,PSM-BUCK,0,0,0,2429405.82656149,2431549.825101,2429405.82656149,0.9991182584385573
2026-06-27,bucket,PSM-USDC,0,0,0,8268.751158885234,8270.427425,8268.751158885234,0.9997973180793899
2026-06-27,bucket,PSM-USDSUI,0,0,0,378369.0957842849,378297.815694,378369.0957842849,1.000188423214007
2026-06-27,bucket,PSM-USDT,0,0,0,0,0,0,0.9992149078362647
2026-06-27,bucket,SAVING-USDB,3,0,0,7585032.152779,0,7585032.152779,1
2026-06-27,bucket,SUI,0,8,89.55981140666667,42328.9564858588,26867.943422,3132.056578,0.6982846784676751
2026-06-27,bucket,V1-AF_LP,0,0,0,0,0,0,0
2026-06-27,bucket,V1-BTC,0,0,1.32236936892114e-9,680.5965270764465,9e-9,680.5965270674465,60040.52068404256
2026-06-27,bucket,V1-CETUS,0,0,57.96789545539377,16.9372043471115,9.818140909,7.119063438111496,0.0169372043471115
2026-06-27,bucket,V1-COIN,0,0,0.06800581893571861,87.15454918646891,3e-9,87.15454918346892,0.9981806823061399
2026-06-27,bucket,V1-HAEDAL,0,0,100,24.46875801998494,50.493491719,0,0.0160161621197387
2026-06-27,bucket,V1-LBTC,0,0,40.55824369474521,1054.293869836383,427.603076987,626.6907928493828,60288.4961032912
2026-06-27,bucket,V1-LP_TOKEN,0,0,0,0,1487.982953506,0,0
2026-06-27,bucket,V1-MUSD,0,0,69.5580750575098,72.57299771775372,50.480380224,22.09261749375372,1.000213209493632
2026-06-27,bucket,V1-NAVX,0,0,100,50.64226935701323,52.870769635,0,0.00712634948246024
2026-06-27,bucket,V1-SCA,0,0,100,1118.038192708746,1865.037219788,0,0.00963542124274421
2026-06-27,bucket,V1-SCALLOP_DEEP,0,0,17.46464270027107,7771.0235056623,1357.181489418,6413.8420162443,0.01965137058485888
2026-06-27,bucket,V1-SCALLOP_SB_USDT,0,0,66.11246942377828,532.0511350427449,351.752143974,180.298991068745,1.131624519458061
2026-06-27,bucket,V1-SCALLOP_SCA,0,0,100,116.6112825981666,161.471204678,0,0.01290390090975092
2026-06-27,bucket,V1-SCALLOP_SUI,0,0,61.04896634481874,75471.65393315359,46074.664609529,29396.98932362459,0.7730116008125573
2026-06-27,bucket,V1-SCALLOP_USDC,0,0,51.98984000888561,13342.63719279849,6936.815729502,6405.821463296487,1.129961097508089
2026-06-27,bucket,V1-SCALLOP_WORMHOLE_USDC,0,0,67.38665184522101,643.9096500070026,433.909154048,210.0004959590026,1.159782267312691
2026-06-27,bucket,V1-SCALLOP_WORMHOLE_USDT,0,0,52.63651468780616,2096.048965841936,1103.287121769,992.7618440729366,1.172948381429785
2026-06-27,bucket,V1-STSUI,0,0,98.83846732112993,36.73553878373204,36.308843496,0.4266952877320378,0.7219505588712325
2026-06-27,bucket,V1-SUI,0,0,17.29322498183481,0,3017.794346294,0,0
2026-06-27,bucket,V1-TBTC,0,0,97.70382499749456,294.724209402635,287.95682578,6.767383622635066,59969.23637630708
2026-06-27,bucket,V1-TLP,0,0,0,0,12494.869472018,0,0
2026-06-27,bucket,V1-USDY,0,0,73.2464713650785,862.0246147025068,631.402612568,230.6220021345068,1.134734821627421
2026-06-27,bucket,V1-WAL,0,0,100,37556.35856004241,50584.022907858,0,0.03231532348960461
2026-06-27,bucket,V1-WETH,0,0,22.50727005573185,1391.587410851883,313.208336622,1078.379074229883,1574.703099245251
2026-06-27,bucket,V1-afSUI,0,0,59.05546664635342,5616.62275229996,3316.922776136,2299.69997616396,0.7432320221551172
2026-06-27,bucket,V1-haSUI,0,0,30.47936856772252,2972.195877795677,905.906536148,2066.289341647676,0.752473272698603
2026-06-27,bucket,V1-sSUI,0,0,70.03247175846869,74.43407526979998,52.128022742,22.30605252779998,0.7207724912046571
2026-06-27,bucket,V1-vSUI,0,0,89.05854531666135,12109.62107382566,10784.652371709,1324.968702116661,0.7431138873822913
2026-06-27,bucket,V1PSM-AUSD,0,0,0,7.307956001,7.307956001,7.307956001,0.9995750263884038
2026-06-27,bucket,V1PSM-BLUEFIN_STABLE_LP,0,0,0,282087.505173162,282087.505173162,282087.505173162,1
2026-06-27,bucket,V1PSM-BUCKETUS,0,0,0,1937877.33561359,1937877.33561359,1937877.33561359,1
2026-06-27,bucket,V1PSM-CETABLE,0,0,0,0.238021,0.238021,0.238021,1
2026-06-27,bucket,V1PSM-COIN,0,0,0,1019.758977,1019.758977,1019.758977,0.9997973180793899
2026-06-27,bucket,V1PSM-FDUSD,0,0,0,0.070352,0.070352,0.070352,0.9970544689246993
2026-06-27,bucket,V1PSM-SCABLE,0,0,0,854.607426626,854.607426626,854.607426626,1
2026-06-27,bucket,V1PSM-STAPEARL,0,0,0,0.059598,0.059598,0.059598,1
2026-06-27,bucket,V1PSM-USDC,0,0,0,59526.082350565,59526.082350565,59526.082350565,0.9997973180793899
2026-06-27,bucket,V1PSM-USDT,0,0,0,0.057134295,0.057134295,0.057134295,0.9992149078362647
2026-06-27,bucket,WBTC,0,9,24.39591958,172616.3968951195,43912.655244,136087.344756,59928.89639543997
2026-06-27,bucket,XBTC,0,9,88.64085444166668,180026.014756885,106369.02533,13630.97467,60002.32613963132
2026-06-27,bucket,afSUI,0,9,74.887620735,24698.84694136749,14977.524147,5022.475853,0.7432320221551172
2026-06-27,bucket,haSUI,0,9,81.32175212477777,4267238.853574819,1463791.538246,336208.461754,0.752473272698603
2026-06-27,bucket,vSUI,0,9,3.7407851525,179457.7332704601,7481.570305,192518.429695,0.7431138873822913
2026-06-27,navi,AUSD,1.6283,5.548100000000001,41.93393952763748,2426.296958412305,1017.442394441315,1408.854563970989,0.99963
2026-06-27,navi,BLUE,2.4506,14.4931,24.15741027995202,19508.6529727174,4712.792922467128,14795.86005025027,0.01119482
2026-06-27,navi,BUCK,0.2335,3.6486,9.14409231090184,20394626.0594017,1864900.612444816,18529725.44695688,0.99880972
2026-06-27,navi,CETUS,0.5574,5.6436,14.10907191689301,146159.1580784516,20621.71582489301,125537.4422535586,0.01694052
2026-06-27,navi,DEEP,4.572866666666666,12.9714,50.36212449715665,5128286.763342168,2582715.121330548,2545571.642011621,0.015435
2026-06-27,navi,FDUSD,0.1111,4.5808,3.233115894974882,24665.63142094956,797.4689840029653,23868.1624369466,0.997406
2026-06-27,navi,HAEDAL,0.038,30.1443,0.1804033847710268,60784.61067286727,109.6579934574377,60674.95267940983,0.01601495
2026-06-27,navi,IKA,1.6939,33.557,16.82842254814832,122958.2307538198,20692.01785919528,102266.2128946245,0.00169116
2026-06-27,navi,LBTC,0.005500000000000001,0.2959,3.698780078037729,2797718.162812129,103481.4464998463,2694236.716312283,60213.88262559
2026-06-27,navi,MBTC,0,0,0,17997726.1955149,0,17997726.1955149,59994.41464008
2026-06-27,navi,NAVX,0.0061,0.7809,0.9761133155863574,1737679.355364947,16961.72148998816,1720717.633874959,0.00712692
2026-06-27,navi,NS,0.5494333333333333,12.8468,7.117028092280516,215649.3932089514,14434.52970536115,201214.8635035903,0.010998
2026-06-27,navi,SOL,0.0802,6.4234,1.782985427248258,46133.73010768695,822.5584687016963,45311.17163898525,71.72137303
2026-06-27,navi,SUI,1.8258,2.6942,84.70884609015307,20209323.58228161,17119090.61144939,3090232.970832217,0.69445312
2026-06-27,navi,USDC,5.5045,8.5656,80.32830722209874,25795443.44925771,20721055.46005673,5074387.989200979,0.999665
2026-06-27,navi,USDSUI,2.710533333333333,4.5088,75.1462445847048,3572333.27058875,2684608.420456553,887724.8501321961,0.999665
2026-06-27,navi,USDY,0.0092,0.2706,4.510019167464496,2317155.568260672,104504.1642216732,2212651.404038998,1.137
2026-06-27,navi,WAL,5.2184,13.3056,56.02755253386925,4074714.945108331,2282963.820666446,1791751.124441884,0.03183892
2026-06-27,navi,WBTC,0.05956,0.28612,39.0100045269146,28301.74458785663,858.9620431256882,27442.78254473094,59979.3325
2026-06-27,navi,WETH,0.001,0.515,9.663495330880304,147800.0194759685,14282.64898485089,133517.3704911176,1572.57085901
2026-06-27,navi,XAUm,0.0057,8.0203,0.1017647835812363,1140112.083078312,1160.233998037955,1138951.849080274,4108.184
2026-06-27,navi,YBTC.B,0,0,0,3841.269349415668,0,3841.269349415668,60019.86171893
2026-06-27,navi,enzoBTC,0,0,0,26097570.3684348,0,26097570.3684348,59994.41464008
2026-06-27,navi,haSUI,0.0145,0.2728,8.192132014702397,16410305.48859555,1344353.940497293,15065951.54809825,0.69765211
2026-06-27,navi,stBTC,0.0002,0.2484,3.105175752649294,30315.03668340832,941.3352025521579,29373.70148085616,59994.41464008
2026-06-27,navi,stSUI,0.0157,0.5119,3.840245116929806,10555.73182615921,405.3660061495623,10150.36582000965,0.69790869
2026-06-27,navi,suiETH,0.1146,1.2363,15.4535039475462,1364246.63680607,210823.9411570292,1153422.695649041,1569.635
2026-06-27,navi,suiUSDT,5.1362,8.3864,76.55599676434709,5013892.885453559,3838436.77998325,1175456.105470308,0.998564
2026-06-27,navi,suiUSDe,0.6755,2.2508,37.51352913513993,681968.7074298,255830.5824285719,426138.125001228,0.999655
2026-06-27,navi,vSUI,0.0063,0.3584,2.689031741413325,11866749.50371572,319100.6673360681,11547648.83637965,0.69445312
2026-06-27,navi,wBTC,0.4985,1.2228,81.52344310099299,7701768.84563477,6278747.350275461,1423021.495359309,59967.48730255
2026-06-27,navi,wUSDC,1.4564,19.5299,93.21657569451611,2169456.295102054,2022293.274158353,147163.0209437007,0.999651
2026-06-27,navi,wUSDT,1.4102,29.3397,96.1265045849035,1161661.337809243,1116664.630834935,44996.70697430829,0.99858
2026-06-27,navi,xBTC,0.1926,0.4147,66.34917449295783,9642394.695559615,6397649.416686802,3244745.278872814,60019.86171893
2026-06-27,scallop,CETUS,0.2030716435772462,22.38913264807447,1.673057961884317,62004.8099460537,1037.37640955369,60967.43353650001,0.01691996
2026-06-27,scallop,DEEP,4.463497336188338,26.28049753266981,26.72802963614862,120404.4671423923,32181.74166106543,88222.72548132684,0.01535418
2026-06-27,scallop,SBETH,1.811440039958256,7.253143651529403,32.04544687396581,378609.1136348103,121326.982369836,257282.1312649744,1572.03142248
2026-06-27,scallop,SCA,5.159945333546623,25.58438403657413,22.30308126162433,235003.3739718724,52412.99346450561,182590.3805073668,0.00963894
2026-06-27,scallop,SUI,2.612367660008452,7.936273014048734,42.20607601985771,3491877.979568908,1473784.674577525,2018093.304991383,0.69598177
2026-06-27,scallop,USDC,6.21255792765163,9.985116328736554,79.15598600712896,2479494.057495117,1962667.969198429,516826.0882966883,0.9996664000000001
2026-06-27,scallop,USDSUI,6.385891618813933,10.09954050087503,80.41895502122863,466656.6166468932,375280.3746448523,91376.24200204089,0.9996664000000001
2026-06-27,scallop,USDT,4.576288574545218,8.817241427371435,66.18997894222474,832109.7855489299,550773.2918310282,281336.4937179017,0.99856798
2026-06-27,scallop,USDY,1.752356817474254,6.169329220161757,36.27070649792625,560405.5531784605,203263.0533914394,357142.4997870211,1.13754619
2026-06-27,scallop,WBTC,0,5.126749587580526,0,116.9187778457869,0,116.9187778457869,59898.44916406
2026-06-27,scallop,WETH,0.5750723838929384,5.945220209715463,12.4104890995194,7917.75518578418,982.6321442583776,6935.123041525802,1572.03142248
2026-06-27,scallop,afSUI,0.1383753605070703,5.345035960189026,3.31927921569292,106764.3275307017,3543.806133500894,103220.5213972008,0.69598177
2026-06-27,scallop,haSUI,0.2884978106106217,5.564490125774224,6.649407247305551,57835.79892972652,3845.737805570302,53990.06112415622,0.69598177
2026-06-27,scallop,vSUI,0.9399134850389679,6.376780386682657,18.91580126127813,22719.2198455634,4297.522474099632,18421.69737146377,0.69598177
2026-06-27,scallop,wUSDC,1.464491569207382,5.929189098857202,31.54880851482649,168541.7815808758,53172.92393842759,115368.8576424482,0.9996664000000001
2026-06-27,scallop,wUSDT,1.054152660592189,5.341396292248279,25.18856712227698,73741.80548762997,18574.50417243061,55167.30131519937,0.99856798
2026-06-27,suilend,AUSD,0.04053253008334321,4.092843154546308,1.23790872728411,1663530.594926315,20592.99041563412,1642937.604510681,0.99964597
2026-06-27,suilend,BTC,0.06669324794244677,0.5774653580191922,14.43663395047981,1991888.69698207,287561.6798842833,1704327.017097787,59968.92754149
2026-06-27,suilend,COIN,1.969206601612742,8.937683725284062,29.37683725284063,534109.0756290905,156904.3539002094,377204.7217288812,71.722155
2026-06-27,suilend,DEEP,0.2694823601426909,27.12860964106216,1.419073094041437,5297293.167209944,75172.46204837176,5222120.705161572,0.01541042
2026-06-27,suilend,ETH,0.03959690363053192,1.111343049232926,4.453721969317055,4208495.587201722,187434.6925449419,4021060.89465678,1574.88249999
2026-06-27,suilend,LBTC,0,3,0,4057820.720054343,0,4057820.720054343,59968.92754149
2026-06-27,suilend,SEND,0.001212089601193556,50.00129286214476,0.003232155361889881,493062.8804909822,15.93655832927798,493046.9439326529,0.04979849
2026-06-27,suilend,SUI,0.9926493331646975,2.386486445895913,51.99324172109673,39405165.33675648,20488022.86413762,18917142.47261887,0.69797942
2026-06-27,suilend,USDC,3.711140971067587,6.354799433859554,72.9987824496462,30285754.82218459,22108232.27587976,8177522.546304829,0.99967141
2026-06-27,suilend,USDSUI,1.360979363508625,4.872814040442655,34.91256161770621,8912281.954058338,3111505.928754328,5800776.02530401,0.99964597
2026-06-27,suilend,USDT,3.39389126904213,6.716643642773395,63.16196469448143,2425017.993564945,1531689.008930312,893328.9846346324,0.9985555
2026-06-27,suilend,WAL,0.3644825442414066,20.99215965844073,2.480399146101823,1491818.582713612,37003.05538701675,1454815.527326595,0.03233789
2026-06-27,suilend,WBTC,0.114794597853779,0.7576100509291671,18.94025127322918,3637784.627928215,689005.549308509,2948779.078619706,59968.92754149
2026-06-27,suilend,WETH,13.44188536015514,271.5485655254549,99.00170405352475,855.5276688617076,846.9869708224869,8.54069803922077,1574.88249999
2026-06-27,suilend,XBTC,0.2051453580151877,1.045996451275529,26.14991128188823,4339418.732265294,1134754.148637013,3204664.58362828,59968.92754149
2026-06-27,suilend,sSUI,0,0,0,43759148.92888036,0,43759148.92888036,0.7194011434592954
2026-06-27,suilend,wUSDC,6.23835571200424,12.84963341902731,60.68612532135242,39442.89919170415,23936.36723385228,15506.53195785186,0.99967141
2026-06-27,suilend,wUSDT,0.3101808996152051,8.68010276941715,35.73470359222867,20669.64955817631,7386.238003166707,13283.4115550096,0.9985555
2026-06-28,alphalend,ALPHA,1.360254574372891e-13,0.000001374497167842405,0.00001099597734273924,5336729.175770015,0.5868255310110255,5336728.588944484,0.5868255310110255
2026-06-28,alphalend,BLUE,1.656805810176556,2.84423824630831,72.81412748769436,502372.4464362083,365798.1136111098,136574.3328250984,0.01089708546583507
2026-06-28,alphalend,BTCVC,0,20,0,3290516.286941549,0,3290516.286941549,59991.1835829
2026-06-28,alphalend,DEEP,2.652524162881988,6.795408379497649,52.04542076548609,2947911.18409883,1534252.779557059,1413658.40454177,0.01518479566281148
2026-06-28,alphalend,EBTC,4.352240545641716e-7,0.007375839397690371,0.007375839397690371,658303.8756472575,48.55543661651305,658255.320210641,62348.879151114
2026-06-28,alphalend,EEARN,0,0,0,815120.2623750211,0,815120.2623750211,1.020845650482016
2026-06-28,alphalend,EGUSDC,0.001236670641392143,0.1627884675666209,0.9495993941386218,1250513.147024142,11874.86526776506,1238638.281756376,1.064169827
2026-06-28,alphalend,ESUI,7.297787012899273e-14,0.000003020303588403671,0.000003020303588403671,4048633.654051085,0.1222810275346236,4048633.531770058,0.7102866081977189
2026-06-28,alphalend,ETHIRD,0,0,0,6606729.892896662,0,6606729.892896662,1.036118487476803
2026-06-28,alphalend,IKA,0.006666663090817849,1.666666219685505,0.6666664878742018,257810.6261515232,1718.737046730848,256091.8891047923,0.001718737508554295
2026-06-28,alphalend,STSUI,0.3029452718339021,2.233760692241997,15.95543351601426,5458493.377196667,870926.2817746558,4587567.095422011,0.710597704887478
2026-06-28,alphalend,SUI,2.489346292081907,4.678938190387897,62.59203642790923,11375059.1378889,7119881.159283636,4255177.978605263,0.685275930740823
2026-06-28,alphalend,TBTC,0.3883960878504522,0.8995323876076441,53.97194325645864,2768627.379695903,1494281.998352251,1274345.381343652,59843.08023625105
2026-06-28,alphalend,USDC,6.744253308604691,9.762859385762686,81.27143230960448,32762214.48323916,26626320.96687315,6135893.516366011,0.9997740053066724
2026-06-28,alphalend,USDSUI,1.381593178486463,6.069801047780644,30.34900523890322,7583646.124303772,2301561.159564833,5282084.964738939,0.9981326026813165
2026-06-28,alphalend,USDT,4.731579530378685,9.137749301704458,60.91832867802972,6091382.941169935,3710768.681139335,2380614.2600306,0.9988171071996417
2026-06-28,alphalend,WAL,0.8672493517957642,4.809017506853181,24.0450875342659,3337220.199908777,802437.518279269,2534782.681629508,0.03169730294965827
2026-06-28,alphalend,WBTC,0.2343116058833901,1.286065424783642,21.43442374639404,4847810.898851587,1039100.330483723,3808710.568367864,59999.10343108553
2026-06-28,alphalend,XAUM,0.9138330788103096,3.231687889474317,40.39609861842897,1335316.492518455,539415.7671859019,795900.7253325535,4024.601538835801
2026-06-28,alphalend,XBTC,1.957028795564331,2.626651395858823,93.13325697929412,6522336.008923884,6074463.956244116,447872.0526797679,60008.82592114083
2026-06-28,bucket,BKT-AF-AFSUI-SUI,0,0,0,1.073168791730836,0,1.073168791730836,1
2026-06-28,bucket,BKT-KRIYA-FOUNTAIN-1,0,0,0,1.847047712209146,0,1.847047712209146,1
2026-06-28,bucket,BKT-PSM-BLUEFIN_STABLE_LP,0,0,0,141011.7457452017,0,141011.7457452017,1
2026-06-28,bucket,BKT-PSM-BUCKETUS,0,0,0,968718.7880483653,0,968718.7880483653,1
2026-06-28,bucket,BKT-PSM-CETABLE,0,0,0,0.2377472311127842,0,0.2377472311127842,1
2026-06-28,bucket,BKT-PSM-FDUSD,0,0,0,0.07015564715202174,0,0.07015564715202174,1
2026-06-28,bucket,BKT-PSM-STAPEARL,0,0,0,0.05952945109826323,0,0.05952945109826323,1
2026-06-28,bucket,BKT-PSM-USDC_CIRCLE,0,0,0,59512.57428685926,0,59512.57428685926,1
2026-06-28,bucket,BKT-PSM-USDC_WORMHOLE,0,0,0,1.59150532744818,0,1.59150532744818,1
2026-06-28,bucket,BKT-PSM-USDT_WORMHOLE,0,0,0,0.120984623524812,0,0.120984623524812,1
2026-06-28,bucket,BKT-SAVE-AFSUI_S,0,0,0,1302486.945492899,0,1302486.945492899,1
2026-06-28,bucket,BKT-SAVE-HASUI_NAVI_POND,0,0,0,0.8361398067830762,0,0.8361398067830762,1
2026-06-28,bucket,BKT-SAVE-HASUI_S,0,0,0,2230704.05935438,0,2230704.05935438,1
2026-06-28,bucket,BKT-SAVE-NAVI_STSUI,0,0,0,618478.6051170648,0,618478.6051170648,1
2026-06-28,bucket,BKT-SAVE-NAVI_VSUI,0,0,0,0.63311929704688,0,0.63311929704688,1
2026-06-28,bucket,BKT-SAVE-SUI_NAVI_POND,0,0,0,907869.0555980501,0,907869.0555980501,1
2026-06-28,bucket,BKT-SAVE-VSUI_S,0,0,0,1369531.752410694,0,1369531.752410694,1
2026-06-28,bucket,BKT-SCOIN-NAVI_CIRCLE_USDC,0,0,0,0.706264692063585,0,0.706264692063585,1
2026-06-28,bucket,BKT-SCOIN-NAVI_SUI_BRIDGE_USDT,0,0,0,19225.40154775256,0,19225.40154775256,1
2026-06-28,bucket,BKT-SCOIN-SCALLOP_CIRCLE_USDC,0,0,0,0.9648709936138234,0,0.9648709936138234,1
2026-06-28,bucket,BKT-SCOIN-SCALLOP_SUI_BRIDGE_USDT,0,0,0,0.3025821145886349,0,0.3025821145886349,1
2026-06-28,bucket,BKT-SCOIN-SCALLOP_USDC,0,0,0,0.5510911183048163,0,0.5510911183048163,1
2026-06-28,bucket,BKT-SCOIN-SCALLOP_USDT,0,0,0,0.1963041280049888,0,0.1963041280049888,1
2026-06-28,bucket,PSM-BUCK,0,0,0,2372579.509955958,2372377.028457,2372579.509955958,1.000085349628887
2026-06-28,bucket,PSM-USDC,0,0,0,8268.560627382629,8270.437425,8268.560627382629,0.9997730715413313
2026-06-28,bucket,PSM-USDSUI,0,0,0,390926.9834862021,391299.986873,390926.9834862021,0.9990467584990772
2026-06-28,bucket,PSM-USDT,0,0,0,0,0,0,0.9986702793492579
2026-06-28,bucket,SAVING-USDB,3,0,0,7525757.549036,0,7525757.549036,1
2026-06-28,bucket,SUI,0,8,89.72000957333334,41429.85888605376,26916.002872,3083.997127999999,0.683452607693602
2026-06-28,bucket,V1-AF_LP,0,0,0,0,0,0,0
2026-06-28,bucket,V1-BTC,0,0,1.326188924368625e-9,678.6363416724159,9e-9,678.6363416634159,59867.59803807961
2026-06-28,bucket,V1-CETUS,0,0,58.66166391185416,16.73689468432548,9.818140909,6.918753775325484,0.01673689468432548
2026-06-28,bucket,V1-COIN,0,0,0.06801137603244714,87.13236025331852,3e-9,87.13236025031853,0.9979265525488472
2026-06-28,bucket,V1-HAEDAL,0,0,100,24.26638602406211,50.493491719,0,0.015883698400389
2026-06-28,bucket,V1-LBTC,0,0,40.66004036989138,1051.654334567849,427.603076987,624.051257580849,60137.55753075051
2026-06-28,bucket,V1-LP_TOKEN,0,0,0,0,1487.982953506,0,0
2026-06-28,bucket,V1-MUSD,0,0,69.59805086664682,72.5313131551957,50.480380224,22.0509329311957,0.9996387058708841
2026-06-28,bucket,V1-NAVX,0,0,100,50.39215852953831,52.870769635,0,0.007091154038248047
2026-06-28,bucket,V1-SCA,0,0,100,1101.996840230169,1865.037219788,0,0.009497174455253032
2026-06-28,bucket,V1-SCALLOP_DEEP,0,0,17.76429977911133,7639.938000899318,1357.181489418,6282.756511481318,0.01931988145340488
2026-06-28,bucket,V1-SCALLOP_SB_USDT,0,0,66.10546158365732,532.1075377846853,351.752143974,180.3553938106853,1.131744482975739
2026-06-28,bucket,V1-SCALLOP_SCA,0,0,100,114.9234983464439,161.471204678,0,0.0127171350989647
2026-06-28,bucket,V1-SCALLOP_SUI,0,0,62.38772404314263,73852.13247668282,46074.664609529,27777.46786715382,0.7564237985268728
2026-06-28,bucket,V1-SCALLOP_USDC,0,0,51.98243876459239,13344.53691354508,6936.815729502,6407.72118404308,1.130121981035743
2026-06-28,bucket,V1-SCALLOP_WORMHOLE_USDC,0,0,67.38366823829153,643.9381609703257,433.909154048,210.0290069223257,1.159833620029157
2026-06-28,bucket,V1-SCALLOP_WORMHOLE_USDT,0,0,52.63519341361192,2096.101581881298,1103.287121769,992.8144601122976,1.172977825349851
2026-06-28,bucket,V1-STSUI,0,0,100,36.03015153781324,36.308843496,0,0.7080878326591635
2026-06-28,bucket,V1-SUI,0,0,17.66851704152585,0,3017.794346294,0,0
2026-06-28,bucket,V1-TBTC,0,0,97.78179341296254,294.48920471715,287.95682578,6.532378937150042,59921.41861623248
2026-06-28,bucket,V1-TLP,0,0,0,0,12494.869472018,0,0
2026-06-28,bucket,V1-USDY,0,0,73.07836691402586,864.0075568612843,631.402612568,232.6049442932843,1.137345087597163
2026-06-28,bucket,V1-WAL,0,0,100,37436.73557686279,50584.022907858,0,0.03221239403780323
2026-06-28,bucket,V1-WETH,0,0,22.54949354009482,1388.981690719972,313.208336622,1075.773354097973,1571.754498578497
2026-06-28,bucket,V1-afSUI,0,0,60.06862092729159,5521.889340777238,3316.922776136,2204.966564641238,0.7306962140517771
2026-06-28,bucket,V1-haSUI,0,0,30.99535355650224,2922.717221136385,905.906536148,2016.810684988385,0.7399467205344973
2026-06-28,bucket,V1-sSUI,0,0,72.0276276421736,72.37226110093069,52.128022742,20.24423835893069,0.7008071872828937
2026-06-28,bucket,V1-vSUI,0,0,90.83750567291419,11872.46643533141,10784.652371709,1087.814063622407,0.728560756095374
2026-06-28,bucket,V1PSM-AUSD,0,0,0,7.307956001,7.307956001,7.307956001,0.9995331380466524
2026-06-28,bucket,V1PSM-BLUEFIN_STABLE_LP,0,0,0,282087.505173162,282087.505173162,282087.505173162,1
2026-06-28,bucket,V1PSM-BUCKETUS,0,0,0,1937877.33561359,1937877.33561359,1937877.33561359,1
2026-06-28,bucket,V1PSM-CETABLE,0,0,0,0.238021,0.238021,0.238021,1
2026-06-28,bucket,V1PSM-COIN,0,0,0,1019.758977,1019.758977,1019.758977,0.9997730715413313
2026-06-28,bucket,V1PSM-FDUSD,0,0,0,0.070352,0.070352,0.070352,0.9972089940871864
2026-06-28,bucket,V1PSM-SCABLE,0,0,0,854.607426626,854.607426626,854.607426626,1
2026-06-28,bucket,V1PSM-STAPEARL,0,0,0,0.059598,0.059598,0.059598,1
2026-06-28,bucket,V1PSM-USDC,0,0,0,59526.082350565,59526.082350565,59526.082350565,0.9997730715413313
2026-06-28,bucket,V1PSM-USDT,0,0,0,0.057134295,0.057134295,0.057134295,0.9986702793492579
2026-06-28,bucket,WBTC,0,9,17.53123067944444,155367.0313594729,31556.215223,148443.784777,59945.84173789085
2026-06-28,bucket,XBTC,0,9,88.64085444166668,180297.4600471664,106369.02533,13630.97467,60092.79833532219
2026-06-28,bucket,afSUI,0,9,74.887620735,24282.2610080368,14977.524147,5022.475853,0.7306962140517771
2026-06-28,bucket,haSUI,0,9,81.22661358650001,4192006.918341748,1462079.044557,337920.955443,0.7399467205344973
2026-06-28,bucket,vSUI,0,9,3.7426371005,175943.7730727668,7485.274201,192514.725799,0.728560756095374
2026-06-28,navi,AUSD,1.6283,5.548100000000001,41.93762699170511,2426.419456007566,1017.58324041884,1408.836215588726,0.999617
2026-06-28,navi,BLUE,2.4539,14.5029,24.17223918326211,19083.69179868234,4612.96335876616,14470.72843991618,0.01095335
2026-06-28,navi,BUCK,0.2258,3.6439,8.853485157111995,20394222.57190817,1805600.38234514,18588622.18956302,0.99878116
2026-06-28,navi,CETUS,0.5584,5.648700000000001,14.12181872217808,143847.0552574504,20313.83540024317,123533.2198572072,0.01668503
2026-06-28,navi,DEEP,4.5522,12.9604,50.17705724575484,5086792.536680307,2552396.659833742,2534395.876846565,0.015212
2026-06-28,navi,FDUSD,0.1111,4.5808,3.233688756616078,24660.92413778427,797.4580699052553,23863.46606787902,0.997211
2026-06-28,navi,HAEDAL,0.0381,30.1446,0.1807896209120748,59894.21651693788,108.2830236047153,59785.93349333317,0.01580114
2026-06-28,navi,IKA,1.6992,33.5998,16.86190904217227,125128.8451681709,21099.20189286783,104029.6432753031,0.00172286
2026-06-28,navi,LBTC,0.005500000000000001,0.2964,3.704617814910385,2794557.925118747,103527.6952442139,2691030.229874533,60145.86647488
2026-06-28,navi,MBTC,0,0,0,18064458.73551091,0,18064458.73551091,60216.86383344
2026-06-28,navi,NAVX,0.0061,0.7834,0.9793104729045554,1729278.577357861,16935.00789819321,1712343.569459667,0.007091
2026-06-28,navi,NS,0.5094,12.6784,6.696253010110564,214498.0959361866,14363.3569905258,200134.7389456608,0.01094
2026-06-28,navi,SOL,0.0802,6.4235,1.783414159469945,45377.77085144056,809.2742452324013,44568.49660620816,70.54582054
2026-06-28,navi,SUI,1.839133333333334,2.7018,85.08933192845215,19806932.06095456,16861975.78137215,2944956.279582413,0.68596023
2026-06-28,navi,USDC,5.5299,8.577766666666667,80.58455759625106,25677222.92258582,20691695.51144214,4985527.41114368,0.99965
2026-06-28,navi,USDSUI,2.3683,4.2146,70.24272030180276,3905236.884581278,2743145.146322351,1162091.738258926,0.99965
2026-06-28,navi,USDY,0.0092,0.271,4.516338200933766,2316032.707908692,104599.8740585044,2211432.833850188,1.136468
2026-06-28,navi,WAL,5.213566666666666,13.3032,55.98620359479955,4113284.501206341,2302864.498155616,1810420.003050725,0.03210485
2026-06-28,navi,WBTC,0.05913999999999999,0.28546,38.88485461587136,28459.44344015986,863.7538550928311,27595.68958506702,60313.53394693
2026-06-28,navi,WETH,0.001,0.515,9.663618041676802,148595.7562933748,14359.72733282158,134236.0289605533,1581.03523559
2026-06-28,navi,XAUm,0.0062,8.0219,0.109692147947238,1057948.657220511,1160.488023642429,1056788.169196869,4108.18399999
2026-06-28,navi,YBTC.B,0,0,0,3609.736163471337,0,3609.736163471337,60068.25256455
2026-06-28,navi,enzoBTC,0,0,0,26194335.7675464,0,26194335.7675464,60216.86383344
2026-06-28,navi,haSUI,0.0153,0.2795,8.39426907466985,16196583.21481727,1359584.829017776,14836998.3857995,0.68658901
2026-06-28,navi,stBTC,0.0002,0.2484,3.105196405497306,30427.4436085391,944.831920967699,29482.6116875714,60216.86383344
2026-06-28,navi,stSUI,0.0982,1.2795,9.598586898248596,10173.32077738927,976.495207409884,9196.825569979388,0.68623437
2026-06-28,navi,suiETH,0.1113666666666667,1.2184,15.23039624447173,1386623.284585532,211293.3466221734,1175329.937963359,1574.41930645
2026-06-28,navi,suiUSDT,4.8771,8.257,73.83249705423351,5199531.726729091,3838945.373242969,1360586.353486123,0.998465
2026-06-28,navi,suiUSDe,0.6755,2.2509,37.51467884036136,681981.0121207263,255843.0412946715,426137.9708260547,0.99965
2026-06-28,navi,vSUI,0.0064,0.363,2.723016209364655,11696537.24366513,318501.5571211605,11378035.68654397,0.68607557
2026-06-28,navi,wBTC,0.4985,1.2228,81.5239455852042,7714920.264747857,6289507.615123732,1425412.649624126,60068.25256455
2026-06-28,navi,wUSDC,1.4564,19.5299,93.2199368772674,2170577.397242953,2023411.287977761,147166.1092651917,0.999672
2026-06-28,navi,wUSDT,1.4101,29.3393,96.12636293782249,1162414.453949505,1117386.930403151,45027.52354635474,0.99846
2026-06-28,navi,xBTC,0.1925,0.4145,66.32772424877822,9653098.957143884,6402680.993965973,3250417.963177911,60068.25256455
2026-06-28,scallop,CETUS,0.2036544805744889,22.38985880505808,1.677805660757669,61235.92065364071,1027.419743143859,60208.50091049685,0.01674828
2026-06-28,scallop,DEEP,4.376804164794956,26.21024249203823,26.28253260301701,119317.3609863233,31359.62430228993,87957.73668403341,0.01522621
2026-06-28,scallop,SBETH,1.782605708446638,7.226723954731895,31.65118858798063,380137.481480945,120318.0311571339,259819.4503238112,1573.72625
2026-06-28,scallop,SCA,5.26123724893639,25.64394985379768,22.68266303734706,227279.9653864174,51553.14870000009,175726.8166864173,0.009475
2026-06-28,scallop,SUI,2.608440113254984,7.933131901451151,42.15949641024947,3432021.099653414,1446922.812307386,1985098.287346028,0.68536643
2026-06-28,scallop,USDC,6.024646364753372,9.859290646729901,77.765648721269,2471425.235080256,1921919.866721308,549505.3683589477,0.99965022
2026-06-28,scallop,USDSUI,6.334385799646336,10.0657006188775,80.04557138863706,464077.2493484824,371473.2859256627,92603.96342281971,0.99965022
2026-06-28,scallop,USDT,4.074927592645516,8.420321091307814,61.75165553990431,883562.2306769787,545614.3051683427,337947.9255086361,0.99851
2026-06-28,scallop,USDY,2.03863849432866,6.500497183503606,40.05309577413382,504542.9132581693,202085.0562688995,302457.8569892699,1.13765491
2026-06-28,scallop,WBTC,0,5.126749587580526,0,117.2337770134091,0,117.2337770134091,60059.82582208
2026-06-28,scallop,WETH,0.5751620791436318,5.945332988556218,12.4121904615944,7926.416373431357,983.8418970493037,6942.574476382054,1573.72625
2026-06-28,scallop,afSUI,0.1383860457858876,5.345052201389455,3.319525523009168,105143.1020008988,3490.252106603396,101652.8498942954,0.68536643
2026-06-28,scallop,haSUI,0.2885414770325001,5.564551738075862,6.650340560735459,56954.11768107343,3787.642789153431,53166.47489191999,0.68536643
2026-06-28,scallop,vSUI,0.9400750545921266,6.376961175433338,18.91851756968969,22373.27179834021,4232.691356083421,18140.58044225679,0.68536643
2026-06-28,scallop,wUSDC,1.464748268789817,5.929533294974565,31.5525185198431,168545.7620304692,53180.43277907449,115365.3292513947,0.99965022
2026-06-28,scallop,wUSDT,1.054232629207674,5.341519566532149,25.18990145215374,73739.64039881526,18574.94274763412,55164.69765118115,0.99851
2026-06-28,suilend,AUSD,0.04053712093385888,4.09285343699814,1.238045826641865,1663445.787416526,20594.22114956021,1642851.566266965,0.9995936200000002
2026-06-28,suilend,BTC,0.0667139610191488,0.5775550234356411,14.43887558589103,1995475.476614146,288124.2214152826,1707351.255198864,60076.85251503
2026-06-28,suilend,COIN,1.96871523139779,8.937132002797075,29.37132002797075,525852.8843814477,154449.93354799,371402.9508334577,70.60854636
2026-06-28,suilend,DEEP,0.2702442022295925,27.13418846080442,1.422792307202947,5241112.235396176,74570.1416970892,5166542.093699086,0.01521324
2026-06-28,suilend,ETH,0.04893126983565968,1.134752091951209,5.390083678048374,3470970.048624295,187088.1900608458,3283881.858563449,1571.92249999
2026-06-28,suilend,LBTC,0,3,0,4065123.505209854,0,4065123.505209854,60076.85251503
2026-06-28,suilend,SEND,0.001213689854897249,50.00129456899371,0.003236422484282023,547149.9929067364,17.70808539318111,547132.2848213431,0.0552584
2026-06-28,suilend,SUI,0.9917641082949777,2.385704208242443,51.96390780909162,38639015.16509201,20078342.21872934,18560672.94636267,0.68412499
2026-06-28,suilend,USDC,3.756159426327975,6.375591861499339,73.64334770647952,30223614.62046896,22257681.60441834,7965933.016050626,0.99965006
2026-06-28,suilend,USDSUI,1.36586766286994,4.875471517241748,35.01886068966992,8910578.639747772,3120383.120496758,5790195.519251014,0.9995936200000002
2026-06-28,suilend,USDT,2.920900973987449,6.438892731003068,56.70425599582133,2687573.367661916,1523968.482474529,1163604.885187387,0.99848843
2026-06-28,suilend,WAL,0.3616472351421079,20.98478749425016,2.461968735625403,1498559.56264047,36894.06791693316,1461665.494723537,0.03222411
2026-06-28,suilend,WBTC,0.1158253338325914,0.7610037248022885,19.02509312005721,3644349.330767682,693340.8537987334,2951008.476968949,60076.85251503
2026-06-28,suilend,WETH,13.45319602693828,271.7569859339512,99.00901705031409,860.2212333443816,851.696587592361,8.52464575202077,1571.92249999
2026-06-28,suilend,XBTC,0.2076813767976816,1.052441926943067,26.31104817357667,4353007.180263313,1145321.816198332,3207685.364064982,60076.85251503
2026-06-28,suilend,sSUI,0,0,0,42638433.32825384,0,42638433.32825384,0.700980841840723
2026-06-28,suilend,wUSDC,6.24030611344501,12.85187256974683,60.69452213655061,39450.48280151741,23944.28201694307,15506.20078457434,0.99965006
2026-06-28,suilend,wUSDT,0.3102429550033357,8.680512443895372,35.74016591860497,20670.01811890602,7387.498771102722,13282.5193478033,0.99848843
2026-06-29,alphalend,ALPHA,1.360254574372891e-13,0.000001374497167842405,0.00001099597734273924,5316947.336952159,0.5846503244966369,5316946.752301835,0.5846503244966369
2026-06-29,alphalend,BLUE,1.657225830527607,2.844876210184745,72.81625403394915,520170.2280756141,378768.4746845118,141401.7533911023,0.01128268540310208
2026-06-29,alphalend,BTCVC,0,20,0,3251365.130206957,0,3251365.130206957,59277.39765196
2026-06-29,alphalend,DEEP,2.667395893149136,6.830169764517199,52.07085592525649,3083987.073115388,1605858.465595448,1478128.60751994,0.01589056353411518
2026-06-29,alphalend,EBTC,4.423447145440591e-7,0.00743593230993985,0.00743593230993985,647678.6441367146,48.16094556394231,647630.4831911507,61842.322590678
2026-06-29,alphalend,EEARN,0,0,0,811660.7834912632,0,811660.7834912632,1.016513045669655
2026-06-29,alphalend,EGUSDC,0.001236670641392143,0.1627884675666209,0.9495993941386218,1250507.179832064,11874.80860334525,1238632.371228719,1.064164749
2026-06-29,alphalend,ESUI,7.297786972445716e-14,0.000003020303580032501,0.000003020303580032501,4026543.034853346,0.121613823433225,4026542.913239522,0.706411059
2026-06-29,alphalend,IKA,0.006148381481163014,1.600570403684654,0.6402281614738615,255864.6274278997,1638.117400043588,254226.5100278561,0.001705837960619823
2026-06-29,alphalend,STSUI,0.3026261776424291,2.232583965088306,15.94702832205933,5411207.995551175,862926.8716160846,4548281.12393509,0.7045391588590313
2026-06-29,alphalend,SUI,2.563988126050941,4.768221990696293,63.2616649302222,11229207.19282898,7103783.42864788,4125423.7641811,0.6769534517401928
2026-06-29,alphalend,TBTC,0.3883949014944125,0.8995310137955367,53.9718608277322,2756972.427923894,1487989.321858034,1268983.106065861,59589.63426652509
2026-06-29,alphalend,USDC,6.580050069060259,9.564138083244455,80.94023013874076,32873678.5454664,26608031.06977035,6265647.475696054,0.9996712435584305
2026-06-29,alphalend,USDSUI,1.418023538706549,6.149305735786329,30.74652867893165,7485225.126019306,2301446.890054123,5183778.235965183,0.997929726227312
2026-06-29,alphalend,USDT,5.271584404241466,9.64510031440054,64.30066876267027,6103052.933017077,3924303.850869743,2178749.082147333,0.9983175768240643
2026-06-29,alphalend,WAL,0.8669819621838968,4.808276093525681,24.0413804676284,3369734.102543946,810130.5963400136,2559603.506203933,0.03199955689433303
2026-06-29,alphalend,WBTC,0.2333816873629215,1.283510867149636,21.39184778582726,4779159.543464578,1022350.53497978,3756809.008484798,59029.96309470577
2026-06-29,alphalend,XAUM,0.9209598669864493,3.244265035828959,40.55331294786199,1325500.312809568,537534.2899785535,787966.022831014,4010.212162605029
2026-06-29,alphalend,XBTC,1.955818589785683,2.625227750248089,93.12613875124045,6474468.094172345,6029422.140783732,445045.9533886138,59559.88125868358
2026-06-29,bucket,BKT-AF-AFSUI-SUI,0,0,0,1.063518681876006,0,1.063518681876006,1
2026-06-29,bucket,BKT-KRIYA-FOUNTAIN-1,0,0,0,1.827960533661985,0,1.827960533661985,1
2026-06-29,bucket,BKT-PSM-BLUEFIN_STABLE_LP,0,0,0,140987.2996000984,0,140987.2996000984,1
2026-06-29,bucket,BKT-PSM-BUCKETUS,0,0,0,968550.8485626735,0,968550.8485626735,1
2026-06-29,bucket,BKT-PSM-CETABLE,0,0,0,0.237736689983879,0,0.237736689983879,1
2026-06-29,bucket,BKT-PSM-FDUSD,0,0,0,0.07012962849220707,0,0.07012962849220707,1
2026-06-29,bucket,BKT-PSM-STAPEARL,0,0,0,0.05952681170845941,0,0.05952681170845941,1
2026-06-29,bucket,BKT-PSM-USDC_CIRCLE,0,0,0,59502.25703974769,0,59502.25703974769,1
2026-06-29,bucket,BKT-PSM-USDC_WORMHOLE,0,0,0,1.591638214330211,0,1.591638214330211,1
2026-06-29,bucket,BKT-PSM-USDT_WORMHOLE,0,0,0,0.1209948982798382,0,0.1209948982798382,1
2026-06-29,bucket,BKT-SAVE-AFSUI_S,0,0,0,1289477.089396706,0,1289477.089396706,1
2026-06-29,bucket,BKT-SAVE-HASUI_NAVI_POND,0,0,0,0.8278113422546983,0,0.8278113422546983,1
2026-06-29,bucket,BKT-SAVE-HASUI_S,0,0,0,2208484.880837908,0,2208484.880837908,1
2026-06-29,bucket,BKT-SAVE-NAVI_STSUI,0,0,0,614969.0795537755,0,614969.0795537755,1
2026-06-29,bucket,BKT-SAVE-NAVI_VSUI,0,0,0,0.6296310449754935,0,0.6296310449754935,1
2026-06-29,bucket,BKT-SAVE-SUI_NAVI_POND,0,0,0,900611.1501960232,0,900611.1501960232,1
2026-06-29,bucket,BKT-SAVE-VSUI_S,0,0,0,1361986.141347409,0,1361986.141347409,1
2026-06-29,bucket,BKT-SCOIN-NAVI_CIRCLE_USDC,0,0,0,0.7061422522692807,0,0.7061422522692807,1
2026-06-29,bucket,BKT-SCOIN-NAVI_SUI_BRIDGE_USDT,0,0,0,19226.24037768787,0,19226.24037768787,1
2026-06-29,bucket,BKT-SCOIN-SCALLOP_CIRCLE_USDC,0,0,0,0.9647037211912943,0,0.9647037211912943,1
2026-06-29,bucket,BKT-SCOIN-SCALLOP_SUI_BRIDGE_USDT,0,0,0,0.3025953166502394,0,0.3025953166502394,1
2026-06-29,bucket,BKT-SCOIN-SCALLOP_USDC,0,0,0,0.5511371330929311,0,0.5511371330929311,1
2026-06-29,bucket,BKT-SCOIN-SCALLOP_USDT,0,0,0,0.1963207993535214,0,0.1963207993535214,1
2026-06-29,bucket,PSM-BUCK,0,0,0,2370625.507061549,2367781.685133,2370625.507061549,1.00120104904367
2026-06-29,bucket,PSM-USDC,0,0,0,8466.359413303107,8469.749444,8466.359413303107,0.9995997484082255
2026-06-29,bucket,PSM-USDSUI,0,0,0,394271.0265614681,394305.158063,394271.0265614681,0.9999134388662336
2026-06-29,bucket,PSM-USDT,0,0,0,0,0,0,0.9987138526667638
2026-06-29,bucket,SAVING-USDB,3,0,0,7327073.346643,0,7327073.346643,1
2026-06-29,bucket,SUI,0,8,89.73775750666665,41173.90708789607,26921.327252,3078.672748000001,0.6779887862946656
2026-06-29,bucket,V1-AF_LP,0,0,0,0,0,0,0
2026-06-29,bucket,V1-BTC,0,0,1.33735017584496e-9,672.9725813445717,9e-9,672.9725813355717,59367.95529001252
2026-06-29,bucket,V1-CETUS,0,0,59.00628031343984,16.63914562457808,9.818140909,6.821004715578077,0.01663914562457808
2026-06-29,bucket,V1-COIN,0,0,0.0680056977196081,87.1397600668681,3e-9,87.13976006386811,0.9980113025820562
2026-06-29,bucket,V1-HAEDAL,0,0,100,24.12877116484985,50.493491719,0,0.01579362182627648
2026-06-29,bucket,V1-LBTC,0,0,41.0250865275193,1042.296587723629,427.603076987,614.6935107366293,59602.44630579302
2026-06-29,bucket,V1-LP_TOKEN,0,0,0,0,1487.982953506,0,0
2026-06-29,bucket,V1-MUSD,0,0,69.36041527460134,72.77981255467641,50.480380224,22.29943233067641,1.003063566214651
2026-06-29,bucket,V1-NAVX,0,0,100,50.07839085120185,52.870769635,0,0.00704700084052378
2026-06-29,bucket,V1-SCA,0,0,100,1091.239090231453,1865.037219788,0,0.00940446254832736
2026-06-29,bucket,V1-SCALLOP_DEEP,0,0,17.26384795125046,7861.407799989897,1357.181489418,6504.226310571898,0.01987993446213816
2026-06-29,bucket,V1-SCALLOP_SB_USDT,0,0,66.1087510171534,532.0810612239974,351.752143974,180.3289172499974,1.13168816973197
2026-06-29,bucket,V1-SCALLOP_SCA,0,0,100,114.2202222974255,161.471204678,0,0.01263931240251082
2026-06-29,bucket,V1-SCALLOP_SUI,0,0,62.90064153342202,73249.91206178302,46074.664609529,27175.24745225402,0.7502556103038346
2026-06-29,bucket,V1-SCALLOP_USDC,0,0,51.9756625578828,13346.27667665959,6936.815729502,6409.460947157585,1.130269318073381
2026-06-29,bucket,V1-SCALLOP_WORMHOLE_USDC,0,0,67.3814168761814,643.9596763679544,433.909154048,210.0505223199544,1.159872372634656
2026-06-29,bucket,V1-SCALLOP_WORMHOLE_USDT,0,0,52.642058629673,2095.828222696262,1103.287121769,992.541100927262,1.172824853630744
2026-06-29,bucket,V1-STSUI,0,0,100,35.82570026524706,36.308843496,0,0.7040698240664475
2026-06-29,bucket,V1-SUI,0,0,17.8109052689574,0,3017.794346294,0,0
2026-06-29,bucket,V1-TBTC,0,0,98.48415805107358,292.3889806020035,287.95682578,4.432154822003497,59494.07389059992
2026-06-29,bucket,V1-TLP,0,0,0,0,12494.869472018,0,0
2026-06-29,bucket,V1-USDY,0,0,72.95989390656109,865.4105409975379,631.402612568,234.0079284295379,1.13919191995722
2026-06-29,bucket,V1-WAL,0,0,100,36987.30835402667,50584.022907858,0,0.03182568492521009
2026-06-29,bucket,V1-WETH,0,0,22.59255547289973,1386.334259520577,313.208336622,1073.125922898577,1568.75869818377
2026-06-29,bucket,V1-afSUI,0,0,60.67466823172758,5466.734096456975,3316.922776136,2149.811320320975,0.7233976744174707
2026-06-29,bucket,V1-haSUI,0,0,31.30719236501235,2893.605167739041,905.906536148,1987.698631591041,0.7325763980538934
2026-06-29,bucket,V1-sSUI,0,0,72.12962431257269,72.26992132400962,52.128022742,20.14189858200962,0.6998161936325613
2026-06-29,bucket,V1-vSUI,0,0,91.34075931622121,11807.05355686019,10784.652371709,1022.401185151188,0.7245466570488993
2026-06-29,bucket,V1PSM-AUSD,0,0,0,7.307956001,7.307956001,7.307956001,0.9996384540689738
2026-06-29,bucket,V1PSM-BLUEFIN_STABLE_LP,0,0,0,282087.505173162,282087.505173162,282087.505173162,1
2026-06-29,bucket,V1PSM-BUCKETUS,0,0,0,1937877.33561359,1937877.33561359,1937877.33561359,1
2026-06-29,bucket,V1PSM-CETABLE,0,0,0,0.238021,0.238021,0.238021,1
2026-06-29,bucket,V1PSM-COIN,0,0,0,1019.758977,1019.758977,1019.758977,0.9995997484082255
2026-06-29,bucket,V1PSM-FDUSD,0,0,0,0.070352,0.070352,0.070352,0.996839158690685
2026-06-29,bucket,V1PSM-SCABLE,0,0,0,854.607426626,854.607426626,854.607426626,1
2026-06-29,bucket,V1PSM-STAPEARL,0,0,0,0.059598,0.059598,0.059598,1
2026-06-29,bucket,V1PSM-USDC,0,0,0,59526.082350565,59526.082350565,59526.082350565,0.9995997484082255
2026-06-29,bucket,V1PSM-USDT,0,0,0,0.057134295,0.057134295,0.057134295,0.9987138526667638
2026-06-29,bucket,WBTC,0,9,17.53123067944444,154082.5374175636,31556.215223,148443.784777,59450.24064490983
2026-06-29,bucket,XBTC,0,9,88.64085444166668,178738.4364654252,106369.02533,13630.97467,59573.1787595773
2026-06-29,bucket,afSUI,0,9,74.887620735,24039.71829196742,14977.524147,5022.475853,0.7233976744174707
2026-06-29,bucket,haSUI,0,9,81.49135047316666,4149834.160588199,1466844.308517,333155.6914830001,0.7325763980538934
2026-06-29,bucket,vSUI,0,9,3.7435223295,174978.3804936768,7487.044659,192512.955341,0.7245466570488993
2026-06-29,navi,AUSD,1.6283,5.548100000000001,41.9413265934627,2426.571392391771,1017.736622263774,1408.834770127997,0.999616
2026-06-29,navi,BLUE,2.4539,14.5029,24.17951793992771,19269.67943074798,4659.321682354182,14610.3577483938,0.01105904
2026-06-29,navi,BUCK,0.2254,3.643600000000001,8.838453331444674,20391899.41325939,1802105.852444115,18589793.56081527,0.99865859
2026-06-29,navi,CETUS,0.5584,5.648700000000001,14.12369381084679,142489.6312055357,20124.81082202826,122364.8203835075,0.01652722
2026-06-29,navi,DEEP,4.5349,12.9513,50.02178808224956,5236267.329102949,2619267.823352384,2616999.505750565,0.015603
2026-06-29,navi,FDUSD,0.1111,4.5808,3.234138331921129,24657.74482098074,797.4659970135876,23860.27882396715,0.997096
2026-06-29,navi,HAEDAL,0.0382,30.1447,0.1809747991964298,59594.64372433456,107.8516723689793,59486.79205196559,0.01572523
2026-06-29,navi,IKA,1.7002,33.6085,16.87511355880564,123713.5290207438,20876.86780486951,102836.6612158743,0.00170314
2026-06-29,navi,LBTC,0.005500000000000001,0.2967,3.708233961823947,2757192.898392926,102243.1670893205,2654949.731303605,59329.976261
2026-06-29,navi,MBTC,0,0,0,18049588.04869595,0,18049588.04869595,60167.29322985
2026-06-29,navi,NAVX,0.0061,0.7835,0.9794052744911586,1712460.971666956,16771.93462606646,1695689.03704089,0.00702258
2026-06-29,navi,NS,0.5112,12.6862,6.716269761099632,211762.3906512171,14222.55340521334,197539.8372460037,0.010829
2026-06-29,navi,SOL,0.0803,6.4243,1.786501123869781,45253.10659672565,808.4478639556017,44444.65873277005,70.46140522
2026-06-29,navi,SUI,1.8373,2.7007,85.03603734659627,19473225.64964883,16559452.74860016,2913772.901048678,0.67316634
2026-06-29,navi,USDC,5.363699999999999,8.4977,78.89935129831319,26232940.99344596,20697628.60448927,5535312.388956691,0.99965
2026-06-29,navi,USDSUI,2.3716,4.2174,70.29060634853391,3901052.303687539,2742071.402212549,1158980.901474991,0.99965
2026-06-29,navi,USDY,0.0101,0.2845,4.740911812831749,2321883.886498035,110078.4709989448,2211805.41549909,1.136747
2026-06-29,navi,WAL,5.1625,13.2772,55.54625299298871,4099225.354163696,2276967.491918026,1822257.862245671,0.03173281
2026-06-29,navi,WBTC,0.05913999999999999,0.28546,38.88339479503727,28292.58444701587,858.6952216739045,27433.88922534197,59959.90550148
2026-06-29,navi,WETH,0.001,0.515,9.663741147481872,146018.2500107898,14110.82648946097,131907.4235213289,1553.6088637
2026-06-29,navi,XAUm,0.0063,8.0226,0.1129094916353482,1018126.533061414,1149.562587125886,1016976.970474289,4068.61484822
2026-06-29,navi,YBTC.B,0,0,0,3564.89964263695,0,3564.89964263695,59322.145
2026-06-29,navi,enzoBTC,0,0,0,26172772.55498475,0,26172772.55498475,60167.29322985
2026-06-29,navi,haSUI,0.0152,0.2794,8.390342010589151,15905948.54176882,1334563.523265568,14571385.01850326,0.67395211
2026-06-29,navi,stBTC,0.0002,0.2484,3.105217055969246,30402.40028737207,944.0605469914138,29458.33974038066,60167.29322985
2026-06-29,navi,stSUI,0.1084666666666667,1.3443,10.0844854946748,10015.13478003507,998.7155953249031,9016.419184710165,0.67556171
2026-06-29,navi,suiETH,0.1124,1.2242,15.30322889238274,1365561.136205719,208974.972082244,1156586.164123475,1553.6088637
2026-06-29,navi,suiUSDT,5.529799999999999,8.5777,80.58437225198794,4764763.358515466,3839655.401482727,925107.9570327388,0.998419
2026-06-29,navi,suiUSDe,0.6755,2.2509,37.51509188501579,681996.7584549693,255851.7533390332,426145.0051159361,0.99965
2026-06-29,navi,vSUI,0.0064,0.3626,2.720524357811533,11503195.02285373,312946.6975692597,11190248.32528447,0.67409016
2026-06-29,navi,wBTC,0.4986,1.223,81.53271327879715,7583319.782328513,6182886.541004688,1400433.241323825,59047.98806348
2026-06-29,navi,wUSDC,1.4564,19.5299,93.22331517096679,2171610.252651771,2024447.388464867,147162.8641869035,0.99965
2026-06-29,navi,wUSDT,1.4097,29.3316,96.12124192321221,1163263.2520113,1118143.23580457,45120.01620672983,0.998419
2026-06-29,navi,xBTC,0.1925,0.4146,66.33736672656362,9490067.526490062,6295395.166822718,3194672.359667344,59052.72060645
2026-06-29,scallop,CETUS,0.203757075358002,22.38998634328562,1.678641369377538,60479.20478998734,1015.228951475289,59463.97583851205,0.01654041
2026-06-29,scallop,DEEP,4.393293198512427,26.22362684131951,26.36744029479005,122037.5379021974,32178.17494359367,89859.36295860373,0.01561572
2026-06-29,scallop,SBETH,1.782933547394627,7.227024810293581,31.65568551237429,376160.9064950504,119076.3135805694,257084.5929144809,1557.18808278
2026-06-29,scallop,SCA,5.173139005180172,25.59215621708664,22.35262421973114,229362.1467173347,51268.45875803423,178093.6879593004,0.00941727
2026-06-29,scallop,SUI,2.52386445297601,7.865039090900905,41.14956869853577,3463728.819464079,1425309.470096353,2038419.349367726,0.67500423
2026-06-29,scallop,USDC,5.97474269001399,9.825553589342784,77.39260680078635,2468962.656493037,1910794.560797906,558168.0956951315,0.99965136
2026-06-29,scallop,USDSUI,6.334897578815646,10.06603696908843,80.04929353943908,464164.7124610933,371560.5731844739,92604.13927661936,0.99965136
2026-06-29,scallop,USDT,4.074764233567363,8.420187538528022,61.75016960537604,883581.2346108209,545612.9109734574,337968.3236373634,0.9984225
2026-06-29,scallop,USDY,2.039089095790603,6.501001165203268,40.05884999616814,504643.12078376,202154.230770748,302488.890013012,1.13776365
2026-06-29,scallop,WBTC,0,5.126749587580526,0,115.3461470704238,0,115.3461470704238,59092.77751501
2026-06-29,scallop,WETH,0.5752525557835675,5.945446467522086,12.41390715300628,7843.241533566336,973.6527217629508,6869.588811803386,1557.18808278
2026-06-29,scallop,afSUI,0.1384058824579926,5.345082286291092,3.319982816002784,103553.8797182304,3437.971011949443,100115.908706281,0.67500423
2026-06-29,scallop,haSUI,0.2881959824208025,5.56406442064028,6.642955303651441,56163.68434649334,3730.928448021434,52432.75589847191,0.67500423
2026-06-29,scallop,vSUI,0.9402362456486513,6.377141105445916,18.92122861398618,22035.56871702399,4169.400333340131,17866.16838368386,0.67500423
2026-06-29,scallop,wUSDC,1.465004893014399,5.929876792304456,31.55623010046919,168552.6492866399,53188.86184932892,115363.787437311,0.99965136
2026-06-29,scallop,wUSDT,1.054403748628419,5.341782588229838,25.19276000357076,73735.29071423686,18575.95482757289,55159.33588666398,0.9984225
2026-06-29,suilend,AUSD,0.04054171232053302,4.092863720600316,1.238182941337545,1663505.708825514,20597.24391485372,1642908.46491066,0.99962824
2026-06-29,suilend,BTC,0.06701753424579043,0.5788675765915311,14.47168941478828,1977710.325214563,286208.0957892507,1691502.229425312,59508.16921548
2026-06-29,suilend,COIN,1.969167647350269,8.937639988357068,29.37639988357067,531774.3753656485,156216.1669857731,375558.2083798755,71.39851503
2026-06-29,suilend,DEEP,0.2701257565089472,27.13332124572165,1.422214163814435,5435312.461687437,77301.78367768976,5358010.678009748,0.01575881
2026-06-29,suilend,ETH,0.04893288000880527,1.134756055526465,5.390242221058593,3466687.408995855,186862.8483918167,3279824.560604038,1569.9803601
2026-06-29,suilend,LBTC,0,3,0,4028667.401568411,0,4028667.401568411,59508.16921548
2026-06-29,suilend,SEND,0.001215363940477696,50.00129635459247,0.003240886481179053,497734.6124552798,16.13101376721211,497718.4814415126,0.05026821
2026-06-29,suilend,SUI,0.9935274836737721,2.387262111873328,52.0223291952498,38391987.41431943,19972406.07727613,18419581.33704331,0.68011791
2026-06-29,suilend,USDC,3.75836829335683,6.376609516544719,73.67489501288628,29984752.6755432,22091235.05358006,7893517.621963136,0.9996737800000002
2026-06-29,suilend,USDSUI,1.323370010712636,4.852285273859715,34.0914109543886,8885558.604575083,3029212.299478729,5856346.305096355,0.99962824
2026-06-29,suilend,USDT,3.315498123931329,6.671751141789724,62.1182140466111,2451390.942166609,1522760.272574291,928630.6695923185,0.99838056
2026-06-29,suilend,WAL,0.3693680067252296,21.00485089592048,2.512127239801189,1454033.417438275,36527.16955527903,1417506.247882996,0.03188531
2026-06-29,suilend,WBTC,0.1161082114349863,0.7619324492203567,19.04831123050892,3610282.83237453,687697.910212333,2922584.922162197,59508.16921548
2026-06-29,suilend,WETH,13.46442616858969,271.9638947336851,99.01627700819948,865.4990746799564,856.9849612885089,8.514113391447507,1569.9803601
2026-06-29,suilend,XBTC,0.2092046822413814,1.056294611028272,26.40736527570679,4312134.123057383,1138721.009054159,3173413.114003224,59508.16921548
2026-06-29,suilend,sSUI,0,0,0,42599837.32011709,0,42599837.32011709,0.6988976841034819
2026-06-29,suilend,wUSDC,6.242256668856362,12.85411155190653,60.70291831964949,39459.84805321072,23953.27933279831,15506.56872041242,0.9996737800000002
2026-06-29,suilend,wUSDT,0.3103050110066579,8.680922092891201,35.74562790521601,20669.54194776943,7388.4575543622,13281.08439340723,0.99838056
2026-06-30,alphalend,ALPHA,1.360254574372891e-13,0.000001374497167842405,0.00001099597734273924,5453052.21001821,0.5996163855013439,5453051.610401824,0.5996163855013439
2026-06-30,alphalend,BLUE,1.682262015373631,2.882844001945239,72.94281333981746,505225.3521156632,368525.5855391637,136699.7665764995,0.01097682061063066
2026-06-30,alphalend,BTCVC,0,20,0,3296594.361487088,0,3296594.361487088,60101.99625
2026-06-30,alphalend,DEEP,2.067828560074355,5.403251616925213,51.02676947579894,3243480.730199821,1655043.435191023,1588437.295008799,0.0163747481823982
2026-06-30,alphalend,EBTC,4.423447141112189e-7,0.007435932306301771,0.00743593230630177,653896.6644746062,48.62331332349693,653848.0411612827,62436.038013145
2026-06-30,alphalend,EEARN,0,0,0,865150.1664567195,0,865150.1664567195,1.020546959460219
2026-06-30,alphalend,EGUSDC,0.001236644945207889,0.1627867763062131,0.9495895284529096,1250520.334044462,11874.81014326056,1238645.523901201,1.064164887
2026-06-30,alphalend,ESUI,7.29779591770521e-14,0.000003020305431099893,0.000003020305431099893,4133794.244695765,0.124853212083041,4133794.119842553,0.7252275052067555
2026-06-30,alphalend,IKA,0.006510121508308525,1.646982279340578,0.6587929117362312,252500.2788335826,1663.453939069862,250836.8248945128,0.001683335192582485
2026-06-30,alphalend,STSUI,0.3026588728360495,2.232704564030095,15.94788974307211,5580730.825616637,890008.7989269788,4690722.026689659,0.7266040103132977
2026-06-30,alphalend,SUI,2.604036739165647,4.815632468599936,63.61724351449952,11448767.31416126,7283390.181658397,4165377.132502865,0.6920062533813991
2026-06-30,alphalend,TBTC,0.3884051695783109,0.8995429042694301,53.97257425616581,2776195.668906826,1498384.268897195,1277811.40000963,60004.52556356906
2026-06-30,alphalend,USDC,6.632769123015128,9.628087261386563,81.04681210231094,32824334.81772972,26603076.96355883,6221257.854170886,0.999615241097321
2026-06-30,alphalend,USDSUI,1.484129718799893,6.291008861965661,31.45504430982831,7587438.542740914,2386632.155600146,5200806.387140769,0.9977519211099044
2026-06-30,alphalend,USDT,5.773717916295922,10.09401504354634,67.29343362364226,5523777.929527714,3717139.834524132,1806638.095003582,0.9980571640452358
2026-06-30,alphalend,WAL,0.872054383323571,4.822321386562205,24.11160693281102,3332496.282651322,803518.4047234257,2528977.877927896,0.03173429957042574
2026-06-30,alphalend,WBTC,0.234309882355865,1.286060694814705,21.43434491357842,4812094.749747727,1031440.986229126,3780653.763518601,59553.39621685695
2026-06-30,alphalend,XAUM,0.930765827712787,3.261491030999318,40.76863788749148,1305375.160839164,532183.6723957785,773191.4884433859,3969.94163924068
2026-06-30,alphalend,XBTC,2.105089326751274,2.799408926824739,93.9970446341237,6485326.232992793,6096014.993894768,389311.2390980245,60213.41559569683
2026-06-30,bucket,BKT-AF-AFSUI-SUI,0,0,0,1.088297529007602,0,1.088297529007602,1
2026-06-30,bucket,BKT-KRIYA-FOUNTAIN-1,0,0,0,1.836384521479446,0,1.836384521479446,1
2026-06-30,bucket,BKT-PSM-BLUEFIN_STABLE_LP,0,0,0,140989.8835648905,0,140989.8835648905,1
2026-06-30,bucket,BKT-PSM-BUCKETUS,0,0,0,968568.5998161492,0,968568.5998161492,1
2026-06-30,bucket,BKT-PSM-CETABLE,0,0,0,0.2377236662132815,0,0.2377236662132815,1
2026-06-30,bucket,BKT-PSM-FDUSD,0,0,0,0.07010931349988599,0,0.07010931349988599,1
2026-06-30,bucket,BKT-PSM-STAPEARL,0,0,0,0.05952355069081783,0,0.05952355069081783,1
2026-06-30,bucket,BKT-PSM-USDC_CIRCLE,0,0,0,59503.34757582915,0,59503.34757582915,1
2026-06-30,bucket,BKT-PSM-USDC_WORMHOLE,0,0,0,1.591491182941687,0,1.591491182941687,1
2026-06-30,bucket,BKT-PSM-USDT_WORMHOLE,0,0,0,0.1209794098836396,0,0.1209794098836396,1
2026-06-30,bucket,BKT-SAVE-AFSUI_S,0,0,0,1323162.531352017,0,1323162.531352017,1
2026-06-30,bucket,BKT-SAVE-HASUI_NAVI_POND,0,0,0,0.8428758431995584,0,0.8428758431995584,1
2026-06-30,bucket,BKT-SAVE-HASUI_S,0,0,0,2248674.862390318,0,2248674.862390318,1
2026-06-30,bucket,BKT-SAVE-NAVI_STSUI,0,0,0,626621.0444803819,0,626621.0444803819,1
2026-06-30,bucket,BKT-SAVE-NAVI_VSUI,0,0,0,0.6408327255431713,0,0.6408327255431713,1
2026-06-30,bucket,BKT-SAVE-SUI_NAVI_POND,0,0,0,919052.0451674103,0,919052.0451674103,1
2026-06-30,bucket,BKT-SAVE-VSUI_S,0,0,0,1386217.052155773,0,1386217.052155773,1
2026-06-30,bucket,BKT-SCOIN-NAVI_CIRCLE_USDC,0,0,0,0.7061551941918741,0,0.7061551941918741,1
2026-06-30,bucket,BKT-SCOIN-NAVI_SUI_BRIDGE_USDT,0,0,0,19233.72960855303,0,19233.72960855303,1
2026-06-30,bucket,BKT-SCOIN-SCALLOP_CIRCLE_USDC,0,0,0,0.9647214019359958,0,0.9647214019359958,1
2026-06-30,bucket,BKT-SCOIN-SCALLOP_SUI_BRIDGE_USDT,0,0,0,0.3027131871304056,0,0.3027131871304056,1
2026-06-30,bucket,BKT-SCOIN-SCALLOP_USDC,0,0,0,0.5510862204814996,0,0.5510862204814996,1
2026-06-30,bucket,BKT-SCOIN-SCALLOP_USDT,0,0,0,0.1962956685887897,0,0.1962956685887897,1
2026-06-30,bucket,PSM-BUCK,0,0,0,2358612.692413932,2365604.592936,2358612.692413932,0.9970443494475167
2026-06-30,bucket,PSM-USDC,0,0,0,8864.2318669981,8867.618688,8864.2318669981,0.9996180687148305
2026-06-30,bucket,PSM-USDSUI,0,0,0,394322.3354387613,394305.158063,394322.3354387613,1.000043563659795
2026-06-30,bucket,PSM-USDT,0,0,0,0,0,0,0.9991028834114085
2026-06-30,bucket,SAVING-USDB,3,0,0,7326781.083668,0,7326781.083668,1
2026-06-30,bucket,SUI,0,8,90.50917203666667,42139.99785541409,27152.751611,2847.248389,0.6918712704246
2026-06-30,bucket,V1-AF_LP,0,0,0,0,0,0,0
2026-06-30,bucket,V1-BTC,0,0,1.33063263277091e-9,676.370004638951,9e-9,676.3700046299509,59667.66746229593
2026-06-30,bucket,V1-CETUS,0,0,56.04133734335198,17.51946219421314,9.818140909,7.701321285213137,0.01751946219421314
2026-06-30,bucket,V1-COIN,0,0,0.06801198048910634,87.12860542193884,3e-9,87.12860541893885,0.9978835484809759
2026-06-30,bucket,V1-HAEDAL,0,0,100,24.21346794434756,50.493491719,0,0.01584906057598118
2026-06-30,bucket,V1-LBTC,0,0,40.82263466982526,1047.465653418666,427.603076987,619.8625764316658,59898.03295950394
2026-06-30,bucket,V1-LP_TOKEN,0,0,0,0,1487.982953506,0,0
2026-06-30,bucket,V1-MUSD,0,0,69.36440408279529,72.77562734301762,50.480380224,22.29524711901762,1.003005884926606
2026-06-30,bucket,V1-NAVX,0,0,100,50.24977100361807,52.870769635,0,0.007071117351809351
2026-06-30,bucket,V1-SCA,0,0,100,1122.029704378841,1865.037219788,0,0.00966982069044422
2026-06-30,bucket,V1-SCALLOP_DEEP,0,0,16.79433980042159,8081.183931885973,1357.181489418,6724.002442467973,0.02043570452388738
2026-06-30,bucket,V1-SCALLOP_SB_USDT,0,0,66.09140359256645,532.2207198722026,351.752143974,180.4685758982026,1.131985211012881
2026-06-30,bucket,V1-SCALLOP_SCA,0,0,100,117.3672002717403,161.471204678,0,0.01298754879131429
2026-06-30,bucket,V1-SCALLOP_SUI,0,0,61.62217859091626,74769.61325142255,46074.664609529,28694.94864189355,0.7658210125196186
2026-06-30,bucket,V1-SCALLOP_USDC,0,0,51.96856032352626,13348.10063299308,6936.815729502,6411.284903491082,1.130423785265333
2026-06-30,bucket,V1-SCALLOP_WORMHOLE_USDC,0,0,67.37874121866946,643.9852484625692,433.909154048,210.0760944145692,1.15991843198766
2026-06-30,bucket,V1-SCALLOP_WORMHOLE_USDT,0,0,52.632589428674,2096.20528601227,1103.287121769,992.9181642432704,1.173035858150875
2026-06-30,bucket,V1-STSUI,0,0,99.46402549373313,36.50449830053147,36.308843496,0.1956548045314719,0.7174100019203599
2026-06-30,bucket,V1-SUI,0,0,17.45352721279918,0,3017.794346294,0,0
2026-06-30,bucket,V1-TBTC,0,0,98.42650020611035,292.560260881981,287.95682578,4.603435101981006,59528.92527799491
2026-06-30,bucket,V1-TLP,0,0,0,0,12494.869472018,0,0
2026-06-30,bucket,V1-USDY,0,0,73.06007483592953,864.2238787544854,631.402612568,232.8212661864854,1.137629845109546
2026-06-30,bucket,V1-WAL,0,0,100,36057.68440658497,50584.022907858,0,0.03102579111928547
2026-06-30,bucket,V1-WETH,0,0,22.22188877227566,1409.45866407523,313.208336622,1096.25032745323,1594.925988313336
2026-06-30,bucket,V1-afSUI,0,0,59.12999555059506,5609.543422505161,3316.922776136,2292.620646369161,0.7422952341900119
2026-06-30,bucket,V1-haSUI,0,0,30.7476470502797,2946.262960110827,905.906536148,2040.356423962827,0.7459078146186953
2026-06-30,bucket,V1-sSUI,0,0,69.98465180949314,74.4849354739935,52.128022742,22.3569127319935,0.7212649892433158
2026-06-30,bucket,V1-vSUI,0,0,89.74413360113743,12017.11124611304,10784.652371709,1232.458874404043,0.7374369684041097
2026-06-30,bucket,V1PSM-AUSD,0,0,0,7.307956001,7.307956001,7.307956001,0.9996897934856245
2026-06-30,bucket,V1PSM-BLUEFIN_STABLE_LP,0,0,0,282087.505173162,282087.505173162,282087.505173162,1
2026-06-30,bucket,V1PSM-BUCKETUS,0,0,0,1937877.33561359,1937877.33561359,1937877.33561359,1
2026-06-30,bucket,V1PSM-CETABLE,0,0,0,0.238021,0.238021,0.238021,1
2026-06-30,bucket,V1PSM-COIN,0,0,0,1019.758977,1019.758977,1019.758977,0.9996180687148305
2026-06-30,bucket,V1PSM-FDUSD,0,0,0,0.070352,0.070352,0.070352,0.9965503965755911
2026-06-30,bucket,V1PSM-SCABLE,0,0,0,854.607426626,854.607426626,854.607426626,1
2026-06-30,bucket,V1PSM-STAPEARL,0,0,0,0.059598,0.059598,0.059598,1
2026-06-30,bucket,V1PSM-USDC,0,0,0,59526.082350565,59526.082350565,59526.082350565,0.9996180687148305
2026-06-30,bucket,V1PSM-USDT,0,0,0,0.057134295,0.057134295,0.057134295,0.9991028834114085
2026-06-30,bucket,WBTC,0,9,17.53123067944444,154596.2329015583,31556.215223,148443.784777,59648.44169126802
2026-06-30,bucket,XBTC,0,9,88.64085444166668,179314.6298903249,106369.02533,13630.97467,59765.2229252332
2026-06-30,bucket,afSUI,0,9,74.887620735,24667.71590573268,14977.524147,5022.475853,0.7422952341900119
2026-06-30,bucket,haSUI,0,9,81.49135047316666,4225352.79320674,1466844.308517,333155.6914830001,0.7459078146186953
2026-06-30,bucket,vSUI,0,9,3.744478272,178091.668471251,7488.956544,192511.043456,0.7374369684041097
2026-06-30,navi,AUSD,1.6283,5.548100000000001,41.945020022681,2426.84473066932,1017.940946703055,1408.903783966265,0.999665
2026-06-30,navi,BLUE,2.4539,14.5029,24.18678569020778,19108.07063024665,4621.634888327159,14486.43574191949,0.01096524
2026-06-30,navi,BUCK,0.2253,3.643600000000001,8.835370704289653,20392692.42548514,1801770.77260978,18590921.65287536,0.99868864
2026-06-30,navi,CETUS,0.5583,5.6483,14.12181444167645,151296.9193827345,21365.88406884811,129931.0353138864,0.01754897
2026-06-30,navi,DEEP,4.533833333333334,12.95073333333333,50.01200729287407,5403032.628301596,2702143.108916443,2700889.519385153,0.016092
2026-06-30,navi,FDUSD,0.1111,4.5808,3.234530208332191,24648.96677455116,797.2787489072795,23851.68802564388,0.996737
2026-06-30,navi,HAEDAL,0.0386,30.1463,0.182867588354953,59719.96529937846,109.2088997073607,59610.7563996711,0.01591
2026-06-30,navi,IKA,1.7032,33.6323,16.88830473945574,122303.0117443789,20654.98252887153,101648.0292155074,0.00168349
2026-06-30,navi,LBTC,0.005500000000000001,0.2975,3.718941967715349,2787845.952318207,103678.3770848685,2684167.575233338,59989.48668423
2026-06-30,navi,MBTC,0,0,0,18049588.04869595,0,18049588.04869595,60167.29322985
2026-06-30,navi,NAVX,0.0061,0.7818999999999999,0.9773387034858342,1729047.620647694,16898.65331309765,1712148.967334596,0.00707467
2026-06-30,navi,NS,0.5229,12.7368,6.842562920230415,211766.2966631978,14490.26508186335,197276.0315813345,0.011029
2026-06-30,navi,SOL,0.0801,6.423233333333333,1.782323434925276,47913.25761684489,853.9599185488237,47059.29769829607,74.41499999
2026-06-30,navi,SUI,1.8095,2.6849,84.24346509898577,20249860.91749117,17059194.28087462,3190666.636616542,0.6931384
2026-06-30,navi,USDC,5.5385,8.5819,80.67135671628837,25660556.871824,20700734.70441861,4959822.167405393,0.99965
2026-06-30,navi,USDSUI,2.435,4.2735,71.22421901983974,3854001.854557632,2744983.164344123,1109018.690213509,0.99965
2026-06-30,navi,USDY,0.0125,0.3165,5.275301315152229,2308488.231198187,121779.7148060638,2186708.516392123,1.13775
2026-06-30,navi,WAL,5.1555,13.2737,55.48623637690137,4037495.346293238,2240255.925823958,1797239.420469281,0.03120986
2026-06-30,navi,WBTC,0.05878,0.28486,38.75991402222368,28490.37660479966,864.7039561903118,27625.67264860935,60379.0750301
2026-06-30,navi,WETH,0.001,0.515,9.663864036445856,152189.7238561047,14707.40890590714,137482.3149501976,1619.27007108
2026-06-30,navi,XAUm,0.0063,8.0226,0.1129352481383317,1006002.372361467,1136.132492853224,1004866.239868614,4020.19999195
2026-06-30,navi,YBTC.B,0,0,0,3613.370338800126,0,3613.370338800126,60128.72750001
2026-06-30,navi,enzoBTC,0,0,0,26172772.55498475,0,26172772.55498475,60167.29322985
2026-06-30,navi,haSUI,0.0155,0.2814,8.450753250913362,16359938.7062545,1382538.099691127,14977400.60656338,0.6931384
2026-06-30,navi,stBTC,0.0002,0.2484,3.10523770604274,30402.40457729768,944.0669605662963,29458.33761673138,60167.29322985
2026-06-30,navi,stSUI,0.0284,0.6877,5.159264294550739,8855.592941595682,456.8834845520028,8398.709457043678,0.70154978
2026-06-30,navi,suiETH,0.1137,1.2313,15.39130181895378,1397436.274464636,215083.562078964,1182352.712385672,1595.4
2026-06-30,navi,suiUSDT,5.526700000000001,8.5762,80.55226399026088,4766677.716723233,3839667.674238084,927010.042485149,0.998525
2026-06-30,navi,suiUSDe,0.678,2.255,37.58310275237363,681008.2371006948,255944.073669022,425064.1634316727,0.99965
2026-06-30,navi,vSUI,0.0063,0.3603,2.703212707482691,11833611.03601424,319887.6821869749,11513723.35382726,0.6931384
2026-06-30,navi,wBTC,0.4986,1.223,81.53325904584678,7722321.751266511,6296260.787947448,1426060.963319063,60128.72750001
2026-06-30,navi,wUSDC,1.4583,19.5528,93.22668820767329,2172692.272122039,2025529.408929011,147162.8631930285,0.99965
2026-06-30,navi,wUSDT,1.4099,29.3349,96.12540254735201,1164253.435103744,1119143.471252049,45109.96385169505,0.998511
2026-06-30,navi,xBTC,0.1925,0.4146,66.34108580083533,9642656.015490478,6397042.817699033,3245613.197791445,60007.84094048
2026-06-30,scallop,CETUS,0.2031982034158109,22.3892900939906,1.674088940426687,63961.02265103917,1070.764406384855,62890.25824465432,0.01749252
2026-06-30,scallop,DEEP,4.378646973113764,26.21173456284891,26.29202975598896,125666.970162777,33040.39718864709,92626.57297412989,0.01606132
2026-06-30,scallop,SBETH,1.782305618424562,7.226447659546764,31.64707578866985,384798.6004139602,121777.5047067468,263021.0957072133,1592.20810626
2026-06-30,scallop,SCA,5.092888143550534,25.54481166350542,22.05081314356834,239151.533493564,52734.85778064405,186416.67571292,0.00968074
2026-06-30,scallop,SUI,2.51921424192203,7.861269919594704,41.09365223111264,3551834.266817818,1459578.421431604,2092255.845386214,0.69205648
2026-06-30,scallop,USDC,5.922959825234497,9.790400672308364,77.00378492425506,2452864.063677646,1888798.168078677,564065.895598969,0.99965015
2026-06-30,scallop,USDSUI,5.837100011685958,9.731783629903855,76.35513963078579,487067.0433982228,371900.721082253,115166.3223159698,0.99965015
2026-06-30,scallop,USDT,4.2464794286452,8.558619955892176,63.29995006642798,860610.4014090394,544765.9543584073,315844.4470506321,0.99854012
2026-06-30,scallop,USDY,2.0388119502188,6.500690691554301,40.05531389035213,504719.226869892,202166.8705876938,302552.3562821983,1.1378724
2026-06-30,scallop,WBTC,0,5.126749587580526,0,116.4285320231218,0,116.4285320231218,59647.29220683
2026-06-30,scallop,WETH,0.5753425185026417,5.945559402165657,12.41561382544516,8019.756604856646,995.702009799633,7024.054595057013,1592.20810626
2026-06-30,scallop,afSUI,0.1384241034779299,5.345109896352263,3.320402873721926,106171.5914380984,3525.324573186921,102646.2668649115,0.69205648
2026-06-30,scallop,haSUI,0.28823957580415,5.564125877690018,6.643887258254804,57582.96914533357,3825.747549971612,53757.22159536195,0.69205648
2026-06-30,scallop,vSUI,0.9403977574136357,6.377321504329392,18.92394457995733,22592.8192744992,4275.452598556147,18317.36667594306,0.69205648
2026-06-30,scallop,wUSDC,1.461128568478887,5.924680434870777,31.50016138075504,168557.3827710587,53095.84759206048,115461.5351789982,0.99965015
2026-06-30,scallop,wUSDT,1.054611855874965,5.342102607873267,25.19623539439566,73744.30367070426,18580.7883428286,55163.51532787566,0.99854012
2026-06-30,suilend,AUSD,0.04050527684528885,4.092782112505883,1.237094833411763,1663579.640613128,20580.05778371497,1642999.582829413,0.99967128
2026-06-30,suilend,BTC,0.06698169799124784,0.5787127871027555,14.46781967756889,1985656.798499478,287281.245022292,1698375.553477187,59765.11996084001
2026-06-30,suilend,COIN,1.969411212526989,8.937913452301787,29.37913452301787,553757.4491613238,162689.1459203376,391068.3032409862,74.34471678
2026-06-30,suilend,DEEP,0.2717146216232207,27.14495004349296,1.429966695661973,5554810.939188248,79431.94643738,5475378.992750867,0.01611534
2026-06-30,suilend,ETH,0.04893449026098499,1.134760019271518,5.390400770860726,3519797.528463379,189731.1931070268,3330066.335356352,1594.03
2026-06-30,suilend,LBTC,0,3,0,4045991.094933291,0,4045991.094933291,59765.11996084001
2026-06-30,suilend,SEND,0.001217145057511536,50.00129825435206,0.003245635880145965,518019.3528283096,16.81302198149554,518002.5398063281,0.05232179
2026-06-30,suilend,SUI,1.004623304567465,2.397035674034154,52.38883777628078,39109175.36601625,20488842.43814342,18620332.92787283,0.69298107
2026-06-30,suilend,USDC,3.752990306521503,6.374131391433297,73.59807313443221,29999345.54394592,22078940.27328435,7920405.270661575,0.99965009
2026-06-30,suilend,USDSUI,1.321174964512437,4.851082560028973,34.04330240115894,8902173.720285231,3030593.919873202,5871579.800412029,0.99967128
2026-06-30,suilend,USDT,3.384922719518504,6.711529395506637,63.04305844552931,2420875.264736366,1526193.80804111,894681.4566952565,0.998517
2026-06-30,suilend,WAL,0.368178293843235,21.00176166112432,2.504404152810789,1420769.176723829,35581.80226372722,1385187.374460102,0.03104221
2026-06-30,suilend,WBTC,0.126065512768337,0.7939317123290169,19.84829280822542,3614192.848175934,717355.5791599014,2896837.269016032,59765.11996084001
2026-06-30,suilend,WETH,13.45808526713364,271.8470707302053,99.01217792035808,888.7268977306479,879.947857207148,8.779040523499999,1594.03
2026-06-30,suilend,XBTC,0.2130305235290201,1.065909373330948,26.6477343332737,4418729.738794542,1177491.361699329,3241238.377095215,59765.11996084001
2026-06-30,suilend,sSUI,0,0,0,44356116.26307427,0,44356116.26307427,0.7245130082397043
2026-06-30,suilend,wUSDC,6.244207400644657,12.85635039129801,60.71131396736755,39467.34496807565,23961.14371815244,15506.2012499232,0.99965009
2026-06-30,suilend,wUSDT,0.3103670952142818,8.681331898513863,35.75109198018485,20674.12476452641,7391.225360664011,13282.8994038624,0.998517
